date,station,lat,lon,pm25,temp,humidity,wind,rain,traffic_index,industrial_index
2022-01-01,Shivajinagar,18.5308,73.8475,91.2,22.5,25.8,2.7,0.0,76.3,21.7
2022-01-02,Shivajinagar,18.5308,73.8475,88.7,20.2,42.1,3.0,0.0,77.4,25.7
2022-01-03,Shivajinagar,18.5308,73.8475,113.4,22.4,33.9,6.1,0.0,86.8,32.8
2022-01-04,Shivajinagar,18.5308,73.8475,113.9,19.6,34.6,6.5,0.0,90.2,27.9
2022-01-05,Shivajinagar,18.5308,73.8475,108.7,22.7,28.8,2.8,0.0,92.1,30.5
2022-01-06,Shivajinagar,18.5308,73.8475,115.8,21.0,35.8,6.1,0.0,95.4,30.0
2022-01-07,Shivajinagar,18.5308,73.8475,100.0,20.4,30.2,3.7,0.0,83.7,25.9
2022-01-08,Shivajinagar,18.5308,73.8475,90.3,21.5,30.7,4.8,0.0,62.0,23.5
2022-01-09,Shivajinagar,18.5308,73.8475,98.3,22.2,35.1,7.6,0.0,72.4,20.2
2022-01-10,Shivajinagar,18.5308,73.8475,113.0,21.3,23.9,6.3,0.0,82.8,26.9
2022-01-11,Shivajinagar,18.5308,73.8475,108.5,22.7,40.0,6.3,0.0,90.3,25.8
2022-01-12,Shivajinagar,18.5308,73.8475,45.4,21.5,47.9,8.5,6.7,90.0,26.4
2022-01-13,Shivajinagar,18.5308,73.8475,92.5,23.0,38.4,3.3,0.0,94.6,25.5
2022-01-14,Shivajinagar,18.5308,73.8475,88.7,22.9,26.6,2.7,0.0,91.8,26.7
2022-01-15,Shivajinagar,18.5308,73.8475,84.6,22.4,27.4,3.3,0.0,68.2,24.7
2022-01-16,Shivajinagar,18.5308,73.8475,87.8,22.1,26.2,4.2,0.0,74.2,23.1
2022-01-17,Shivajinagar,18.5308,73.8475,93.2,22.9,33.3,1.2,0.0,93.9,22.7
2022-01-18,Shivajinagar,18.5308,73.8475,102.7,23.5,32.3,4.3,0.0,89.3,25.5
2022-01-19,Shivajinagar,18.5308,73.8475,103.1,25.5,29.7,3.6,0.0,92.7,23.6
2022-01-20,Shivajinagar,18.5308,73.8475,116.4,24.2,27.0,6.3,0.0,94.4,28.0
2022-01-21,Shivajinagar,18.5308,73.8475,118.6,24.4,25.7,5.4,0.0,101.1,28.7
2022-01-22,Shivajinagar,18.5308,73.8475,82.1,27.1,31.9,3.5,0.0,73.9,24.0
2022-01-23,Shivajinagar,18.5308,73.8475,92.1,24.1,29.8,5.9,0.0,76.1,21.4
2022-01-24,Shivajinagar,18.5308,73.8475,107.9,24.2,28.8,6.2,0.0,89.4,28.0
2022-01-25,Shivajinagar,18.5308,73.8475,105.6,24.6,40.0,3.2,0.0,89.9,26.2
2022-01-26,Shivajinagar,18.5308,73.8475,114.2,22.7,31.9,3.8,0.0,91.3,24.6
2022-01-27,Shivajinagar,18.5308,73.8475,98.2,23.5,38.7,1.2,0.0,91.8,29.3
2022-01-28,Shivajinagar,18.5308,73.8475,98.8,23.5,29.7,2.6,0.0,87.5,29.4
2022-01-29,Shivajinagar,18.5308,73.8475,85.6,25.0,33.7,3.3,0.0,76.3,25.8
2022-01-30,Shivajinagar,18.5308,73.8475,97.3,24.2,32.2,5.0,0.0,74.4,21.9
2022-01-31,Shivajinagar,18.5308,73.8475,109.4,24.7,24.1,3.0,0.0,91.0,30.3
2022-02-01,Shivajinagar,18.5308,73.8475,34.8,25.9,54.8,3.8,15.1,88.2,26.2
2022-02-02,Shivajinagar,18.5308,73.8475,105.1,25.8,32.0,2.4,0.0,93.6,29.0
2022-02-03,Shivajinagar,18.5308,73.8475,115.3,24.7,36.5,5.3,0.0,96.1,26.1
2022-02-04,Shivajinagar,18.5308,73.8475,75.6,24.2,44.1,5.8,3.0,84.3,26.8
2022-02-05,Shivajinagar,18.5308,73.8475,103.1,26.5,32.1,5.8,0.0,69.3,17.3
2022-02-06,Shivajinagar,18.5308,73.8475,101.7,26.2,28.7,5.0,0.0,69.7,22.6
2022-02-07,Shivajinagar,18.5308,73.8475,102.1,23.5,39.3,1.9,0.0,95.6,27.6
2022-02-08,Shivajinagar,18.5308,73.8475,104.7,25.2,34.8,3.8,0.0,89.4,26.4
2022-02-09,Shivajinagar,18.5308,73.8475,103.9,25.9,35.2,4.3,0.0,80.0,31.8
2022-02-10,Shivajinagar,18.5308,73.8475,99.4,26.7,40.2,4.3,0.0,87.1,24.5
2022-02-11,Shivajinagar,18.5308,73.8475,101.4,27.0,39.3,5.3,0.0,92.2,26.0
2022-02-12,Shivajinagar,18.5308,73.8475,98.8,26.4,37.5,8.0,0.0,70.3,21.1
2022-02-13,Shivajinagar,18.5308,73.8475,109.8,26.9,26.7,6.8,0.0,78.4,22.0
2022-02-14,Shivajinagar,18.5308,73.8475,103.6,26.4,30.4,3.3,0.0,95.4,30.0
2022-02-15,Shivajinagar,18.5308,73.8475,107.9,25.6,29.0,6.6,0.0,92.9,31.1
2022-02-16,Shivajinagar,18.5308,73.8475,103.1,26.2,37.8,6.6,0.0,92.3,25.6
2022-02-17,Shivajinagar,18.5308,73.8475,102.0,26.7,35.1,3.7,0.0,98.0,25.6
2022-02-18,Shivajinagar,18.5308,73.8475,102.6,26.8,27.4,7.1,0.0,89.5,24.5
2022-02-19,Shivajinagar,18.5308,73.8475,95.2,24.7,33.6,5.1,0.0,69.3,26.7
2022-02-20,Shivajinagar,18.5308,73.8475,86.1,26.6,27.2,2.6,0.0,64.6,26.2
2022-02-21,Shivajinagar,18.5308,73.8475,109.6,27.3,34.5,6.4,0.0,99.6,27.1
2022-02-22,Shivajinagar,18.5308,73.8475,112.5,27.0,26.7,6.0,0.0,94.5,23.9
2022-02-23,Shivajinagar,18.5308,73.8475,97.8,27.2,37.7,5.1,0.0,89.0,24.1
2022-02-24,Shivajinagar,18.5308,73.8475,98.3,28.2,37.1,5.5,0.0,91.9,27.8
2022-02-25,Shivajinagar,18.5308,73.8475,88.7,26.4,44.9,4.2,0.0,95.0,28.8
2022-02-26,Shivajinagar,18.5308,73.8475,26.1,25.9,54.7,6.9,9.8,63.8,18.2
2022-02-27,Shivajinagar,18.5308,73.8475,72.9,27.5,33.5,5.6,0.0,67.3,22.6
2022-02-28,Shivajinagar,18.5308,73.8475,90.9,29.0,39.9,6.1,0.0,89.2,31.4
2022-03-01,Shivajinagar,18.5308,73.8475,97.8,30.2,29.0,6.5,0.0,94.2,26.9
2022-03-02,Shivajinagar,18.5308,73.8475,89.1,29.2,31.3,3.5,0.0,90.7,31.1
2022-03-03,Shivajinagar,18.5308,73.8475,87.1,26.7,37.9,4.1,0.0,90.2,29.0
2022-03-04,Shivajinagar,18.5308,73.8475,82.9,28.3,25.6,1.5,0.0,85.8,24.7
2022-03-05,Shivajinagar,18.5308,73.8475,77.8,29.0,36.4,7.1,0.0,70.4,22.7
2022-03-06,Shivajinagar,18.5308,73.8475,73.7,29.0,31.6,3.6,0.0,69.1,23.1
2022-03-07,Shivajinagar,18.5308,73.8475,90.4,29.5,37.4,6.3,0.0,90.9,25.0
2022-03-08,Shivajinagar,18.5308,73.8475,84.4,27.9,31.7,6.9,0.0,93.5,25.0
2022-03-09,Shivajinagar,18.5308,73.8475,90.5,29.2,39.3,7.4,0.0,96.2,31.2
2022-03-10,Shivajinagar,18.5308,73.8475,76.4,29.7,37.5,3.8,0.0,96.0,25.0
2022-03-11,Shivajinagar,18.5308,73.8475,80.8,30.3,44.5,6.1,0.0,95.3,30.1
2022-03-12,Shivajinagar,18.5308,73.8475,70.0,28.5,37.7,9.6,0.0,68.8,22.3
2022-03-13,Shivajinagar,18.5308,73.8475,80.4,29.1,34.0,9.8,0.0,67.2,23.3
2022-03-14,Shivajinagar,18.5308,73.8475,80.8,26.4,36.8,8.4,0.0,87.3,28.8
2022-03-15,Shivajinagar,18.5308,73.8475,74.8,29.0,31.5,7.1,0.0,89.5,25.9
2022-03-16,Shivajinagar,18.5308,73.8475,75.0,29.3,40.4,4.5,0.0,92.6,28.8
2022-03-17,Shivajinagar,18.5308,73.8475,74.4,28.8,41.5,8.0,0.0,88.6,22.3
2022-03-18,Shivajinagar,18.5308,73.8475,68.4,30.3,51.0,6.2,0.0,93.0,28.5
2022-03-19,Shivajinagar,18.5308,73.8475,65.9,30.1,35.7,7.7,0.0,65.2,17.2
2022-03-20,Shivajinagar,18.5308,73.8475,54.5,27.6,37.6,5.4,0.0,61.7,22.8
2022-03-21,Shivajinagar,18.5308,73.8475,70.7,30.6,36.3,6.3,0.0,96.6,29.5
2022-03-22,Shivajinagar,18.5308,73.8475,68.7,29.4,40.4,7.1,0.0,90.1,29.0
2022-03-23,Shivajinagar,18.5308,73.8475,73.3,31.2,41.4,7.3,0.0,88.3,24.2
2022-03-24,Shivajinagar,18.5308,73.8475,80.1,29.1,39.3,7.8,0.0,87.0,24.5
2022-03-25,Shivajinagar,18.5308,73.8475,82.7,30.8,45.2,5.7,0.0,94.6,25.7
2022-03-26,Shivajinagar,18.5308,73.8475,71.5,30.5,36.8,4.2,0.0,76.9,23.9
2022-03-27,Shivajinagar,18.5308,73.8475,18.8,31.3,60.0,10.2,6.6,64.7,18.3
2022-03-28,Shivajinagar,18.5308,73.8475,72.4,31.2,42.9,12.0,0.0,91.4,27.4
2022-03-29,Shivajinagar,18.5308,73.8475,81.7,30.8,40.3,7.9,0.0,97.9,28.2
2022-03-30,Shivajinagar,18.5308,73.8475,76.9,29.4,38.9,4.4,0.0,83.4,26.7
2022-03-31,Shivajinagar,18.5308,73.8475,80.7,29.5,52.8,5.6,0.0,102.3,28.7
2022-04-01,Shivajinagar,18.5308,73.8475,78.0,30.7,36.7,8.2,0.0,104.7,28.0
2022-04-02,Shivajinagar,18.5308,73.8475,57.1,31.4,42.4,9.9,0.0,56.5,22.0
2022-04-03,Shivajinagar,18.5308,73.8475,67.0,30.8,37.3,4.8,0.0,69.5,18.6
2022-04-04,Shivajinagar,18.5308,73.8475,65.4,32.4,50.1,7.0,0.0,88.9,27.7
2022-04-05,Shivajinagar,18.5308,73.8475,62.0,31.3,45.7,7.7,0.0,91.2,25.0
2022-04-06,Shivajinagar,18.5308,73.8475,71.1,30.6,38.0,9.0,0.0,90.4,26.0
2022-04-07,Shivajinagar,18.5308,73.8475,68.5,31.5,44.1,6.7,0.0,96.6,28.6
2022-04-08,Shivajinagar,18.5308,73.8475,61.3,32.2,42.9,4.2,0.0,91.9,30.9
2022-04-09,Shivajinagar,18.5308,73.8475,63.3,32.3,39.1,8.6,0.0,65.4,23.3
2022-04-10,Shivajinagar,18.5308,73.8475,63.8,34.3,45.6,9.7,0.0,69.1,24.8
2022-04-11,Shivajinagar,18.5308,73.8475,68.0,31.3,43.9,7.3,0.0,95.1,23.8
2022-04-12,Shivajinagar,18.5308,73.8475,61.1,32.1,43.1,8.3,0.0,86.6,28.0
2022-04-13,Shivajinagar,18.5308,73.8475,70.4,32.7,41.9,6.5,0.0,84.3,27.3
2022-04-14,Shivajinagar,18.5308,73.8475,73.6,32.2,44.3,5.8,0.0,102.5,30.5
2022-04-15,Shivajinagar,18.5308,73.8475,74.2,31.7,43.4,9.6,0.0,89.3,26.0
2022-04-16,Shivajinagar,18.5308,73.8475,67.9,30.5,42.6,8.3,0.0,69.3,22.8
2022-04-17,Shivajinagar,18.5308,73.8475,63.4,31.8,39.1,8.5,0.0,68.0,26.0
2022-04-18,Shivajinagar,18.5308,73.8475,64.7,31.2,50.8,10.5,0.0,95.2,27.2
2022-04-19,Shivajinagar,18.5308,73.8475,75.3,30.4,37.2,5.4,0.0,101.4,24.6
2022-04-20,Shivajinagar,18.5308,73.8475,78.5,31.6,44.6,6.4,0.0,95.4,33.8
2022-04-21,Shivajinagar,18.5308,73.8475,62.0,31.3,40.9,7.9,0.0,84.9,24.7
2022-04-22,Shivajinagar,18.5308,73.8475,62.9,33.3,51.3,6.4,0.0,85.6,27.2
2022-04-23,Shivajinagar,18.5308,73.8475,60.2,33.4,38.1,9.1,0.0,68.0,24.3
2022-04-24,Shivajinagar,18.5308,73.8475,54.2,31.6,38.9,7.2,0.0,68.7,24.1
2022-04-25,Shivajinagar,18.5308,73.8475,61.8,32.4,37.8,5.6,0.0,83.9,26.9
2022-04-26,Shivajinagar,18.5308,73.8475,59.8,30.6,44.3,7.7,0.0,96.6,26.9
2022-04-27,Shivajinagar,18.5308,73.8475,59.8,32.2,35.9,7.9,0.0,87.1,26.8
2022-04-28,Shivajinagar,18.5308,73.8475,61.1,33.3,40.5,9.5,0.0,100.0,24.6
2022-04-29,Shivajinagar,18.5308,73.8475,66.3,33.9,32.2,8.4,0.0,101.6,32.8
2022-04-30,Shivajinagar,18.5308,73.8475,26.6,32.0,59.2,8.5,3.8,66.9,22.9
2022-05-01,Shivajinagar,18.5308,73.8475,8.0,34.2,55.6,8.3,34.1,55.2,24.9
2022-05-02,Shivajinagar,18.5308,73.8475,67.8,31.1,35.7,7.3,0.0,86.3,26.6
2022-05-03,Shivajinagar,18.5308,73.8475,68.4,31.4,48.7,6.2,0.0,95.6,26.5
2022-05-04,Shivajinagar,18.5308,73.8475,14.8,33.8,51.8,8.2,32.7,73.6,26.3
2022-05-05,Shivajinagar,18.5308,73.8475,67.3,35.0,47.5,7.0,0.0,87.1,23.5
2022-05-06,Shivajinagar,18.5308,73.8475,67.4,33.6,40.1,11.1,0.0,91.1,27.0
2022-05-07,Shivajinagar,18.5308,73.8475,63.2,32.9,51.7,10.4,0.0,67.7,22.4
2022-05-08,Shivajinagar,18.5308,73.8475,59.5,30.4,47.6,9.0,0.0,68.4,26.3
2022-05-09,Shivajinagar,18.5308,73.8475,68.1,30.6,38.9,8.5,0.0,97.2,24.4
2022-05-10,Shivajinagar,18.5308,73.8475,23.1,33.2,54.5,7.6,12.6,82.3,26.0
2022-05-11,Shivajinagar,18.5308,73.8475,62.3,32.6,47.3,5.2,0.0,101.2,25.2
2022-05-12,Shivajinagar,18.5308,73.8475,64.7,31.7,43.1,7.3,0.0,85.9,31.0
2022-05-13,Shivajinagar,18.5308,73.8475,69.9,33.1,43.7,8.0,0.0,100.6,25.2
2022-05-14,Shivajinagar,18.5308,73.8475,61.4,33.1,51.1,8.3,0.0,64.9,24.8
2022-05-15,Shivajinagar,18.5308,73.8475,67.0,34.1,41.2,8.8,0.0,70.0,25.8
2022-05-16,Shivajinagar,18.5308,73.8475,74.3,33.1,45.6,9.7,0.0,90.0,27.0
2022-05-17,Shivajinagar,18.5308,73.8475,67.3,34.4,50.1,6.5,0.0,90.8,24.0
2022-05-18,Shivajinagar,18.5308,73.8475,62.7,32.9,49.6,6.5,0.0,96.5,24.0
2022-05-19,Shivajinagar,18.5308,73.8475,75.4,32.8,45.0,10.8,0.0,100.0,29.5
2022-05-20,Shivajinagar,18.5308,73.8475,63.4,34.2,44.6,9.5,0.0,98.5,24.2
2022-05-21,Shivajinagar,18.5308,73.8475,49.5,31.7,37.6,7.2,0.0,68.0,24.4
2022-05-22,Shivajinagar,18.5308,73.8475,54.6,36.2,41.3,7.8,0.0,70.9,23.7
2022-05-23,Shivajinagar,18.5308,73.8475,66.9,33.3,48.4,7.8,0.0,88.6,28.3
2022-05-24,Shivajinagar,18.5308,73.8475,65.4,33.2,46.4,8.1,0.0,87.5,28.6
2022-05-25,Shivajinagar,18.5308,73.8475,66.6,33.4,47.8,9.1,0.0,86.8,25.1
2022-05-26,Shivajinagar,18.5308,73.8475,52.6,35.0,52.9,13.2,0.0,90.3,25.0
2022-05-27,Shivajinagar,18.5308,73.8475,58.1,33.6,42.1,8.6,0.0,93.7,29.2
2022-05-28,Shivajinagar,18.5308,73.8475,39.1,30.7,47.2,9.5,0.0,60.4,21.8
2022-05-29,Shivajinagar,18.5308,73.8475,46.3,34.3,49.7,4.9,0.0,69.8,16.5
2022-05-30,Shivajinagar,18.5308,73.8475,53.9,32.2,45.6,7.3,0.0,100.1,29.0
2022-05-31,Shivajinagar,18.5308,73.8475,46.0,32.6,56.7,10.8,0.0,98.1,24.8
2022-06-01,Shivajinagar,18.5308,73.8475,34.0,30.9,69.5,9.2,1.7,88.7,28.6
2022-06-02,Shivajinagar,18.5308,73.8475,57.4,33.1,51.8,1.2,0.0,85.5,30.9
2022-06-03,Shivajinagar,18.5308,73.8475,56.1,31.6,59.7,9.8,0.0,94.8,27.4
2022-06-04,Shivajinagar,18.5308,73.8475,18.9,32.4,58.7,12.4,8.9,54.0,25.9
2022-06-05,Shivajinagar,18.5308,73.8475,55.4,31.9,51.6,4.6,0.0,75.6,23.8
2022-06-06,Shivajinagar,18.5308,73.8475,16.3,34.5,69.0,11.7,13.9,84.5,31.4
2022-06-07,Shivajinagar,18.5308,73.8475,8.5,34.5,63.0,3.2,19.9,91.7,24.7
2022-06-08,Shivajinagar,18.5308,73.8475,52.4,32.1,54.6,10.6,0.0,83.9,27.4
2022-06-09,Shivajinagar,18.5308,73.8475,16.5,32.1,63.1,8.8,16.2,89.0,29.1
2022-06-10,Shivajinagar,18.5308,73.8475,60.1,31.5,57.6,4.2,0.0,92.0,26.9
2022-06-11,Shivajinagar,18.5308,73.8475,50.8,33.2,60.0,9.8,0.0,68.3,26.3
2022-06-12,Shivajinagar,18.5308,73.8475,8.0,31.4,71.6,11.3,15.8,55.3,22.3
2022-06-13,Shivajinagar,18.5308,73.8475,58.3,31.2,46.6,9.8,0.0,95.5,32.6
2022-06-14,Shivajinagar,18.5308,73.8475,55.7,32.9,51.6,10.3,0.0,95.9,32.7
2022-06-15,Shivajinagar,18.5308,73.8475,52.1,31.0,59.8,8.4,0.0,101.4,28.1
2022-06-16,Shivajinagar,18.5308,73.8475,51.5,31.5,57.7,5.5,0.0,97.5,28.8
2022-06-17,Shivajinagar,18.5308,73.8475,48.4,29.6,44.8,10.7,0.0,89.5,30.4
2022-06-18,Shivajinagar,18.5308,73.8475,39.5,32.2,65.1,12.9,0.0,65.0,20.4
2022-06-19,Shivajinagar,18.5308,73.8475,15.3,33.6,75.2,11.7,4.0,61.2,20.1
2022-06-20,Shivajinagar,18.5308,73.8475,45.3,32.1,56.1,5.6,0.0,99.9,30.5
2022-06-21,Shivajinagar,18.5308,73.8475,40.8,32.9,65.8,6.6,0.0,88.6,28.1
2022-06-22,Shivajinagar,18.5308,73.8475,53.5,30.0,58.1,8.0,0.0,99.9,26.8
2022-06-23,Shivajinagar,18.5308,73.8475,56.0,31.2,58.7,6.6,0.0,95.1,27.4
2022-06-24,Shivajinagar,18.5308,73.8475,41.0,29.7,64.6,9.9,0.0,94.1,21.4
2022-06-25,Shivajinagar,18.5308,73.8475,40.0,30.5,72.4,10.7,0.0,68.5,22.9
2022-06-26,Shivajinagar,18.5308,73.8475,47.2,31.6,72.3,7.1,0.0,73.3,21.5
2022-06-27,Shivajinagar,18.5308,73.8475,10.0,30.7,81.7,11.6,16.4,84.2,29.7
2022-06-28,Shivajinagar,18.5308,73.8475,8.0,28.8,82.9,11.4,16.1,82.6,29.9
2022-06-29,Shivajinagar,18.5308,73.8475,35.3,28.8,70.2,9.1,0.0,96.0,28.8
2022-06-30,Shivajinagar,18.5308,73.8475,43.2,28.6,60.7,10.0,0.0,91.8,28.4
2022-07-01,Shivajinagar,18.5308,73.8475,48.6,30.8,70.9,6.5,0.0,88.5,23.7
2022-07-02,Shivajinagar,18.5308,73.8475,12.4,32.6,79.7,9.8,12.2,66.9,24.9
2022-07-03,Shivajinagar,18.5308,73.8475,28.6,31.6,85.6,10.6,3.8,67.8,25.0
2022-07-04,Shivajinagar,18.5308,73.8475,34.0,27.6,68.6,11.0,0.0,94.9,30.5
2022-07-05,Shivajinagar,18.5308,73.8475,31.7,31.5,72.9,11.5,0.0,90.2,32.7
2022-07-06,Shivajinagar,18.5308,73.8475,29.6,30.8,71.6,11.3,0.0,86.5,23.2
2022-07-07,Shivajinagar,18.5308,73.8475,43.5,27.7,56.3,10.3,0.0,101.2,26.4
2022-07-08,Shivajinagar,18.5308,73.8475,42.8,29.1,73.2,11.5,0.0,100.2,25.5
2022-07-09,Shivajinagar,18.5308,73.8475,37.1,30.7,76.2,13.0,0.0,74.4,23.8
2022-07-10,Shivajinagar,18.5308,73.8475,28.3,29.9,75.8,10.9,0.0,68.1,23.4
2022-07-11,Shivajinagar,18.5308,73.8475,20.0,27.5,88.7,11.8,6.5,87.7,26.8
2022-07-12,Shivajinagar,18.5308,73.8475,37.4,29.7,83.0,10.8,0.0,99.4,30.0
2022-07-13,Shivajinagar,18.5308,73.8475,17.5,26.3,92.0,10.0,3.1,89.2,24.6
2022-07-14,Shivajinagar,18.5308,73.8475,8.0,28.5,93.2,12.4,4.9,86.9,24.8
2022-07-15,Shivajinagar,18.5308,73.8475,8.0,30.0,96.7,10.3,13.4,95.2,24.8
2022-07-16,Shivajinagar,18.5308,73.8475,22.5,28.6,78.9,12.2,0.0,69.8,22.5
2022-07-17,Shivajinagar,18.5308,73.8475,20.4,27.8,73.1,11.6,0.0,78.8,20.3
2022-07-18,Shivajinagar,18.5308,73.8475,8.0,29.4,80.8,10.9,10.3,80.4,27.3
2022-07-19,Shivajinagar,18.5308,73.8475,9.8,29.4,91.1,10.9,11.0,89.6,27.0
2022-07-20,Shivajinagar,18.5308,73.8475,17.0,29.6,97.7,10.6,5.3,100.2,25.4
2022-07-21,Shivajinagar,18.5308,73.8475,24.5,29.0,77.6,8.4,0.0,92.6,29.6
2022-07-22,Shivajinagar,18.5308,73.8475,29.4,29.1,83.7,12.5,0.0,91.2,27.3
2022-07-23,Shivajinagar,18.5308,73.8475,17.5,28.6,95.8,12.2,7.6,60.3,26.1
2022-07-24,Shivajinagar,18.5308,73.8475,8.3,27.9,98.0,13.5,16.2,67.3,22.9
2022-07-25,Shivajinagar,18.5308,73.8475,19.6,27.6,94.2,10.8,3.0,87.2,27.3
2022-07-26,Shivajinagar,18.5308,73.8475,19.0,27.0,83.3,15.7,0.7,91.7,26.0
2022-07-27,Shivajinagar,18.5308,73.8475,21.8,25.7,83.7,11.2,0.0,86.3,27.4
2022-07-28,Shivajinagar,18.5308,73.8475,27.2,25.9,88.9,10.2,0.0,100.3,29.2
2022-07-29,Shivajinagar,18.5308,73.8475,8.0,26.6,88.1,10.0,21.7,87.4,26.4
2022-07-30,Shivajinagar,18.5308,73.8475,11.4,27.1,94.4,8.5,5.0,67.3,24.7
2022-07-31,Shivajinagar,18.5308,73.8475,8.0,28.4,98.0,15.0,8.7,59.9,21.4
2022-08-01,Shivajinagar,18.5308,73.8475,8.0,26.5,98.0,14.7,10.0,95.2,29.3
2022-08-02,Shivajinagar,18.5308,73.8475,14.4,27.6,98.0,13.2,5.8,87.8,26.0
2022-08-03,Shivajinagar,18.5308,73.8475,18.2,27.6,95.5,10.2,4.5,84.7,29.5
2022-08-04,Shivajinagar,18.5308,73.8475,21.6,25.9,85.8,15.6,0.0,83.7,27.6
2022-08-05,Shivajinagar,18.5308,73.8475,10.8,26.8,98.0,11.3,2.7,87.9,31.2
2022-08-06,Shivajinagar,18.5308,73.8475,8.0,25.6,95.1,11.4,3.9,60.8,20.5
2022-08-07,Shivajinagar,18.5308,73.8475,8.0,27.4,98.0,14.8,8.5,62.7,19.7
2022-08-08,Shivajinagar,18.5308,73.8475,8.0,26.4,98.0,13.3,17.2,87.6,25.9
2022-08-09,Shivajinagar,18.5308,73.8475,9.4,24.1,90.9,16.3,0.0,90.6,23.9
2022-08-10,Shivajinagar,18.5308,73.8475,9.3,25.6,98.0,12.4,5.5,91.5,23.9
2022-08-11,Shivajinagar,18.5308,73.8475,25.3,27.3,81.2,11.1,0.0,88.9,29.0
2022-08-12,Shivajinagar,18.5308,73.8475,33.0,24.9,80.4,10.6,0.0,92.8,27.4
2022-08-13,Shivajinagar,18.5308,73.8475,14.9,25.6,98.0,8.1,7.2,76.0,22.2
2022-08-14,Shivajinagar,18.5308,73.8475,8.0,25.5,94.5,11.2,18.7,58.9,22.4
2022-08-15,Shivajinagar,18.5308,73.8475,14.1,23.5,80.7,14.0,0.0,94.4,25.9
2022-08-16,Shivajinagar,18.5308,73.8475,8.0,25.2,89.0,12.9,8.5,80.4,31.5
2022-08-17,Shivajinagar,18.5308,73.8475,8.0,22.8,98.0,11.7,30.0,85.1,25.6
2022-08-18,Shivajinagar,18.5308,73.8475,16.8,23.6,72.8,9.6,0.0,90.1,24.1
2022-08-19,Shivajinagar,18.5308,73.8475,19.3,25.5,75.9,12.0,0.0,97.8,29.4
2022-08-20,Shivajinagar,18.5308,73.8475,8.0,24.5,93.0,13.5,11.8,63.5,22.9
2022-08-21,Shivajinagar,18.5308,73.8475,9.0,23.6,98.0,12.3,11.6,67.2,28.5
2022-08-22,Shivajinagar,18.5308,73.8475,26.2,24.4,89.4,11.7,2.1,94.8,26.1
2022-08-23,Shivajinagar,18.5308,73.8475,28.8,23.7,72.6,9.7,0.0,90.2,29.5
2022-08-24,Shivajinagar,18.5308,73.8475,8.0,23.6,87.7,13.0,7.5,94.2,30.1
2022-08-25,Shivajinagar,18.5308,73.8475,8.6,24.3,98.0,4.9,19.1,79.1,26.1
2022-08-26,Shivajinagar,18.5308,73.8475,36.5,22.5,60.2,11.9,0.0,96.4,25.5
2022-08-27,Shivajinagar,18.5308,73.8475,26.5,23.3,68.6,16.2,0.0,68.0,25.3
2022-08-28,Shivajinagar,18.5308,73.8475,26.0,22.7,86.6,8.0,0.0,71.7,24.8
2022-08-29,Shivajinagar,18.5308,73.8475,8.0,21.1,90.3,10.4,18.7,80.9,23.9
2022-08-30,Shivajinagar,18.5308,73.8475,8.2,21.8,81.2,10.8,9.4,88.1,24.6
2022-08-31,Shivajinagar,18.5308,73.8475,36.9,24.6,70.8,9.8,0.0,87.1,21.1
2022-09-01,Shivajinagar,18.5308,73.8475,48.6,23.1,70.7,12.8,0.0,93.7,28.9
2022-09-02,Shivajinagar,18.5308,73.8475,46.4,20.9,73.9,11.6,0.0,92.7,26.7
2022-09-03,Shivajinagar,18.5308,73.8475,34.4,20.6,78.2,10.8,0.0,67.3,23.0
2022-09-04,Shivajinagar,18.5308,73.8475,8.4,22.1,85.3,12.1,4.6,67.4,19.2
2022-09-05,Shivajinagar,18.5308,73.8475,8.0,24.0,79.9,10.4,14.2,86.1,24.7
2022-09-06,Shivajinagar,18.5308,73.8475,8.0,21.8,85.9,16.7,18.9,80.0,26.2
2022-09-07,Shivajinagar,18.5308,73.8475,13.6,23.5,77.8,10.5,7.5,88.1,25.7
2022-09-08,Shivajinagar,18.5308,73.8475,14.0,22.2,75.4,10.5,7.4,83.8,27.7
2022-09-09,Shivajinagar,18.5308,73.8475,50.0,22.3,56.1,6.7,0.0,104.2,28.9
2022-09-10,Shivajinagar,18.5308,73.8475,36.7,20.0,71.4,8.9,1.3,74.7,29.1
2022-09-11,Shivajinagar,18.5308,73.8475,8.6,22.6,74.0,12.2,22.1,60.3,23.3
2022-09-12,Shivajinagar,18.5308,73.8475,50.2,21.0,56.9,7.2,0.0,98.4,30.2
2022-09-13,Shivajinagar,18.5308,73.8475,8.0,22.3,78.7,5.5,37.6,63.8,25.3
2022-09-14,Shivajinagar,18.5308,73.8475,19.0,20.2,70.5,9.8,6.0,76.7,23.2
2022-09-15,Shivajinagar,18.5308,73.8475,45.3,21.3,45.1,12.4,0.0,90.5,26.5
2022-09-16,Shivajinagar,18.5308,73.8475,46.4,21.4,54.9,9.6,0.0,85.6,23.4
2022-09-17,Shivajinagar,18.5308,73.8475,43.7,20.7,57.1,8.8,0.0,68.8,23.4
2022-09-18,Shivajinagar,18.5308,73.8475,54.4,21.2,55.8,5.7,0.0,71.0,21.4
2022-09-19,Shivajinagar,18.5308,73.8475,19.3,20.3,80.8,10.2,16.9,88.6,22.5
2022-09-20,Shivajinagar,18.5308,73.8475,60.6,19.8,54.6,10.6,0.0,86.8,31.7
2022-09-21,Shivajinagar,18.5308,73.8475,53.6,22.4,61.4,5.6,0.0,94.5,26.1
2022-09-22,Shivajinagar,18.5308,73.8475,53.5,21.6,56.3,11.4,0.0,92.6,23.3
2022-09-23,Shivajinagar,18.5308,73.8475,51.6,19.4,55.6,10.6,0.0,94.2,29.6
2022-09-24,Shivajinagar,18.5308,73.8475,47.5,20.9,51.1,11.3,0.0,67.4,21.6
2022-09-25,Shivajinagar,18.5308,73.8475,53.1,19.2,54.4,10.1,0.0,76.9,26.1
2022-09-26,Shivajinagar,18.5308,73.8475,57.1,18.6,50.3,10.2,0.0,92.0,25.6
2022-09-27,Shivajinagar,18.5308,73.8475,49.6,21.2,69.5,9.9,2.2,100.3,26.0
2022-09-28,Shivajinagar,18.5308,73.8475,68.6,17.8,51.9,10.5,0.0,88.5,28.3
2022-09-29,Shivajinagar,18.5308,73.8475,72.7,20.9,47.9,5.1,0.0,96.2,28.9
2022-09-30,Shivajinagar,18.5308,73.8475,68.4,19.4,57.1,5.6,0.0,92.2,29.3
2022-10-01,Shivajinagar,18.5308,73.8475,64.5,19.3,53.8,7.1,0.0,68.4,23.2
2022-10-02,Shivajinagar,18.5308,73.8475,25.4,20.0,64.0,8.3,7.7,69.3,24.7
2022-10-03,Shivajinagar,18.5308,73.8475,65.7,20.1,51.5,9.3,0.0,91.0,29.3
2022-10-04,Shivajinagar,18.5308,73.8475,55.5,18.4,49.9,9.1,0.0,79.2,27.9
2022-10-05,Shivajinagar,18.5308,73.8475,53.5,20.1,45.6,10.6,0.0,77.2,27.0
2022-10-06,Shivajinagar,18.5308,73.8475,60.8,19.3,49.9,10.6,0.0,98.9,23.8
2022-10-07,Shivajinagar,18.5308,73.8475,68.8,17.6,46.0,6.6,0.0,98.7,28.9
2022-10-08,Shivajinagar,18.5308,73.8475,55.5,18.9,44.0,8.7,0.0,79.4,23.5
2022-10-09,Shivajinagar,18.5308,73.8475,51.1,20.7,40.3,6.5,0.0,69.9,22.4
2022-10-10,Shivajinagar,18.5308,73.8475,58.5,21.0,46.3,7.8,0.0,86.0,30.6
2022-10-11,Shivajinagar,18.5308,73.8475,57.2,19.7,50.6,8.8,0.0,90.4,23.8
2022-10-12,Shivajinagar,18.5308,73.8475,63.1,17.4,43.9,1.3,0.0,92.6,31.5
2022-10-13,Shivajinagar,18.5308,73.8475,72.1,19.4,59.7,12.9,0.0,87.5,27.3
2022-10-14,Shivajinagar,18.5308,73.8475,75.8,19.7,51.2,9.2,0.0,100.7,28.2
2022-10-15,Shivajinagar,18.5308,73.8475,60.5,19.5,53.1,6.8,0.0,81.2,22.4
2022-10-16,Shivajinagar,18.5308,73.8475,50.8,19.5,50.3,11.8,0.0,72.4,19.2
2022-10-17,Shivajinagar,18.5308,73.8475,57.1,19.0,55.3,7.2,0.0,92.4,27.1
2022-10-18,Shivajinagar,18.5308,73.8475,56.5,18.4,41.8,8.2,0.0,86.0,28.2
2022-10-19,Shivajinagar,18.5308,73.8475,67.8,17.7,32.6,6.9,0.0,100.2,29.1
2022-10-20,Shivajinagar,18.5308,73.8475,26.8,16.1,57.9,11.1,7.7,89.0,26.9
2022-10-21,Shivajinagar,18.5308,73.8475,61.0,18.8,47.7,7.6,0.0,91.1,21.9
2022-10-22,Shivajinagar,18.5308,73.8475,65.4,18.6,45.3,8.0,0.0,72.4,19.5
2022-10-23,Shivajinagar,18.5308,73.8475,33.4,19.0,60.7,10.1,3.4,65.4,28.5
2022-10-24,Shivajinagar,18.5308,73.8475,65.1,16.7,50.6,8.8,0.0,93.2,24.7
2022-10-25,Shivajinagar,18.5308,73.8475,68.5,19.0,45.7,7.5,0.0,85.3,31.0
2022-10-26,Shivajinagar,18.5308,73.8475,74.3,20.7,47.5,9.8,0.0,97.9,25.1
2022-10-27,Shivajinagar,18.5308,73.8475,80.4,18.3,38.6,12.6,0.0,92.0,26.9
2022-10-28,Shivajinagar,18.5308,73.8475,81.2,18.1,37.5,8.1,0.0,98.3,29.0
2022-10-29,Shivajinagar,18.5308,73.8475,68.1,18.5,50.8,7.6,0.0,69.0,21.3
2022-10-30,Shivajinagar,18.5308,73.8475,23.5,20.5,58.0,7.7,11.1,63.8,27.4
2022-10-31,Shivajinagar,18.5308,73.8475,77.4,16.9,39.1,9.9,0.0,86.4,27.6
2022-11-01,Shivajinagar,18.5308,73.8475,81.4,18.3,38.9,6.1,0.0,96.3,28.6
2022-11-02,Shivajinagar,18.5308,73.8475,83.1,17.1,38.5,6.7,0.0,88.1,26.7
2022-11-03,Shivajinagar,18.5308,73.8475,19.1,17.4,53.0,4.1,15.6,82.3,29.0
2022-11-04,Shivajinagar,18.5308,73.8475,70.4,18.0,34.9,4.7,0.0,92.5,31.3
2022-11-05,Shivajinagar,18.5308,73.8475,67.8,19.6,33.6,6.0,0.0,70.6,23.1
2022-11-06,Shivajinagar,18.5308,73.8475,53.3,20.2,39.9,6.9,0.0,61.5,27.7
2022-11-07,Shivajinagar,18.5308,73.8475,73.8,18.5,37.7,10.5,0.0,91.3,25.9
2022-11-08,Shivajinagar,18.5308,73.8475,79.7,17.5,46.0,8.0,0.0,96.5,29.3
2022-11-09,Shivajinagar,18.5308,73.8475,73.8,21.0,41.7,5.0,0.0,90.6,28.6
2022-11-10,Shivajinagar,18.5308,73.8475,72.7,17.5,41.3,5.4,0.0,91.4,24.7
2022-11-11,Shivajinagar,18.5308,73.8475,76.4,17.3,36.1,9.5,0.0,93.3,27.9
2022-11-12,Shivajinagar,18.5308,73.8475,65.9,15.9,39.0,9.0,0.0,69.4,23.4
2022-11-13,Shivajinagar,18.5308,73.8475,24.4,19.7,56.2,6.7,6.8,61.5,21.3
2022-11-14,Shivajinagar,18.5308,73.8475,72.7,19.2,42.8,5.7,0.0,92.3,28.3
2022-11-15,Shivajinagar,18.5308,73.8475,78.6,20.9,38.5,8.8,0.0,97.5,27.8
2022-11-16,Shivajinagar,18.5308,73.8475,71.1,16.4,44.2,4.5,0.0,87.2,27.2
2022-11-17,Shivajinagar,18.5308,73.8475,32.3,19.8,53.6,7.3,7.4,86.9,27.2
2022-11-18,Shivajinagar,18.5308,73.8475,89.1,18.2,42.4,11.0,0.0,85.6,27.2
2022-11-19,Shivajinagar,18.5308,73.8475,78.9,19.1,35.7,6.8,0.0,74.7,22.5
2022-11-20,Shivajinagar,18.5308,73.8475,77.2,16.2,28.9,4.8,0.0,69.5,23.7
2022-11-21,Shivajinagar,18.5308,73.8475,83.6,19.9,39.2,7.1,0.0,88.2,25.8
2022-11-22,Shivajinagar,18.5308,73.8475,83.9,19.1,41.3,5.3,0.0,93.0,34.0
2022-11-23,Shivajinagar,18.5308,73.8475,69.5,18.2,40.3,3.4,0.0,86.5,23.9
2022-11-24,Shivajinagar,18.5308,73.8475,73.7,19.0,39.4,7.5,0.0,87.3,25.9
2022-11-25,Shivajinagar,18.5308,73.8475,75.6,17.4,35.4,8.3,0.0,85.2,26.1
2022-11-26,Shivajinagar,18.5308,73.8475,70.4,17.6,32.9,5.4,0.0,64.7,28.5
2022-11-27,Shivajinagar,18.5308,73.8475,79.2,17.8,39.5,5.2,0.0,76.8,20.1
2022-11-28,Shivajinagar,18.5308,73.8475,78.3,16.2,38.7,4.0,0.0,88.8,28.5
2022-11-29,Shivajinagar,18.5308,73.8475,85.9,19.5,33.6,5.6,0.0,94.8,28.0
2022-11-30,Shivajinagar,18.5308,73.8475,76.8,19.9,41.8,4.7,0.0,88.3,28.2
2022-12-01,Shivajinagar,18.5308,73.8475,85.4,17.7,31.7,3.8,0.0,96.3,30.5
2022-12-02,Shivajinagar,18.5308,73.8475,99.1,19.0,33.0,9.6,0.0,87.4,30.4
2022-12-03,Shivajinagar,18.5308,73.8475,79.1,18.3,43.9,6.7,0.0,70.2,22.3
2022-12-04,Shivajinagar,18.5308,73.8475,82.4,19.1,39.9,6.8,0.0,70.3,23.9
2022-12-05,Shivajinagar,18.5308,73.8475,108.4,18.0,33.6,7.4,0.0,104.1,22.7
2022-12-06,Shivajinagar,18.5308,73.8475,105.2,17.8,36.7,7.1,0.0,95.7,27.6
2022-12-07,Shivajinagar,18.5308,73.8475,52.1,20.1,50.9,4.7,5.3,86.9,25.4
2022-12-08,Shivajinagar,18.5308,73.8475,104.8,18.9,21.3,6.1,0.0,95.9,26.9
2022-12-09,Shivajinagar,18.5308,73.8475,98.4,21.4,30.3,4.9,0.0,103.2,23.2
2022-12-10,Shivajinagar,18.5308,73.8475,84.2,19.1,34.4,6.3,0.0,61.9,24.4
2022-12-11,Shivajinagar,18.5308,73.8475,87.1,18.0,32.8,6.1,0.0,65.8,19.2
2022-12-12,Shivajinagar,18.5308,73.8475,92.3,20.7,35.7,4.6,0.0,91.3,27.8
2022-12-13,Shivajinagar,18.5308,73.8475,88.9,20.0,39.9,2.7,0.0,90.4,24.3
2022-12-14,Shivajinagar,18.5308,73.8475,98.0,20.2,32.6,5.6,0.0,90.8,25.3
2022-12-15,Shivajinagar,18.5308,73.8475,100.6,20.9,28.7,4.9,0.0,86.0,30.3
2022-12-16,Shivajinagar,18.5308,73.8475,101.3,18.7,35.5,1.5,0.0,99.5,28.9
2022-12-17,Shivajinagar,18.5308,73.8475,94.3,19.4,32.2,6.2,0.0,62.9,26.3
2022-12-18,Shivajinagar,18.5308,73.8475,96.6,19.5,32.9,7.1,0.0,69.0,27.3
2022-12-19,Shivajinagar,18.5308,73.8475,120.0,18.2,32.1,10.2,0.0,97.7,25.5
2022-12-20,Shivajinagar,18.5308,73.8475,99.3,19.5,44.7,4.3,0.0,92.3,31.1
2022-12-21,Shivajinagar,18.5308,73.8475,93.3,21.5,22.1,4.0,0.0,87.6,23.7
2022-12-22,Shivajinagar,18.5308,73.8475,77.8,20.3,31.3,2.8,0.0,85.8,29.3
2022-12-23,Shivajinagar,18.5308,73.8475,92.5,18.5,33.1,5.4,0.0,91.4,26.2
2022-12-24,Shivajinagar,18.5308,73.8475,79.7,18.3,29.1,5.4,0.0,66.2,21.1
2022-12-25,Shivajinagar,18.5308,73.8475,82.6,22.3,37.5,3.3,0.0,71.0,24.9
2022-12-26,Shivajinagar,18.5308,73.8475,88.7,20.3,36.9,4.6,0.0,85.5,29.8
2022-12-27,Shivajinagar,18.5308,73.8475,88.9,19.7,32.6,1.2,0.0,96.6,29.7
2022-12-28,Shivajinagar,18.5308,73.8475,106.9,20.2,31.4,6.8,0.0,93.1,27.9
2022-12-29,Shivajinagar,18.5308,73.8475,95.8,18.9,32.1,3.3,0.0,93.4,27.7
2022-12-30,Shivajinagar,18.5308,73.8475,108.2,22.5,32.0,4.8,0.0,99.7,28.7
2022-12-31,Shivajinagar,18.5308,73.8475,80.0,20.4,32.1,2.0,0.0,67.8,24.2
2023-01-01,Shivajinagar,18.5308,73.8475,86.2,22.6,31.5,3.7,0.0,66.4,24.8
2023-01-02,Shivajinagar,18.5308,73.8475,105.2,21.1,33.6,4.2,0.0,89.8,27.9
2023-01-03,Shivajinagar,18.5308,73.8475,111.5,22.9,36.1,4.8,0.0,91.5,29.5
2023-01-04,Shivajinagar,18.5308,73.8475,113.6,21.6,26.1,5.7,0.0,92.0,23.3
2023-01-05,Shivajinagar,18.5308,73.8475,113.0,22.4,27.0,7.6,0.0,88.3,27.1
2023-01-06,Shivajinagar,18.5308,73.8475,104.9,22.4,23.4,6.2,0.0,82.4,23.9
2023-01-07,Shivajinagar,18.5308,73.8475,97.3,22.3,36.5,6.7,0.0,67.2,24.1
2023-01-08,Shivajinagar,18.5308,73.8475,99.7,22.1,33.4,7.6,0.0,71.8,27.5
2023-01-09,Shivajinagar,18.5308,73.8475,106.8,21.5,34.6,5.9,0.0,93.2,26.2
2023-01-10,Shivajinagar,18.5308,73.8475,109.8,24.2,24.9,4.6,0.0,98.5,27.7
2023-01-11,Shivajinagar,18.5308,73.8475,112.9,21.0,41.0,6.7,0.0,102.3,29.3
2023-01-12,Shivajinagar,18.5308,73.8475,108.6,22.2,29.0,6.9,0.0,96.3,22.2
2023-01-13,Shivajinagar,18.5308,73.8475,102.4,22.3,32.8,6.0,0.0,99.4,26.1
2023-01-14,Shivajinagar,18.5308,73.8475,82.9,22.9,36.3,1.8,0.0,73.8,24.3
2023-01-15,Shivajinagar,18.5308,73.8475,93.6,22.0,27.1,3.0,0.0,78.5,16.2
2023-01-16,Shivajinagar,18.5308,73.8475,104.5,23.0,29.3,4.2,0.0,101.8,25.0
2023-01-17,Shivajinagar,18.5308,73.8475,112.8,22.6,32.9,6.3,0.0,97.3,30.2
2023-01-18,Shivajinagar,18.5308,73.8475,110.3,21.0,46.3,4.7,0.0,96.0,29.9
2023-01-19,Shivajinagar,18.5308,73.8475,117.7,23.0,33.5,7.0,0.0,91.5,28.3
2023-01-20,Shivajinagar,18.5308,73.8475,112.9,21.8,40.1,7.3,0.0,92.3,29.6
2023-01-21,Shivajinagar,18.5308,73.8475,93.8,21.2,38.1,7.1,0.0,68.3,23.9
2023-01-22,Shivajinagar,18.5308,73.8475,100.0,23.5,33.9,7.1,0.0,73.1,24.8
2023-01-23,Shivajinagar,18.5308,73.8475,101.0,24.1,27.2,2.7,0.0,88.9,26.6
2023-01-24,Shivajinagar,18.5308,73.8475,108.5,24.2,37.5,5.7,0.0,91.5,27.7
2023-01-25,Shivajinagar,18.5308,73.8475,98.5,24.4,24.7,3.5,0.0,80.7,25.8
2023-01-26,Shivajinagar,18.5308,73.8475,99.0,21.5,40.3,1.5,0.0,101.1,30.6
2023-01-27,Shivajinagar,18.5308,73.8475,105.3,22.4,33.3,4.2,0.0,91.4,31.2
2023-01-28,Shivajinagar,18.5308,73.8475,109.6,26.5,19.1,7.5,0.0,72.3,26.8
2023-01-29,Shivajinagar,18.5308,73.8475,101.4,23.0,30.7,5.7,0.0,77.3,22.4
2023-01-30,Shivajinagar,18.5308,73.8475,115.4,25.1,35.8,8.9,0.0,94.0,25.0
2023-01-31,Shivajinagar,18.5308,73.8475,121.3,23.7,31.4,5.2,0.0,99.7,30.6
2023-02-01,Shivajinagar,18.5308,73.8475,114.5,24.7,36.2,9.8,0.0,86.3,28.8
2023-02-02,Shivajinagar,18.5308,73.8475,122.0,24.0,28.5,5.3,0.0,104.5,28.2
2023-02-03,Shivajinagar,18.5308,73.8475,111.1,25.6,26.3,5.0,0.0,97.9,25.8
2023-02-04,Shivajinagar,18.5308,73.8475,91.8,25.2,32.5,2.4,0.0,71.0,24.5
2023-02-05,Shivajinagar,18.5308,73.8475,108.6,24.6,33.1,7.2,0.0,77.1,20.7
2023-02-06,Shivajinagar,18.5308,73.8475,104.6,24.0,31.3,4.0,0.0,86.7,29.0
2023-02-07,Shivajinagar,18.5308,73.8475,110.7,25.7,39.3,3.7,0.0,91.1,30.8
2023-02-08,Shivajinagar,18.5308,73.8475,124.6,24.1,29.0,7.6,0.0,99.7,31.5
2023-02-09,Shivajinagar,18.5308,73.8475,105.0,26.2,34.9,7.4,0.0,83.2,29.2
2023-02-10,Shivajinagar,18.5308,73.8475,106.9,28.9,33.8,7.4,0.0,95.3,23.9
2023-02-11,Shivajinagar,18.5308,73.8475,96.0,27.5,25.8,4.4,0.0,72.7,23.9
2023-02-12,Shivajinagar,18.5308,73.8475,105.0,26.9,27.1,5.1,0.0,79.8,28.7
2023-02-13,Shivajinagar,18.5308,73.8475,96.3,26.1,33.8,5.1,0.0,84.6,25.2
2023-02-14,Shivajinagar,18.5308,73.8475,103.8,24.0,43.8,6.8,0.0,100.5,27.3
2023-02-15,Shivajinagar,18.5308,73.8475,105.8,24.8,36.9,8.4,0.0,89.7,30.9
2023-02-16,Shivajinagar,18.5308,73.8475,102.2,28.1,25.5,6.0,0.0,90.3,28.9
2023-02-17,Shivajinagar,18.5308,73.8475,123.1,25.7,18.7,9.3,0.0,86.4,33.6
2023-02-18,Shivajinagar,18.5308,73.8475,92.8,26.0,38.1,7.2,0.0,64.6,21.6
2023-02-19,Shivajinagar,18.5308,73.8475,89.6,26.7,34.0,4.9,0.0,72.0,20.9
2023-02-20,Shivajinagar,18.5308,73.8475,105.5,25.8,40.4,7.1,0.0,86.9,30.5
2023-02-21,Shivajinagar,18.5308,73.8475,109.4,25.7,30.4,8.9,0.0,96.2,24.4
2023-02-22,Shivajinagar,18.5308,73.8475,107.8,27.3,36.7,9.5,0.0,89.2,26.9
2023-02-23,Shivajinagar,18.5308,73.8475,92.7,26.4,39.3,7.9,0.0,86.4,27.2
2023-02-24,Shivajinagar,18.5308,73.8475,92.4,26.7,33.0,5.7,0.0,89.9,30.0
2023-02-25,Shivajinagar,18.5308,73.8475,86.8,26.8,33.2,5.2,0.0,71.7,24.9
2023-02-26,Shivajinagar,18.5308,73.8475,93.3,28.4,35.6,6.8,0.0,68.6,24.5
2023-02-27,Shivajinagar,18.5308,73.8475,99.6,27.7,38.4,9.1,0.0,92.7,26.4
2023-02-28,Shivajinagar,18.5308,73.8475,94.8,27.8,35.7,6.6,0.0,96.0,30.4
2023-03-01,Shivajinagar,18.5308,73.8475,99.4,28.9,40.8,6.7,0.0,97.9,37.5
2023-03-02,Shivajinagar,18.5308,73.8475,90.9,28.1,33.8,6.0,0.0,90.9,29.1
2023-03-03,Shivajinagar,18.5308,73.8475,87.6,28.1,29.6,5.2,0.0,87.3,27.6
2023-03-04,Shivajinagar,18.5308,73.8475,77.9,29.1,46.3,5.6,0.0,70.4,20.2
2023-03-05,Shivajinagar,18.5308,73.8475,80.2,29.5,33.6,6.3,0.0,72.4,21.8
2023-03-06,Shivajinagar,18.5308,73.8475,82.8,28.6,33.9,9.5,0.0,85.2,26.9
2023-03-07,Shivajinagar,18.5308,73.8475,74.5,29.0,36.6,5.6,0.0,88.0,26.1
2023-03-08,Shivajinagar,18.5308,73.8475,79.8,28.1,37.4,6.2,0.0,88.9,27.4
2023-03-09,Shivajinagar,18.5308,73.8475,74.0,28.1,35.3,4.4,0.0,91.5,31.8
2023-03-10,Shivajinagar,18.5308,73.8475,39.9,30.2,52.3,7.6,4.1,86.6,30.5
2023-03-11,Shivajinagar,18.5308,73.8475,68.8,29.9,37.3,9.0,0.0,73.5,23.0
2023-03-12,Shivajinagar,18.5308,73.8475,74.9,30.0,38.6,9.5,0.0,62.0,20.4
2023-03-13,Shivajinagar,18.5308,73.8475,96.8,29.9,26.1,6.7,0.0,84.6,30.7
2023-03-14,Shivajinagar,18.5308,73.8475,83.1,29.7,47.4,7.5,0.0,90.8,27.3
2023-03-15,Shivajinagar,18.5308,73.8475,83.9,30.6,37.4,6.1,0.0,91.6,23.1
2023-03-16,Shivajinagar,18.5308,73.8475,77.8,31.0,41.2,7.5,0.0,85.2,29.2
2023-03-17,Shivajinagar,18.5308,73.8475,81.5,31.1,31.6,7.1,0.0,89.5,30.0
2023-03-18,Shivajinagar,18.5308,73.8475,76.0,30.0,36.3,6.7,0.0,68.0,17.3
2023-03-19,Shivajinagar,18.5308,73.8475,72.8,31.9,35.5,6.9,0.0,68.0,21.3
2023-03-20,Shivajinagar,18.5308,73.8475,78.8,30.6,46.3,7.6,0.0,93.3,27.1
2023-03-21,Shivajinagar,18.5308,73.8475,74.8,31.1,36.2,6.1,0.0,89.2,29.2
2023-03-22,Shivajinagar,18.5308,73.8475,82.5,30.8,43.1,6.3,0.0,99.9,26.1
2023-03-23,Shivajinagar,18.5308,73.8475,69.1,30.9,36.2,10.2,0.0,94.9,25.3
2023-03-24,Shivajinagar,18.5308,73.8475,70.6,29.8,37.3,12.2,0.0,88.5,29.2
2023-03-25,Shivajinagar,18.5308,73.8475,58.5,31.6,38.5,4.5,0.0,70.5,22.2
2023-03-26,Shivajinagar,18.5308,73.8475,56.7,34.3,46.3,4.4,0.0,70.6,24.8
2023-03-27,Shivajinagar,18.5308,73.8475,77.2,30.5,30.6,5.0,0.0,98.6,24.6
2023-03-28,Shivajinagar,18.5308,73.8475,79.9,31.1,33.6,6.8,0.0,89.5,24.0
2023-03-29,Shivajinagar,18.5308,73.8475,77.5,30.6,30.6,8.8,0.0,96.3,29.3
2023-03-30,Shivajinagar,18.5308,73.8475,84.0,30.6,35.0,8.2,0.0,92.7,28.0
2023-03-31,Shivajinagar,18.5308,73.8475,37.6,33.1,51.6,7.4,5.7,97.1,29.7
2023-04-01,Shivajinagar,18.5308,73.8475,73.8,30.6,32.7,8.2,0.0,76.5,22.1
2023-04-02,Shivajinagar,18.5308,73.8475,66.5,30.9,37.2,5.8,0.0,71.0,21.4
2023-04-03,Shivajinagar,18.5308,73.8475,74.3,29.6,30.9,6.7,0.0,91.2,30.8
2023-04-04,Shivajinagar,18.5308,73.8475,70.5,30.7,36.1,7.2,0.0,95.0,23.6
2023-04-05,Shivajinagar,18.5308,73.8475,66.7,29.6,47.3,4.1,0.0,91.6,30.5
2023-04-06,Shivajinagar,18.5308,73.8475,72.2,32.5,43.4,5.0,0.0,100.9,30.7
2023-04-07,Shivajinagar,18.5308,73.8475,64.7,35.2,42.4,5.1,0.0,92.9,29.6
2023-04-08,Shivajinagar,18.5308,73.8475,58.6,31.5,36.6,8.9,0.0,68.0,21.7
2023-04-09,Shivajinagar,18.5308,73.8475,56.0,30.0,34.0,7.9,0.0,67.7,21.4
2023-04-10,Shivajinagar,18.5308,73.8475,59.4,33.1,36.1,8.6,0.0,86.4,26.9
2023-04-11,Shivajinagar,18.5308,73.8475,56.7,31.2,41.7,3.8,0.0,95.3,24.2
2023-04-12,Shivajinagar,18.5308,73.8475,19.5,33.7,61.4,4.5,7.8,84.5,25.0
2023-04-13,Shivajinagar,18.5308,73.8475,59.7,31.9,46.6,8.8,0.0,98.0,29.0
2023-04-14,Shivajinagar,18.5308,73.8475,57.8,31.5,45.3,2.0,0.0,86.0,29.0
2023-04-15,Shivajinagar,18.5308,73.8475,58.9,32.1,38.6,10.0,0.0,70.6,20.8
2023-04-16,Shivajinagar,18.5308,73.8475,66.2,33.3,42.4,3.9,0.0,75.8,25.1
2023-04-17,Shivajinagar,18.5308,73.8475,59.4,32.1,40.7,9.2,0.0,81.7,28.5
2023-04-18,Shivajinagar,18.5308,73.8475,69.2,31.9,41.4,5.8,0.0,102.6,31.2
2023-04-19,Shivajinagar,18.5308,73.8475,62.7,32.3,52.6,9.6,0.0,90.4,28.8
2023-04-20,Shivajinagar,18.5308,73.8475,74.0,31.0,33.6,14.0,0.0,93.2,30.0
2023-04-21,Shivajinagar,18.5308,73.8475,70.6,33.1,41.3,3.0,0.0,95.4,28.6
2023-04-22,Shivajinagar,18.5308,73.8475,61.3,30.5,48.6,8.9,0.0,73.6,25.8
2023-04-23,Shivajinagar,18.5308,73.8475,58.8,32.1,35.2,3.9,0.0,71.4,20.2
2023-04-24,Shivajinagar,18.5308,73.8475,67.0,33.6,39.4,8.4,0.0,97.5,27.1
2023-04-25,Shivajinagar,18.5308,73.8475,69.1,33.1,40.0,7.2,0.0,95.1,27.3
2023-04-26,Shivajinagar,18.5308,73.8475,61.6,33.5,41.6,7.8,0.0,101.3,26.8
2023-04-27,Shivajinagar,18.5308,73.8475,67.0,32.7,34.8,5.8,0.0,95.1,28.5
2023-04-28,Shivajinagar,18.5308,73.8475,67.9,34.2,45.8,9.2,0.0,102.3,29.0
2023-04-29,Shivajinagar,18.5308,73.8475,54.6,34.0,46.3,4.7,0.0,74.5,24.4
2023-04-30,Shivajinagar,18.5308,73.8475,52.6,33.4,45.5,10.1,0.0,61.0,23.0
2023-05-01,Shivajinagar,18.5308,73.8475,29.3,34.0,53.7,6.8,7.7,101.7,25.6
2023-05-02,Shivajinagar,18.5308,73.8475,68.5,33.8,43.6,4.8,0.0,89.6,30.1
2023-05-03,Shivajinagar,18.5308,73.8475,87.1,32.4,38.8,10.8,0.0,100.0,28.3
2023-05-04,Shivajinagar,18.5308,73.8475,81.5,31.3,41.7,7.5,0.0,92.6,24.9
2023-05-05,Shivajinagar,18.5308,73.8475,70.7,33.5,54.2,11.5,0.0,97.8,26.9
2023-05-06,Shivajinagar,18.5308,73.8475,63.6,33.6,44.1,10.1,0.0,66.6,19.0
2023-05-07,Shivajinagar,18.5308,73.8475,66.5,34.3,37.8,6.1,0.0,73.1,23.5
2023-05-08,Shivajinagar,18.5308,73.8475,64.9,31.9,44.7,7.5,0.0,91.2,26.9
2023-05-09,Shivajinagar,18.5308,73.8475,63.6,31.9,37.2,8.0,0.0,100.4,26.0
2023-05-10,Shivajinagar,18.5308,73.8475,64.9,33.6,38.1,10.8,0.0,94.7,31.4
2023-05-11,Shivajinagar,18.5308,73.8475,68.4,32.9,39.0,8.6,0.0,97.2,24.5
2023-05-12,Shivajinagar,18.5308,73.8475,55.9,30.7,42.2,8.1,0.0,81.7,29.2
2023-05-13,Shivajinagar,18.5308,73.8475,49.1,33.4,49.3,7.4,0.0,69.6,28.9
2023-05-14,Shivajinagar,18.5308,73.8475,54.9,30.8,47.6,7.7,0.0,72.1,26.1
2023-05-15,Shivajinagar,18.5308,73.8475,62.5,31.8,47.5,10.4,0.0,93.6,27.3
2023-05-16,Shivajinagar,18.5308,73.8475,21.7,34.6,54.6,7.9,15.6,89.5,24.6
2023-05-17,Shivajinagar,18.5308,73.8475,59.9,35.1,42.6,7.1,0.0,90.7,24.0
2023-05-18,Shivajinagar,18.5308,73.8475,71.5,31.5,46.9,6.8,0.0,92.7,26.4
2023-05-19,Shivajinagar,18.5308,73.8475,63.6,32.5,42.6,6.8,0.0,98.4,25.7
2023-05-20,Shivajinagar,18.5308,73.8475,40.1,32.9,44.6,5.1,0.0,58.6,21.6
2023-05-21,Shivajinagar,18.5308,73.8475,48.2,35.0,48.5,6.5,0.0,72.9,22.6
2023-05-22,Shivajinagar,18.5308,73.8475,53.1,32.2,44.8,11.0,0.0,90.8,27.1
2023-05-23,Shivajinagar,18.5308,73.8475,54.8,32.2,48.0,7.6,0.0,87.9,28.6
2023-05-24,Shivajinagar,18.5308,73.8475,55.2,34.6,55.1,9.5,0.0,94.2,24.3
2023-05-25,Shivajinagar,18.5308,73.8475,38.6,32.3,61.6,3.2,3.9,96.7,25.7
2023-05-26,Shivajinagar,18.5308,73.8475,54.9,33.6,53.6,9.3,0.0,97.7,27.0
2023-05-27,Shivajinagar,18.5308,73.8475,50.6,30.9,50.9,7.9,0.0,69.3,22.9
2023-05-28,Shivajinagar,18.5308,73.8475,54.5,32.4,41.1,7.3,0.0,74.4,28.0
2023-05-29,Shivajinagar,18.5308,73.8475,66.3,30.6,43.2,8.6,0.0,96.8,28.0
2023-05-30,Shivajinagar,18.5308,73.8475,61.0,31.3,45.0,7.3,0.0,92.1,23.4
2023-05-31,Shivajinagar,18.5308,73.8475,22.1,33.5,60.2,4.1,9.3,84.4,28.4
2023-06-01,Shivajinagar,18.5308,73.8475,8.0,32.4,64.5,10.2,20.0,79.3,28.8
2023-06-02,Shivajinagar,18.5308,73.8475,22.1,32.0,68.4,8.9,6.3,93.5,27.1
2023-06-03,Shivajinagar,18.5308,73.8475,38.7,31.5,57.0,7.9,0.0,69.8,20.4
2023-06-04,Shivajinagar,18.5308,73.8475,37.2,32.1,52.7,6.6,0.0,64.8,27.8
2023-06-05,Shivajinagar,18.5308,73.8475,49.4,32.6,49.4,5.6,0.0,84.1,24.7
2023-06-06,Shivajinagar,18.5308,73.8475,49.5,33.4,41.7,9.1,0.0,96.7,29.1
2023-06-07,Shivajinagar,18.5308,73.8475,53.5,29.0,53.0,11.9,0.0,89.8,27.9
2023-06-08,Shivajinagar,18.5308,73.8475,56.5,31.1,53.3,9.2,0.0,94.2,28.9
2023-06-09,Shivajinagar,18.5308,73.8475,58.0,32.2,54.6,6.0,0.0,98.7,31.7
2023-06-10,Shivajinagar,18.5308,73.8475,38.8,31.8,64.7,9.3,0.0,63.5,24.8
2023-06-11,Shivajinagar,18.5308,73.8475,45.9,32.4,60.9,8.8,0.0,69.8,22.0
2023-06-12,Shivajinagar,18.5308,73.8475,19.4,32.1,74.2,10.7,10.1,86.6,30.2
2023-06-13,Shivajinagar,18.5308,73.8475,50.8,31.4,51.0,10.3,0.0,94.4,25.8
2023-06-14,Shivajinagar,18.5308,73.8475,54.6,31.0,53.9,3.2,0.0,98.7,27.8
2023-06-15,Shivajinagar,18.5308,73.8475,40.7,31.3,56.5,10.3,0.0,85.9,24.2
2023-06-16,Shivajinagar,18.5308,73.8475,40.3,32.9,53.7,7.3,0.0,95.3,24.8
2023-06-17,Shivajinagar,18.5308,73.8475,32.8,30.6,60.7,6.5,0.0,75.2,23.5
2023-06-18,Shivajinagar,18.5308,73.8475,36.7,31.3,60.6,9.0,0.0,69.1,24.3
2023-06-19,Shivajinagar,18.5308,73.8475,44.9,31.5,54.1,10.3,0.0,91.8,23.1
2023-06-20,Shivajinagar,18.5308,73.8475,51.7,33.1,66.1,6.3,0.0,94.6,28.6
2023-06-21,Shivajinagar,18.5308,73.8475,43.7,30.8,61.3,11.0,0.0,94.2,25.4
2023-06-22,Shivajinagar,18.5308,73.8475,50.1,32.2,52.8,11.2,0.0,95.4,30.6
2023-06-23,Shivajinagar,18.5308,73.8475,27.0,32.4,76.9,9.9,4.4,93.1,26.5
2023-06-24,Shivajinagar,18.5308,73.8475,34.3,30.8,64.2,8.1,0.0,65.1,20.6
2023-06-25,Shivajinagar,18.5308,73.8475,20.9,30.5,83.4,8.0,5.9,72.0,23.6
2023-06-26,Shivajinagar,18.5308,73.8475,14.0,30.3,77.5,12.0,11.1,92.8,25.1
2023-06-27,Shivajinagar,18.5308,73.8475,12.4,30.3,84.0,7.1,12.6,87.1,30.6
2023-06-28,Shivajinagar,18.5308,73.8475,37.0,31.5,66.5,12.3,0.0,85.0,27.4
2023-06-29,Shivajinagar,18.5308,73.8475,26.2,30.7,74.7,9.9,2.7,90.6,27.0
2023-06-30,Shivajinagar,18.5308,73.8475,9.9,30.6,74.9,10.1,14.5,86.2,28.9
2023-07-01,Shivajinagar,18.5308,73.8475,16.3,28.8,88.3,7.0,5.8,61.4,20.9
2023-07-02,Shivajinagar,18.5308,73.8475,24.8,28.9,74.3,10.2,0.0,68.2,20.2
2023-07-03,Shivajinagar,18.5308,73.8475,31.6,32.6,70.6,11.8,0.0,85.5,28.4
2023-07-04,Shivajinagar,18.5308,73.8475,8.0,29.7,92.2,7.9,13.1,89.0,24.7
2023-07-05,Shivajinagar,18.5308,73.8475,8.0,28.8,90.7,11.7,20.6,83.0,24.6
2023-07-06,Shivajinagar,18.5308,73.8475,28.1,31.4,74.5,10.9,0.0,84.3,29.5
2023-07-07,Shivajinagar,18.5308,73.8475,11.4,29.9,82.1,9.6,13.4,87.6,28.7
2023-07-08,Shivajinagar,18.5308,73.8475,27.2,30.1,81.0,12.6,0.0,69.7,20.3
2023-07-09,Shivajinagar,18.5308,73.8475,18.4,29.2,90.7,6.6,4.9,70.1,21.9
2023-07-10,Shivajinagar,18.5308,73.8475,29.2,28.8,71.7,11.8,0.0,90.5,25.1
2023-07-11,Shivajinagar,18.5308,73.8475,14.0,28.9,85.9,14.4,7.6,84.7,31.8
2023-07-12,Shivajinagar,18.5308,73.8475,18.3,27.3,76.1,14.1,0.0,88.6,29.7
2023-07-13,Shivajinagar,18.5308,73.8475,9.4,28.8,82.1,12.0,9.9,84.9,26.3
2023-07-14,Shivajinagar,18.5308,73.8475,21.5,29.1,79.5,10.7,0.0,92.6,28.8
2023-07-15,Shivajinagar,18.5308,73.8475,15.9,30.9,71.8,10.1,0.0,70.7,20.0
2023-07-16,Shivajinagar,18.5308,73.8475,16.0,28.6,78.9,10.8,0.0,69.0,21.7
2023-07-17,Shivajinagar,18.5308,73.8475,16.8,25.6,89.9,12.6,7.8,86.5,27.7
2023-07-18,Shivajinagar,18.5308,73.8475,25.2,28.2,91.7,9.9,7.6,86.9,28.5
2023-07-19,Shivajinagar,18.5308,73.8475,38.9,31.5,74.7,13.1,0.0,105.0,27.2
2023-07-20,Shivajinagar,18.5308,73.8475,30.3,29.1,78.1,15.9,0.0,88.6,28.0
2023-07-21,Shivajinagar,18.5308,73.8475,9.8,27.0,98.0,11.6,7.6,85.9,27.6
2023-07-22,Shivajinagar,18.5308,73.8475,8.0,28.5,98.0,9.1,22.3,75.3,23.0
2023-07-23,Shivajinagar,18.5308,73.8475,8.0,26.8,96.8,9.1,21.2,61.5,22.7
2023-07-24,Shivajinagar,18.5308,73.8475,18.3,25.9,80.3,13.4,0.0,85.6,26.3
2023-07-25,Shivajinagar,18.5308,73.8475,23.8,27.0,84.9,11.7,0.0,96.7,28.0
2023-07-26,Shivajinagar,18.5308,73.8475,15.1,27.4,86.6,13.6,0.8,87.6,28.4
2023-07-27,Shivajinagar,18.5308,73.8475,17.4,24.9,92.1,10.8,6.1,94.0,27.9
2023-07-28,Shivajinagar,18.5308,73.8475,8.0,25.7,96.0,13.6,14.9,84.0,24.5
2023-07-29,Shivajinagar,18.5308,73.8475,8.0,27.0,87.5,11.6,6.9,64.3,20.9
2023-07-30,Shivajinagar,18.5308,73.8475,8.0,26.3,98.0,10.5,18.3,68.9,24.4
2023-07-31,Shivajinagar,18.5308,73.8475,19.5,27.2,92.2,11.2,0.0,95.3,31.1
2023-08-01,Shivajinagar,18.5308,73.8475,14.5,25.1,97.3,9.6,6.0,94.4,27.8
2023-08-02,Shivajinagar,18.5308,73.8475,8.0,27.3,86.4,16.0,10.1,89.6,26.4
2023-08-03,Shivajinagar,18.5308,73.8475,8.0,24.9,98.0,11.8,23.4,78.6,28.0
2023-08-04,Shivajinagar,18.5308,73.8475,14.0,28.1,92.5,13.3,2.6,94.3,24.6
2023-08-05,Shivajinagar,18.5308,73.8475,8.0,24.0,93.6,10.9,7.1,72.5,26.7
2023-08-06,Shivajinagar,18.5308,73.8475,12.8,24.6,98.0,9.9,2.4,69.5,23.9
2023-08-07,Shivajinagar,18.5308,73.8475,13.3,26.3,98.0,11.5,4.6,99.2,25.7
2023-08-08,Shivajinagar,18.5308,73.8475,18.2,27.7,79.2,14.2,0.0,96.8,27.0
2023-08-09,Shivajinagar,18.5308,73.8475,10.7,25.9,93.2,10.9,7.1,90.0,26.1
2023-08-10,Shivajinagar,18.5308,73.8475,19.6,26.1,96.8,10.2,1.4,93.0,30.7
2023-08-11,Shivajinagar,18.5308,73.8475,11.9,25.3,93.9,12.2,4.0,91.2,26.9
2023-08-12,Shivajinagar,18.5308,73.8475,26.5,23.9,75.2,12.9,0.0,63.7,23.8
2023-08-13,Shivajinagar,18.5308,73.8475,11.9,24.4,93.7,15.1,10.4,64.4,24.8
2023-08-14,Shivajinagar,18.5308,73.8475,27.2,23.4,81.8,12.5,0.0,93.6,25.5
2023-08-15,Shivajinagar,18.5308,73.8475,27.4,23.2,78.8,13.0,0.0,90.4,27.9
2023-08-16,Shivajinagar,18.5308,73.8475,24.3,25.1,72.3,13.1,0.0,94.2,28.1
2023-08-17,Shivajinagar,18.5308,73.8475,17.7,23.2,98.0,9.3,2.7,91.2,23.5
2023-08-18,Shivajinagar,18.5308,73.8475,30.2,24.8,64.8,9.7,0.0,96.4,28.0
2023-08-19,Shivajinagar,18.5308,73.8475,8.0,22.7,90.8,9.4,8.4,69.1,23.3
2023-08-20,Shivajinagar,18.5308,73.8475,8.0,24.5,89.4,8.8,18.0,61.8,23.7
2023-08-21,Shivajinagar,18.5308,73.8475,8.0,23.4,92.8,13.0,15.5,77.9,27.5
2023-08-22,Shivajinagar,18.5308,73.8475,8.0,25.6,94.3,12.0,30.2,86.4,28.0
2023-08-23,Shivajinagar,18.5308,73.8475,14.2,24.1,96.6,11.5,4.3,89.6,30.7
2023-08-24,Shivajinagar,18.5308,73.8475,35.2,25.1,86.8,6.1,3.8,90.2,24.5
2023-08-25,Shivajinagar,18.5308,73.8475,16.9,22.6,92.8,15.3,6.4,87.6,26.5
2023-08-26,Shivajinagar,18.5308,73.8475,8.0,23.4,90.2,9.3,8.7,63.2,25.1
2023-08-27,Shivajinagar,18.5308,73.8475,17.2,22.1,65.1,15.2,0.0,77.7,24.6
2023-08-28,Shivajinagar,18.5308,73.8475,33.4,22.6,82.5,8.1,0.0,99.4,28.5
2023-08-29,Shivajinagar,18.5308,73.8475,17.8,22.7,80.2,9.3,11.5,89.0,34.3
2023-08-30,Shivajinagar,18.5308,73.8475,38.9,22.0,73.8,6.4,0.0,92.0,28.9
2023-08-31,Shivajinagar,18.5308,73.8475,25.8,21.3,88.0,11.5,5.3,93.0,30.2
2023-09-01,Shivajinagar,18.5308,73.8475,34.1,20.9,86.8,8.5,2.7,91.5,26.6
2023-09-02,Shivajinagar,18.5308,73.8475,29.6,19.7,67.2,8.5,0.9,68.6,20.9
2023-09-03,Shivajinagar,18.5308,73.8475,8.0,21.1,88.2,7.8,21.6,60.9,22.6
2023-09-04,Shivajinagar,18.5308,73.8475,8.0,23.0,75.5,12.0,21.2,79.7,29.2
2023-09-05,Shivajinagar,18.5308,73.8475,14.6,20.2,82.3,11.8,15.8,85.9,28.4
2023-09-06,Shivajinagar,18.5308,73.8475,15.6,20.4,79.1,13.9,13.4,86.8,28.4
2023-09-07,Shivajinagar,18.5308,73.8475,44.0,24.1,62.9,8.9,0.0,95.5,26.9
2023-09-08,Shivajinagar,18.5308,73.8475,11.2,21.1,82.7,10.6,13.8,82.5,26.5
2023-09-09,Shivajinagar,18.5308,73.8475,33.7,22.1,85.3,7.5,3.6,71.8,23.0
2023-09-10,Shivajinagar,18.5308,73.8475,20.6,22.4,77.5,9.3,9.9,60.5,25.2
2023-09-11,Shivajinagar,18.5308,73.8475,52.0,22.3,67.4,8.9,0.0,89.6,29.5
2023-09-12,Shivajinagar,18.5308,73.8475,19.7,19.6,78.1,10.8,13.8,83.0,24.9
2023-09-13,Shivajinagar,18.5308,73.8475,50.7,21.0,57.7,11.8,0.0,87.1,29.3
2023-09-14,Shivajinagar,18.5308,73.8475,30.5,19.2,75.2,11.7,4.0,95.6,25.8
2023-09-15,Shivajinagar,18.5308,73.8475,31.4,24.0,74.3,7.9,6.2,84.6,28.6
2023-09-16,Shivajinagar,18.5308,73.8475,48.7,19.0,56.7,11.5,0.0,66.5,22.9
2023-09-17,Shivajinagar,18.5308,73.8475,36.7,19.6,76.6,9.4,1.6,75.5,27.3
2023-09-18,Shivajinagar,18.5308,73.8475,33.7,19.5,75.0,8.7,2.2,88.5,26.4
2023-09-19,Shivajinagar,18.5308,73.8475,9.1,18.9,65.3,7.9,24.0,79.6,27.8
2023-09-20,Shivajinagar,18.5308,73.8475,53.2,22.2,49.4,8.1,0.0,87.4,28.9
2023-09-21,Shivajinagar,18.5308,73.8475,48.5,23.4,59.1,12.7,0.0,96.7,25.2
2023-09-22,Shivajinagar,18.5308,73.8475,65.5,19.8,52.3,9.7,0.0,96.7,27.2
2023-09-23,Shivajinagar,18.5308,73.8475,46.8,18.7,57.3,9.4,0.0,73.7,22.7
2023-09-24,Shivajinagar,18.5308,73.8475,21.8,17.5,74.2,8.5,10.0,67.7,22.1
2023-09-25,Shivajinagar,18.5308,73.8475,52.1,19.8,48.4,13.8,0.0,92.9,26.3
2023-09-26,Shivajinagar,18.5308,73.8475,20.8,19.6,62.1,11.5,8.6,85.6,30.2
2023-09-27,Shivajinagar,18.5308,73.8475,63.5,19.1,62.0,7.4,0.0,88.4,25.9
2023-09-28,Shivajinagar,18.5308,73.8475,60.1,20.1,54.9,8.2,0.0,98.9,28.8
2023-09-29,Shivajinagar,18.5308,73.8475,56.4,20.2,50.5,8.3,0.0,96.3,28.2
2023-09-30,Shivajinagar,18.5308,73.8475,48.3,20.1,47.5,8.9,0.0,66.5,19.9
2023-10-01,Shivajinagar,18.5308,73.8475,15.1,19.2,64.1,7.2,9.5,65.5,24.7
2023-10-02,Shivajinagar,18.5308,73.8475,59.1,18.2,45.2,9.4,0.0,91.0,23.9
2023-10-03,Shivajinagar,18.5308,73.8475,53.0,20.2,55.2,11.4,0.0,86.9,29.0
2023-10-04,Shivajinagar,18.5308,73.8475,61.1,19.4,46.4,5.8,0.0,93.4,26.1
2023-10-05,Shivajinagar,18.5308,73.8475,52.4,20.4,55.4,6.1,0.0,90.4,27.4
2023-10-06,Shivajinagar,18.5308,73.8475,8.9,20.2,62.5,7.4,11.2,82.2,24.2
2023-10-07,Shivajinagar,18.5308,73.8475,43.5,17.4,43.9,7.4,0.0,62.6,23.7
2023-10-08,Shivajinagar,18.5308,73.8475,39.9,17.4,46.6,12.3,0.0,62.2,25.7
2023-10-09,Shivajinagar,18.5308,73.8475,62.7,18.1,35.3,10.2,0.0,90.6,25.4
2023-10-10,Shivajinagar,18.5308,73.8475,53.1,17.7,47.5,10.1,0.0,92.1,25.9
2023-10-11,Shivajinagar,18.5308,73.8475,51.1,19.8,46.9,7.6,0.0,88.1,28.5
2023-10-12,Shivajinagar,18.5308,73.8475,57.8,19.2,51.5,7.5,0.0,95.8,28.6
2023-10-13,Shivajinagar,18.5308,73.8475,56.4,20.1,37.7,5.2,0.0,92.2,21.3
2023-10-14,Shivajinagar,18.5308,73.8475,45.0,19.2,52.6,9.6,0.0,72.9,28.4
2023-10-15,Shivajinagar,18.5308,73.8475,56.9,18.9,50.6,9.0,0.0,69.1,24.7
2023-10-16,Shivajinagar,18.5308,73.8475,57.1,20.0,52.5,10.6,0.0,88.6,29.1
2023-10-17,Shivajinagar,18.5308,73.8475,8.5,19.1,60.7,7.5,20.5,82.8,27.0
2023-10-18,Shivajinagar,18.5308,73.8475,56.6,18.6,50.8,7.6,0.0,86.2,22.8
2023-10-19,Shivajinagar,18.5308,73.8475,68.8,20.2,38.1,8.2,0.0,95.2,29.1
2023-10-20,Shivajinagar,18.5308,73.8475,21.6,18.6,63.7,9.6,12.4,81.6,26.0
2023-10-21,Shivajinagar,18.5308,73.8475,56.2,18.0,41.0,4.8,0.0,74.6,24.8
2023-10-22,Shivajinagar,18.5308,73.8475,57.5,17.3,36.3,9.2,0.0,68.3,22.9
2023-10-23,Shivajinagar,18.5308,73.8475,9.6,19.1,53.7,7.6,20.1,87.8,28.0
2023-10-24,Shivajinagar,18.5308,73.8475,65.3,19.7,44.1,5.5,0.0,86.9,25.5
2023-10-25,Shivajinagar,18.5308,73.8475,60.9,18.2,39.7,3.4,0.0,89.1,29.6
2023-10-26,Shivajinagar,18.5308,73.8475,73.8,19.8,45.4,7.3,0.0,94.4,24.4
2023-10-27,Shivajinagar,18.5308,73.8475,76.1,15.8,34.2,10.4,0.0,98.4,33.0
2023-10-28,Shivajinagar,18.5308,73.8475,70.4,18.1,32.4,10.8,0.0,78.3,29.0
2023-10-29,Shivajinagar,18.5308,73.8475,55.9,18.1,49.6,8.1,0.0,70.2,27.5
2023-10-30,Shivajinagar,18.5308,73.8475,64.5,17.2,47.0,11.3,0.0,101.7,30.6
2023-10-31,Shivajinagar,18.5308,73.8475,62.7,20.9,37.0,7.2,0.0,91.1,27.2
2023-11-01,Shivajinagar,18.5308,73.8475,65.1,18.0,42.0,9.2,0.0,98.0,30.3
2023-11-02,Shivajinagar,18.5308,73.8475,60.9,17.6,46.9,6.3,0.0,87.8,27.2
2023-11-03,Shivajinagar,18.5308,73.8475,62.4,18.1,43.6,6.1,0.0,94.6,23.5
2023-11-04,Shivajinagar,18.5308,73.8475,57.7,15.6,42.1,5.8,0.0,58.3,27.2
2023-11-05,Shivajinagar,18.5308,73.8475,53.9,17.1,46.6,2.9,0.0,64.4,26.2
2023-11-06,Shivajinagar,18.5308,73.8475,71.8,19.2,37.2,9.6,0.0,94.8,27.3
2023-11-07,Shivajinagar,18.5308,73.8475,24.5,17.2,55.8,5.7,8.6,81.6,24.3
2023-11-08,Shivajinagar,18.5308,73.8475,76.6,17.0,40.3,5.3,0.0,94.6,25.9
2023-11-09,Shivajinagar,18.5308,73.8475,77.5,19.6,38.8,4.5,0.0,97.0,22.8
2023-11-10,Shivajinagar,18.5308,73.8475,78.7,19.6,38.1,6.4,0.0,90.0,29.8
2023-11-11,Shivajinagar,18.5308,73.8475,63.5,18.6,40.2,10.3,0.0,65.2,19.4
2023-11-12,Shivajinagar,18.5308,73.8475,64.1,17.5,39.8,10.9,0.0,67.6,24.1
2023-11-13,Shivajinagar,18.5308,73.8475,63.6,17.7,34.1,3.3,0.0,87.7,25.3
2023-11-14,Shivajinagar,18.5308,73.8475,77.1,17.1,43.2,5.9,0.0,92.0,23.8
2023-11-15,Shivajinagar,18.5308,73.8475,82.7,16.9,34.1,4.5,0.0,93.0,28.0
2023-11-16,Shivajinagar,18.5308,73.8475,81.3,16.8,37.7,8.5,0.0,91.0,26.6
2023-11-17,Shivajinagar,18.5308,73.8475,84.2,17.3,37.1,7.0,0.0,100.9,29.5
2023-11-18,Shivajinagar,18.5308,73.8475,62.7,16.9,40.2,5.2,0.0,66.4,20.2
2023-11-19,Shivajinagar,18.5308,73.8475,72.1,16.2,27.6,6.5,0.0,77.0,21.5
2023-11-20,Shivajinagar,18.5308,73.8475,76.3,18.4,42.5,5.4,0.0,87.3,21.4
2023-11-21,Shivajinagar,18.5308,73.8475,86.6,18.5,34.4,9.5,0.0,92.9,21.9
2023-11-22,Shivajinagar,18.5308,73.8475,97.6,20.2,43.7,7.3,0.0,98.4,31.9
2023-11-23,Shivajinagar,18.5308,73.8475,104.4,17.4,35.1,7.5,0.0,98.2,32.6
2023-11-24,Shivajinagar,18.5308,73.8475,91.7,18.6,37.0,1.2,0.0,90.4,27.6
2023-11-25,Shivajinagar,18.5308,73.8475,56.4,18.7,61.7,6.0,3.7,70.9,21.3
2023-11-26,Shivajinagar,18.5308,73.8475,90.4,18.0,35.5,10.2,0.0,72.1,22.7
2023-11-27,Shivajinagar,18.5308,73.8475,96.5,19.3,42.9,8.7,0.0,89.8,29.6
2023-11-28,Shivajinagar,18.5308,73.8475,87.6,19.3,36.8,2.3,0.0,95.6,26.1
2023-11-29,Shivajinagar,18.5308,73.8475,103.1,18.9,38.5,5.3,0.0,101.8,28.0
2023-11-30,Shivajinagar,18.5308,73.8475,96.4,18.2,36.6,3.5,0.0,94.9,27.4
2023-12-01,Shivajinagar,18.5308,73.8475,102.3,18.1,40.3,9.2,0.0,95.3,26.0
2023-12-02,Shivajinagar,18.5308,73.8475,89.0,17.0,32.5,6.3,0.0,73.4,22.1
2023-12-03,Shivajinagar,18.5308,73.8475,87.7,17.7,30.8,4.2,0.0,62.7,24.1
2023-12-04,Shivajinagar,18.5308,73.8475,96.1,18.0,32.4,5.8,0.0,94.8,25.0
2023-12-05,Shivajinagar,18.5308,73.8475,92.6,17.4,35.9,1.2,0.0,87.4,28.5
2023-12-06,Shivajinagar,18.5308,73.8475,94.5,19.4,34.2,3.4,0.0,89.6,26.2
2023-12-07,Shivajinagar,18.5308,73.8475,97.3,20.3,38.7,5.6,0.0,103.3,27.7
2023-12-08,Shivajinagar,18.5308,73.8475,92.7,17.9,41.5,7.2,0.0,91.2,30.9
2023-12-09,Shivajinagar,18.5308,73.8475,64.0,19.4,30.0,1.6,0.0,66.3,23.0
2023-12-10,Shivajinagar,18.5308,73.8475,85.1,17.8,31.0,4.7,0.0,75.8,25.7
2023-12-11,Shivajinagar,18.5308,73.8475,94.5,18.8,27.4,7.4,0.0,87.8,22.9
2023-12-12,Shivajinagar,18.5308,73.8475,86.5,18.4,44.6,2.5,0.0,90.3,26.2
2023-12-13,Shivajinagar,18.5308,73.8475,106.3,20.0,35.8,5.8,0.0,98.7,27.5
2023-12-14,Shivajinagar,18.5308,73.8475,100.6,18.5,36.6,5.4,0.0,92.7,32.2
2023-12-15,Shivajinagar,18.5308,73.8475,102.9,20.6,27.3,8.7,0.0,84.7,22.5
2023-12-16,Shivajinagar,18.5308,73.8475,81.7,19.2,33.9,4.8,0.0,72.7,23.2
2023-12-17,Shivajinagar,18.5308,73.8475,81.7,18.8,36.3,4.9,0.0,68.0,27.0
2023-12-18,Shivajinagar,18.5308,73.8475,117.1,18.2,32.4,6.9,0.0,100.2,25.4
2023-12-19,Shivajinagar,18.5308,73.8475,102.2,20.1,38.9,2.5,0.0,89.5,26.9
2023-12-20,Shivajinagar,18.5308,73.8475,106.0,20.9,45.0,4.7,0.0,97.8,28.2
2023-12-21,Shivajinagar,18.5308,73.8475,107.1,20.2,28.6,4.2,0.0,101.4,27.9
2023-12-22,Shivajinagar,18.5308,73.8475,103.6,22.7,28.1,4.8,0.0,88.2,31.3
2023-12-23,Shivajinagar,18.5308,73.8475,97.0,21.8,28.8,6.7,0.0,69.0,24.5
2023-12-24,Shivajinagar,18.5308,73.8475,91.8,19.8,41.1,6.1,0.0,71.9,26.7
2023-12-25,Shivajinagar,18.5308,73.8475,99.0,19.9,38.2,3.5,0.0,88.2,26.5
2023-12-26,Shivajinagar,18.5308,73.8475,102.7,20.9,32.2,5.2,0.0,93.9,25.5
2023-12-27,Shivajinagar,18.5308,73.8475,104.8,19.5,33.0,7.9,0.0,91.4,26.8
2023-12-28,Shivajinagar,18.5308,73.8475,98.4,22.0,28.6,3.2,0.0,91.3,24.5
2023-12-29,Shivajinagar,18.5308,73.8475,99.4,21.1,37.1,5.2,0.0,92.7,28.6
2023-12-30,Shivajinagar,18.5308,73.8475,91.3,21.1,30.7,4.5,0.0,70.4,22.4
2023-12-31,Shivajinagar,18.5308,73.8475,92.3,21.7,31.2,4.7,0.0,70.8,21.7
2024-01-01,Shivajinagar,18.5308,73.8475,88.3,23.0,35.5,1.6,0.0,89.5,28.6
2024-01-02,Shivajinagar,18.5308,73.8475,106.7,21.3,31.4,7.6,0.0,89.7,24.5
2024-01-03,Shivajinagar,18.5308,73.8475,93.5,21.0,31.1,3.2,0.0,91.9,29.3
2024-01-04,Shivajinagar,18.5308,73.8475,108.4,23.1,32.3,6.8,0.0,92.3,26.2
2024-01-05,Shivajinagar,18.5308,73.8475,100.4,22.5,36.2,3.5,0.0,90.3,30.3
2024-01-06,Shivajinagar,18.5308,73.8475,95.6,21.1,40.4,3.5,0.0,71.6,22.4
2024-01-07,Shivajinagar,18.5308,73.8475,103.8,21.6,35.1,7.2,0.0,60.9,25.0
2024-01-08,Shivajinagar,18.5308,73.8475,110.3,21.9,36.1,6.7,0.0,88.8,27.8
2024-01-09,Shivajinagar,18.5308,73.8475,100.9,22.3,31.1,5.1,0.0,91.1,29.3
2024-01-10,Shivajinagar,18.5308,73.8475,102.4,20.3,28.5,6.2,0.0,88.2,27.7
2024-01-11,Shivajinagar,18.5308,73.8475,97.9,20.2,35.3,4.1,0.0,100.6,23.2
2024-01-12,Shivajinagar,18.5308,73.8475,110.7,21.1,32.9,4.7,0.0,92.6,29.9
2024-01-13,Shivajinagar,18.5308,73.8475,93.6,21.1,24.9,3.4,0.0,70.9,23.2
2024-01-14,Shivajinagar,18.5308,73.8475,104.3,21.6,30.4,6.5,0.0,67.6,25.4
2024-01-15,Shivajinagar,18.5308,73.8475,107.3,23.3,31.6,3.3,0.0,92.4,29.1
2024-01-16,Shivajinagar,18.5308,73.8475,113.0,22.4,29.4,7.7,0.0,86.4,25.5
2024-01-17,Shivajinagar,18.5308,73.8475,103.6,23.0,39.4,4.1,0.0,91.7,25.1
2024-01-18,Shivajinagar,18.5308,73.8475,111.0,21.4,34.4,4.7,0.0,87.8,29.0
2024-01-19,Shivajinagar,18.5308,73.8475,113.1,22.4,38.9,6.2,0.0,91.1,26.6
2024-01-20,Shivajinagar,18.5308,73.8475,86.2,23.8,33.4,4.8,0.0,57.2,25.7
2024-01-21,Shivajinagar,18.5308,73.8475,95.4,24.0,32.5,4.1,0.0,64.4,23.0
2024-01-22,Shivajinagar,18.5308,73.8475,116.8,22.5,27.4,4.7,0.0,99.8,30.0
2024-01-23,Shivajinagar,18.5308,73.8475,114.4,23.7,32.2,6.5,0.0,96.7,28.5
2024-01-24,Shivajinagar,18.5308,73.8475,95.3,26.3,32.2,3.4,0.0,99.1,28.1
2024-01-25,Shivajinagar,18.5308,73.8475,107.1,23.7,25.4,4.5,0.0,99.4,26.5
2024-01-26,Shivajinagar,18.5308,73.8475,107.7,23.0,29.6,4.8,0.0,95.9,28.0
2024-01-27,Shivajinagar,18.5308,73.8475,97.4,23.8,30.7,6.5,0.0,67.7,26.4
2024-01-28,Shivajinagar,18.5308,73.8475,86.9,24.2,34.4,4.6,0.0,64.8,23.3
2024-01-29,Shivajinagar,18.5308,73.8475,113.1,24.1,34.7,8.4,0.0,98.2,28.7
2024-01-30,Shivajinagar,18.5308,73.8475,102.7,24.3,29.6,4.5,0.0,92.8,27.5
2024-01-31,Shivajinagar,18.5308,73.8475,111.0,22.8,34.9,4.4,0.0,105.0,27.7
2024-02-01,Shivajinagar,18.5308,73.8475,108.9,23.5,31.7,4.5,0.0,90.7,31.7
2024-02-02,Shivajinagar,18.5308,73.8475,108.4,24.6,18.4,2.3,0.0,102.4,30.4
2024-02-03,Shivajinagar,18.5308,73.8475,91.3,24.7,30.4,2.8,0.0,69.2,23.6
2024-02-04,Shivajinagar,18.5308,73.8475,94.2,24.3,38.3,3.9,0.0,76.7,23.9
2024-02-05,Shivajinagar,18.5308,73.8475,116.3,24.9,24.5,7.2,0.0,101.0,25.6
2024-02-06,Shivajinagar,18.5308,73.8475,101.9,25.3,33.6,4.9,0.0,87.4,27.0
2024-02-07,Shivajinagar,18.5308,73.8475,93.3,26.5,41.1,4.0,0.0,90.1,28.2
2024-02-08,Shivajinagar,18.5308,73.8475,106.3,25.4,29.4,7.5,0.0,87.3,29.5
2024-02-09,Shivajinagar,18.5308,73.8475,99.0,26.1,33.3,8.2,0.0,86.4,29.3
2024-02-10,Shivajinagar,18.5308,73.8475,89.1,25.1,26.9,7.6,0.0,73.3,20.6
2024-02-11,Shivajinagar,18.5308,73.8475,69.0,26.6,41.7,3.4,0.0,69.0,25.8
2024-02-12,Shivajinagar,18.5308,73.8475,90.0,26.5,33.2,4.2,0.0,92.8,27.2
2024-02-13,Shivajinagar,18.5308,73.8475,25.8,27.2,49.0,8.8,15.7,87.5,24.9
2024-02-14,Shivajinagar,18.5308,73.8475,96.9,27.2,40.7,5.7,0.0,83.2,30.7
2024-02-15,Shivajinagar,18.5308,73.8475,106.5,27.1,37.3,4.7,0.0,98.9,31.1
2024-02-16,Shivajinagar,18.5308,73.8475,116.6,26.4,29.8,6.7,0.0,90.8,28.1
2024-02-17,Shivajinagar,18.5308,73.8475,104.2,27.0,31.0,7.3,0.0,72.7,25.2
2024-02-18,Shivajinagar,18.5308,73.8475,88.5,28.1,36.9,4.2,0.0,73.1,25.3
2024-02-19,Shivajinagar,18.5308,73.8475,104.0,26.2,31.4,5.8,0.0,99.4,30.9
2024-02-20,Shivajinagar,18.5308,73.8475,105.4,26.3,24.1,7.3,0.0,92.0,29.2
2024-02-21,Shivajinagar,18.5308,73.8475,83.3,27.4,34.5,3.2,0.0,81.9,24.1
2024-02-22,Shivajinagar,18.5308,73.8475,96.9,27.8,27.5,5.5,0.0,92.8,32.4
2024-02-23,Shivajinagar,18.5308,73.8475,94.0,26.5,43.2,3.3,0.0,93.5,30.1
2024-02-24,Shivajinagar,18.5308,73.8475,82.4,27.5,36.1,3.6,0.0,64.8,22.1
2024-02-25,Shivajinagar,18.5308,73.8475,77.9,27.6,30.8,4.5,0.0,70.7,20.8
2024-02-26,Shivajinagar,18.5308,73.8475,91.2,25.2,32.0,6.6,0.0,90.7,28.7
2024-02-27,Shivajinagar,18.5308,73.8475,86.5,27.7,26.2,5.1,0.0,85.8,26.7
2024-02-28,Shivajinagar,18.5308,73.8475,93.7,27.9,30.3,4.5,0.0,95.9,28.2
2024-02-29,Shivajinagar,18.5308,73.8475,95.7,28.0,41.0,5.9,0.0,89.7,29.3
2024-03-01,Shivajinagar,18.5308,73.8475,100.0,30.0,47.3,3.6,0.0,90.5,26.0
2024-03-02,Shivajinagar,18.5308,73.8475,85.9,27.0,39.9,6.8,0.0,67.7,20.6
2024-03-03,Shivajinagar,18.5308,73.8475,89.2,27.6,36.0,8.2,0.0,76.2,24.4
2024-03-04,Shivajinagar,18.5308,73.8475,94.7,25.5,34.4,5.8,0.0,92.3,26.1
2024-03-05,Shivajinagar,18.5308,73.8475,90.5,28.2,32.0,5.6,0.0,92.9,27.8
2024-03-06,Shivajinagar,18.5308,73.8475,84.0,28.4,47.2,6.8,0.0,90.3,24.0
2024-03-07,Shivajinagar,18.5308,73.8475,80.6,28.4,36.1,2.1,0.0,94.8,26.8
2024-03-08,Shivajinagar,18.5308,73.8475,75.8,30.4,47.8,7.2,0.0,99.2,29.2
2024-03-09,Shivajinagar,18.5308,73.8475,74.0,30.3,44.3,12.4,0.0,73.2,24.9
2024-03-10,Shivajinagar,18.5308,73.8475,73.2,29.4,28.8,6.0,0.0,73.4,21.4
2024-03-11,Shivajinagar,18.5308,73.8475,89.1,29.0,34.4,6.1,0.0,95.5,24.5
2024-03-12,Shivajinagar,18.5308,73.8475,86.7,30.8,34.5,7.8,0.0,85.6,27.4
2024-03-13,Shivajinagar,18.5308,73.8475,81.8,29.6,37.6,9.7,0.0,88.1,28.8
2024-03-14,Shivajinagar,18.5308,73.8475,81.7,28.8,37.9,8.4,0.0,91.5,28.4
2024-03-15,Shivajinagar,18.5308,73.8475,61.9,27.8,53.3,2.2,0.0,88.9,26.1
2024-03-16,Shivajinagar,18.5308,73.8475,60.7,29.5,33.1,7.6,0.0,64.7,24.1
2024-03-17,Shivajinagar,18.5308,73.8475,8.0,31.0,54.8,11.7,19.9,50.7,27.2
2024-03-18,Shivajinagar,18.5308,73.8475,74.5,32.9,41.9,7.9,0.0,85.8,27.9
2024-03-19,Shivajinagar,18.5308,73.8475,77.6,30.4,39.0,4.3,0.0,91.2,23.3
2024-03-20,Shivajinagar,18.5308,73.8475,72.2,29.5,39.7,7.3,0.0,92.2,27.9
2024-03-21,Shivajinagar,18.5308,73.8475,71.3,29.1,34.1,4.2,0.0,88.5,32.5
2024-03-22,Shivajinagar,18.5308,73.8475,73.4,31.2,40.0,9.2,0.0,92.9,24.2
2024-03-23,Shivajinagar,18.5308,73.8475,65.4,28.6,42.2,4.9,0.0,67.8,23.5
2024-03-24,Shivajinagar,18.5308,73.8475,72.6,31.4,41.4,7.0,0.0,75.5,22.8
2024-03-25,Shivajinagar,18.5308,73.8475,79.1,31.8,42.8,5.2,0.0,91.7,27.6
2024-03-26,Shivajinagar,18.5308,73.8475,84.7,31.5,47.1,5.9,0.0,96.0,27.9
2024-03-27,Shivajinagar,18.5308,73.8475,80.7,30.8,44.9,10.0,0.0,93.5,30.2
2024-03-28,Shivajinagar,18.5308,73.8475,81.0,31.8,40.7,7.2,0.0,85.5,27.6
2024-03-29,Shivajinagar,18.5308,73.8475,76.0,31.4,34.6,5.9,0.0,92.0,30.6
2024-03-30,Shivajinagar,18.5308,73.8475,56.1,30.4,37.6,4.8,0.0,63.8,23.1
2024-03-31,Shivajinagar,18.5308,73.8475,60.5,33.6,39.7,3.4,0.0,69.5,22.5
2024-04-01,Shivajinagar,18.5308,73.8475,62.0,31.0,42.1,4.7,0.0,88.8,25.7
2024-04-02,Shivajinagar,18.5308,73.8475,70.6,32.5,38.6,7.4,0.0,94.4,22.9
2024-04-03,Shivajinagar,18.5308,73.8475,71.1,28.7,36.5,9.2,0.0,85.8,28.1
2024-04-04,Shivajinagar,18.5308,73.8475,77.3,33.2,35.3,6.2,0.0,92.6,32.5
2024-04-05,Shivajinagar,18.5308,73.8475,77.8,33.5,33.1,10.4,0.0,95.4,28.5
2024-04-06,Shivajinagar,18.5308,73.8475,64.2,31.9,40.3,5.9,0.0,74.5,25.1
2024-04-07,Shivajinagar,18.5308,73.8475,64.2,32.6,34.3,6.9,0.0,66.2,22.4
2024-04-08,Shivajinagar,18.5308,73.8475,67.6,32.6,36.7,5.2,0.0,92.6,26.8
2024-04-09,Shivajinagar,18.5308,73.8475,66.7,31.3,39.9,9.4,0.0,93.4,29.9
2024-04-10,Shivajinagar,18.5308,73.8475,74.3,32.7,35.2,11.6,0.0,100.2,32.4
2024-04-11,Shivajinagar,18.5308,73.8475,63.4,31.2,43.9,3.9,0.0,85.1,31.1
2024-04-12,Shivajinagar,18.5308,73.8475,63.1,31.5,45.8,6.8,0.0,87.9,29.4
2024-04-13,Shivajinagar,18.5308,73.8475,63.4,33.6,39.4,10.0,0.0,84.0,23.5
2024-04-14,Shivajinagar,18.5308,73.8475,62.9,33.5,40.1,4.6,0.0,68.6,23.9
2024-04-15,Shivajinagar,18.5308,73.8475,64.6,31.5,45.0,8.7,0.0,83.0,25.5
2024-04-16,Shivajinagar,18.5308,73.8475,65.6,31.5,38.8,10.0,0.0,89.6,23.8
2024-04-17,Shivajinagar,18.5308,73.8475,54.3,31.7,38.5,7.7,0.0,78.7,24.6
2024-04-18,Shivajinagar,18.5308,73.8475,60.1,33.4,48.4,8.6,0.0,93.7,27.5
2024-04-19,Shivajinagar,18.5308,73.8475,66.0,31.4,46.9,11.1,0.0,96.5,26.7
2024-04-20,Shivajinagar,18.5308,73.8475,60.0,33.0,45.5,11.5,0.0,65.4,19.7
2024-04-21,Shivajinagar,18.5308,73.8475,59.0,33.5,47.2,7.4,0.0,67.6,23.3
2024-04-22,Shivajinagar,18.5308,73.8475,75.5,32.6,32.7,6.5,0.0,97.1,26.6
2024-04-23,Shivajinagar,18.5308,73.8475,67.5,33.9,49.4,5.7,0.0,83.7,24.5
2024-04-24,Shivajinagar,18.5308,73.8475,73.2,32.4,44.6,9.5,0.0,85.9,26.5
2024-04-25,Shivajinagar,18.5308,73.8475,73.6,32.5,47.8,4.8,0.0,91.4,26.6
2024-04-26,Shivajinagar,18.5308,73.8475,77.3,31.6,44.7,7.1,0.0,88.7,25.9
2024-04-27,Shivajinagar,18.5308,73.8475,65.7,34.1,43.1,7.8,0.0,68.5,25.7
2024-04-28,Shivajinagar,18.5308,73.8475,53.3,31.9,41.6,6.6,0.0,63.7,18.6
2024-04-29,Shivajinagar,18.5308,73.8475,66.9,33.3,44.8,8.2,0.0,93.6,22.4
2024-04-30,Shivajinagar,18.5308,73.8475,71.2,32.8,41.5,12.8,0.0,91.8,27.4
2024-05-01,Shivajinagar,18.5308,73.8475,75.5,31.7,47.5,7.4,0.0,95.2,27.6
2024-05-02,Shivajinagar,18.5308,73.8475,79.8,32.2,35.3,6.8,0.0,93.5,28.4
2024-05-03,Shivajinagar,18.5308,73.8475,82.9,34.6,40.7,9.7,0.0,93.5,26.1
2024-05-04,Shivajinagar,18.5308,73.8475,65.0,33.2,53.7,8.1,0.0,62.8,21.1
2024-05-05,Shivajinagar,18.5308,73.8475,69.1,31.8,40.4,10.6,0.0,72.5,23.4
2024-05-06,Shivajinagar,18.5308,73.8475,64.2,33.4,42.5,8.0,0.0,90.8,26.3
2024-05-07,Shivajinagar,18.5308,73.8475,67.7,32.8,39.4,7.2,0.0,91.7,31.3
2024-05-08,Shivajinagar,18.5308,73.8475,62.9,37.1,45.6,4.2,0.0,97.7,26.6
2024-05-09,Shivajinagar,18.5308,73.8475,62.7,33.3,40.4,4.5,0.0,88.9,27.3
2024-05-10,Shivajinagar,18.5308,73.8475,67.3,32.5,43.3,4.1,0.0,99.3,33.6
2024-05-11,Shivajinagar,18.5308,73.8475,60.0,34.7,48.6,8.5,0.0,77.2,22.9
2024-05-12,Shivajinagar,18.5308,73.8475,58.2,30.8,41.1,5.1,0.0,73.8,24.8
2024-05-13,Shivajinagar,18.5308,73.8475,66.7,33.1,48.7,10.3,0.0,87.6,29.0
2024-05-14,Shivajinagar,18.5308,73.8475,50.7,35.4,49.0,7.9,0.0,81.6,29.2
2024-05-15,Shivajinagar,18.5308,73.8475,59.2,32.8,50.4,7.4,0.0,97.9,28.1
2024-05-16,Shivajinagar,18.5308,73.8475,65.6,30.9,46.0,6.2,0.0,93.1,27.9
2024-05-17,Shivajinagar,18.5308,73.8475,67.5,32.5,61.8,9.1,0.0,88.8,27.7
2024-05-18,Shivajinagar,18.5308,73.8475,40.2,34.7,66.1,6.3,5.0,73.4,22.0
2024-05-19,Shivajinagar,18.5308,73.8475,31.2,33.3,62.7,6.0,11.6,59.9,24.2
2024-05-20,Shivajinagar,18.5308,73.8475,73.5,31.9,41.9,10.4,0.0,90.4,32.5
2024-05-21,Shivajinagar,18.5308,73.8475,69.5,32.0,46.1,8.7,0.0,95.1,30.4
2024-05-22,Shivajinagar,18.5308,73.8475,64.6,32.1,54.0,7.6,0.0,86.9,28.2
2024-05-23,Shivajinagar,18.5308,73.8475,19.9,33.2,70.7,9.4,14.3,84.8,29.5
2024-05-24,Shivajinagar,18.5308,73.8475,59.3,34.4,54.8,8.1,0.0,97.9,25.2
2024-05-25,Shivajinagar,18.5308,73.8475,49.8,34.0,51.7,8.9,0.0,71.1,22.7
2024-05-26,Shivajinagar,18.5308,73.8475,49.8,33.2,41.8,6.5,0.0,76.2,25.8
2024-05-27,Shivajinagar,18.5308,73.8475,58.9,31.0,50.8,12.4,0.0,98.2,31.1
2024-05-28,Shivajinagar,18.5308,73.8475,59.9,31.0,42.6,7.1,0.0,92.5,25.5
2024-05-29,Shivajinagar,18.5308,73.8475,9.4,33.2,56.7,11.4,16.3,72.6,26.2
2024-05-30,Shivajinagar,18.5308,73.8475,54.6,30.9,50.7,8.0,0.0,87.0,32.9
2024-05-31,Shivajinagar,18.5308,73.8475,58.6,32.2,52.5,10.0,0.0,96.3,27.6
2024-06-01,Shivajinagar,18.5308,73.8475,52.2,32.8,54.8,9.9,0.0,62.2,28.0
2024-06-02,Shivajinagar,18.5308,73.8475,46.7,31.0,53.2,10.8,0.0,68.4,23.9
2024-06-03,Shivajinagar,18.5308,73.8475,50.1,31.1,53.9,6.9,0.0,94.2,28.0
2024-06-04,Shivajinagar,18.5308,73.8475,19.2,32.1,61.7,10.7,10.8,94.4,26.6
2024-06-05,Shivajinagar,18.5308,73.8475,8.0,32.8,66.6,12.3,23.3,78.0,29.8
2024-06-06,Shivajinagar,18.5308,73.8475,56.3,33.4,45.1,8.2,0.0,89.3,30.8
2024-06-07,Shivajinagar,18.5308,73.8475,63.9,32.8,43.1,8.8,0.0,92.2,24.8
2024-06-08,Shivajinagar,18.5308,73.8475,19.6,32.1,72.3,7.8,20.3,61.6,22.5
2024-06-09,Shivajinagar,18.5308,73.8475,41.8,31.1,65.4,8.2,2.1,68.2,25.7
2024-06-10,Shivajinagar,18.5308,73.8475,61.5,30.6,59.1,12.4,0.0,97.7,27.1
2024-06-11,Shivajinagar,18.5308,73.8475,37.9,31.2,75.8,7.0,9.3,83.9,26.2
2024-06-12,Shivajinagar,18.5308,73.8475,25.3,32.2,67.7,7.2,7.4,89.4,29.9
2024-06-13,Shivajinagar,18.5308,73.8475,47.9,32.1,59.4,12.3,0.0,94.7,30.2
2024-06-14,Shivajinagar,18.5308,73.8475,53.4,29.1,53.7,10.4,0.0,90.5,26.3
2024-06-15,Shivajinagar,18.5308,73.8475,46.5,30.6,48.4,13.5,0.0,74.2,23.9
2024-06-16,Shivajinagar,18.5308,73.8475,49.2,32.9,58.9,8.4,0.0,70.7,20.4
2024-06-17,Shivajinagar,18.5308,73.8475,27.2,31.5,71.5,9.6,6.8,93.0,25.2
2024-06-18,Shivajinagar,18.5308,73.8475,52.9,29.6,57.3,8.1,0.0,93.5,27.7
2024-06-19,Shivajinagar,18.5308,73.8475,46.3,34.0,70.0,9.8,0.0,94.4,27.5
2024-06-20,Shivajinagar,18.5308,73.8475,47.2,31.1,53.2,6.1,0.0,89.3,25.0
2024-06-21,Shivajinagar,18.5308,73.8475,17.6,31.5,78.4,11.1,6.5,86.1,25.6
2024-06-22,Shivajinagar,18.5308,73.8475,8.0,31.4,72.2,10.4,17.3,67.5,20.7
2024-06-23,Shivajinagar,18.5308,73.8475,13.8,30.4,82.4,9.7,7.7,69.3,24.5
2024-06-24,Shivajinagar,18.5308,73.8475,44.5,29.9,65.0,9.1,0.0,87.4,22.5
2024-06-25,Shivajinagar,18.5308,73.8475,48.5,33.2,66.1,8.2,0.0,93.4,24.9
2024-06-26,Shivajinagar,18.5308,73.8475,47.5,31.8,60.2,11.5,0.0,80.6,22.7
2024-06-27,Shivajinagar,18.5308,73.8475,44.0,31.5,61.7,7.8,0.0,89.6,28.4
2024-06-28,Shivajinagar,18.5308,73.8475,32.0,31.1,70.9,11.3,0.0,97.3,22.9
2024-06-29,Shivajinagar,18.5308,73.8475,25.1,29.1,75.8,14.5,0.0,69.4,23.5
2024-06-30,Shivajinagar,18.5308,73.8475,22.0,31.7,85.0,13.4,9.9,65.6,27.5
2024-07-01,Shivajinagar,18.5308,73.8475,52.0,29.1,63.8,7.5,0.0,77.4,31.6
2024-07-02,Shivajinagar,18.5308,73.8475,28.0,30.3,85.7,9.5,4.4,88.3,22.9
2024-07-03,Shivajinagar,18.5308,73.8475,20.3,27.9,96.8,11.5,9.4,89.5,28.1
2024-07-04,Shivajinagar,18.5308,73.8475,43.8,27.3,70.9,10.6,0.0,94.8,24.9
2024-07-05,Shivajinagar,18.5308,73.8475,36.2,30.1,78.4,8.0,0.0,97.3,24.4
2024-07-06,Shivajinagar,18.5308,73.8475,23.2,28.6,83.0,11.6,3.6,67.2,23.1
2024-07-07,Shivajinagar,18.5308,73.8475,10.7,27.1,87.1,10.9,14.6,61.9,26.5
2024-07-08,Shivajinagar,18.5308,73.8475,11.2,30.0,91.1,14.8,11.0,80.3,28.9
2024-07-09,Shivajinagar,18.5308,73.8475,10.4,31.8,90.6,10.6,14.7,84.1,25.6
2024-07-10,Shivajinagar,18.5308,73.8475,21.8,30.8,85.4,13.5,5.4,83.5,29.2
2024-07-11,Shivajinagar,18.5308,73.8475,33.6,28.7,70.8,8.7,0.0,83.3,21.8
2024-07-12,Shivajinagar,18.5308,73.8475,24.5,28.9,80.4,9.2,0.0,87.1,25.5
2024-07-13,Shivajinagar,18.5308,73.8475,13.3,29.8,96.9,12.8,3.7,75.7,21.3
2024-07-14,Shivajinagar,18.5308,73.8475,8.0,30.0,98.0,13.6,18.2,59.5,23.6
2024-07-15,Shivajinagar,18.5308,73.8475,8.0,28.1,98.0,9.5,10.4,88.4,26.9
2024-07-16,Shivajinagar,18.5308,73.8475,8.6,28.5,93.2,11.5,14.8,82.5,27.0
2024-07-17,Shivajinagar,18.5308,73.8475,14.8,28.7,91.5,8.8,11.0,78.0,27.0
2024-07-18,Shivajinagar,18.5308,73.8475,35.2,28.8,85.2,11.2,0.0,97.2,27.5
2024-07-19,Shivajinagar,18.5308,73.8475,31.2,27.9,82.5,13.3,0.0,81.6,28.8
2024-07-20,Shivajinagar,18.5308,73.8475,33.6,27.8,89.4,10.8,1.6,66.4,23.8
2024-07-21,Shivajinagar,18.5308,73.8475,9.3,29.5,89.5,11.2,27.9,55.8,22.7
2024-07-22,Shivajinagar,18.5308,73.8475,29.0,29.1,97.5,9.5,2.0,92.6,28.4
2024-07-23,Shivajinagar,18.5308,73.8475,8.0,28.1,94.5,10.5,22.8,77.5,29.5
2024-07-24,Shivajinagar,18.5308,73.8475,26.5,29.5,80.6,15.4,0.0,83.3,26.0
2024-07-25,Shivajinagar,18.5308,73.8475,27.8,26.9,86.3,12.0,0.0,88.5,27.3
2024-07-26,Shivajinagar,18.5308,73.8475,37.3,29.1,85.0,9.9,0.0,88.8,30.3
2024-07-27,Shivajinagar,18.5308,73.8475,24.6,27.7,88.1,11.3,0.0,66.1,20.6
2024-07-28,Shivajinagar,18.5308,73.8475,25.1,30.9,86.9,8.8,4.9,72.4,27.9
2024-07-29,Shivajinagar,18.5308,73.8475,34.6,25.4,83.0,9.9,0.0,86.4,24.1
2024-07-30,Shivajinagar,18.5308,73.8475,17.0,25.9,98.0,14.7,5.9,91.1,26.5
2024-07-31,Shivajinagar,18.5308,73.8475,14.2,27.1,89.3,11.7,12.8,86.9,25.0
2024-08-01,Shivajinagar,18.5308,73.8475,19.2,26.9,93.7,15.8,3.7,95.4,32.9
2024-08-02,Shivajinagar,18.5308,73.8475,10.0,28.6,92.8,11.8,18.7,82.5,26.1
2024-08-03,Shivajinagar,18.5308,73.8475,12.1,25.4,97.1,11.9,8.5,69.7,22.1
2024-08-04,Shivajinagar,18.5308,73.8475,11.3,27.1,98.0,13.3,3.4,67.4,22.5
2024-08-05,Shivajinagar,18.5308,73.8475,28.0,27.3,92.0,6.6,0.0,94.7,27.6
2024-08-06,Shivajinagar,18.5308,73.8475,15.6,26.6,77.7,12.4,0.0,85.0,26.6
2024-08-07,Shivajinagar,18.5308,73.8475,8.0,24.5,98.0,11.9,13.3,72.7,27.1
2024-08-08,Shivajinagar,18.5308,73.8475,8.0,27.2,98.0,14.9,18.2,85.3,18.6
2024-08-09,Shivajinagar,18.5308,73.8475,18.6,26.9,83.1,13.8,0.0,94.7,27.5
2024-08-10,Shivajinagar,18.5308,73.8475,8.0,26.0,98.0,9.6,18.3,63.3,23.4
2024-08-11,Shivajinagar,18.5308,73.8475,8.0,25.4,97.2,14.3,19.4,57.7,26.0
2024-08-12,Shivajinagar,18.5308,73.8475,14.2,25.3,98.0,11.3,3.3,98.3,30.7
2024-08-13,Shivajinagar,18.5308,73.8475,15.1,24.8,98.0,10.0,4.0,88.2,26.9
2024-08-14,Shivajinagar,18.5308,73.8475,8.0,25.5,89.4,12.1,15.3,87.0,29.4
2024-08-15,Shivajinagar,18.5308,73.8475,28.0,24.7,83.3,11.3,0.0,95.5,24.6
2024-08-16,Shivajinagar,18.5308,73.8475,31.1,23.5,83.4,14.7,0.0,101.1,29.3
2024-08-17,Shivajinagar,18.5308,73.8475,23.8,23.1,80.1,12.3,0.0,68.4,22.0
2024-08-18,Shivajinagar,18.5308,73.8475,8.0,23.3,98.0,12.0,3.4,65.0,20.4
2024-08-19,Shivajinagar,18.5308,73.8475,24.4,24.4,78.5,13.3,0.0,85.0,26.9
2024-08-20,Shivajinagar,18.5308,73.8475,25.4,24.0,78.0,13.6,0.0,100.3,30.9
2024-08-21,Shivajinagar,18.5308,73.8475,12.7,24.1,77.1,13.0,1.0,94.1,27.9
2024-08-22,Shivajinagar,18.5308,73.8475,24.1,24.3,65.9,14.2,0.0,94.8,31.1
2024-08-23,Shivajinagar,18.5308,73.8475,21.2,22.9,90.0,12.5,4.4,105.9,25.5
2024-08-24,Shivajinagar,18.5308,73.8475,8.0,25.3,86.5,11.5,30.8,56.2,26.0
2024-08-25,Shivajinagar,18.5308,73.8475,16.1,23.0,83.3,13.6,11.1,57.9,21.8
2024-08-26,Shivajinagar,18.5308,73.8475,19.8,22.7,95.8,10.9,5.5,88.8,28.0
2024-08-27,Shivajinagar,18.5308,73.8475,21.8,23.7,90.5,11.1,3.9,85.7,27.9
2024-08-28,Shivajinagar,18.5308,73.8475,14.5,20.8,87.2,14.4,3.3,88.9,29.1
2024-08-29,Shivajinagar,18.5308,73.8475,13.6,21.9,83.9,14.1,5.9,87.5,28.0
2024-08-30,Shivajinagar,18.5308,73.8475,33.2,23.9,72.5,10.8,0.0,89.6,25.6
2024-08-31,Shivajinagar,18.5308,73.8475,8.0,20.6,90.3,9.8,7.8,59.1,25.6
2024-09-01,Shivajinagar,18.5308,73.8475,17.2,23.9,80.6,13.5,13.1,71.4,27.7
2024-09-02,Shivajinagar,18.5308,73.8475,18.2,24.2,84.0,12.1,8.7,89.6,25.9
2024-09-03,Shivajinagar,18.5308,73.8475,36.3,21.8,72.7,11.1,0.0,91.4,22.8
2024-09-04,Shivajinagar,18.5308,73.8475,47.9,22.5,58.0,9.7,0.0,96.3,28.6
2024-09-05,Shivajinagar,18.5308,73.8475,51.4,23.4,66.7,11.0,0.0,94.9,26.6
2024-09-06,Shivajinagar,18.5308,73.8475,22.5,21.4,79.1,10.2,15.6,86.1,27.1
2024-09-07,Shivajinagar,18.5308,73.8475,15.9,22.9,79.9,8.8,10.9,68.0,24.8
2024-09-08,Shivajinagar,18.5308,73.8475,40.2,20.9,62.4,10.3,0.0,70.7,22.3
2024-09-09,Shivajinagar,18.5308,73.8475,15.5,21.0,79.9,10.5,6.0,92.8,26.7
2024-09-10,Shivajinagar,18.5308,73.8475,43.3,20.5,73.1,9.2,0.0,96.3,27.1
2024-09-11,Shivajinagar,18.5308,73.8475,37.5,21.8,61.2,11.6,0.0,93.3,31.1
2024-09-12,Shivajinagar,18.5308,73.8475,35.1,22.7,63.6,12.3,0.0,91.4,27.5
2024-09-13,Shivajinagar,18.5308,73.8475,38.6,20.9,71.4,11.6,0.0,100.2,24.3
2024-09-14,Shivajinagar,18.5308,73.8475,40.1,19.5,58.1,9.1,0.0,67.6,20.4
2024-09-15,Shivajinagar,18.5308,73.8475,8.0,19.7,84.2,11.1,17.6,63.2,23.7
2024-09-16,Shivajinagar,18.5308,73.8475,54.4,21.3,59.5,9.6,0.0,94.6,24.6
2024-09-17,Shivajinagar,18.5308,73.8475,28.3,23.0,82.8,6.9,8.7,85.1,23.5
2024-09-18,Shivajinagar,18.5308,73.8475,54.8,21.1,62.0,10.7,0.0,88.5,29.0
2024-09-19,Shivajinagar,18.5308,73.8475,25.4,20.1,74.2,9.5,5.5,88.0,29.1
2024-09-20,Shivajinagar,18.5308,73.8475,54.4,21.4,56.7,14.4,0.0,90.0,26.5
2024-09-21,Shivajinagar,18.5308,73.8475,44.8,20.1,53.3,12.0,0.0,62.7,24.1
2024-09-22,Shivajinagar,18.5308,73.8475,33.2,19.8,71.2,10.5,3.6,64.9,23.9
2024-09-23,Shivajinagar,18.5308,73.8475,28.9,19.0,74.8,9.5,14.3,86.7,28.9
2024-09-24,Shivajinagar,18.5308,73.8475,66.8,21.8,54.6,9.3,0.0,98.8,28.9
2024-09-25,Shivajinagar,18.5308,73.8475,34.2,17.0,67.6,6.9,9.3,90.6,20.9
2024-09-26,Shivajinagar,18.5308,73.8475,45.1,20.9,52.4,5.3,0.0,79.5,26.8
2024-09-27,Shivajinagar,18.5308,73.8475,50.9,19.3,58.1,7.0,0.0,95.7,28.7
2024-09-28,Shivajinagar,18.5308,73.8475,48.5,19.3,58.7,8.6,0.0,67.2,22.4
2024-09-29,Shivajinagar,18.5308,73.8475,34.9,21.7,63.8,4.4,4.9,69.8,23.5
2024-09-30,Shivajinagar,18.5308,73.8475,56.2,18.7,48.3,7.5,0.0,92.4,29.3
2024-10-01,Shivajinagar,18.5308,73.8475,54.2,18.7,53.1,8.0,0.0,91.5,27.6
2024-10-02,Shivajinagar,18.5308,73.8475,41.9,19.3,58.4,8.1,0.5,91.8,31.2
2024-10-03,Shivajinagar,18.5308,73.8475,51.5,19.9,56.1,7.1,0.0,92.4,30.2
2024-10-04,Shivajinagar,18.5308,73.8475,50.0,18.8,43.7,7.7,0.0,99.2,27.1
2024-10-05,Shivajinagar,18.5308,73.8475,49.7,17.3,48.2,11.8,0.0,69.9,22.9
2024-10-06,Shivajinagar,18.5308,73.8475,57.6,18.1,44.5,9.6,0.0,75.4,16.3
2024-10-07,Shivajinagar,18.5308,73.8475,61.7,20.6,47.4,7.1,0.0,97.2,26.6
2024-10-08,Shivajinagar,18.5308,73.8475,61.0,19.1,56.4,8.1,0.0,95.8,24.0
2024-10-09,Shivajinagar,18.5308,73.8475,60.7,19.5,40.9,8.1,0.0,83.6,28.0
2024-10-10,Shivajinagar,18.5308,73.8475,66.0,18.6,39.6,6.6,0.0,98.1,27.8
2024-10-11,Shivajinagar,18.5308,73.8475,57.6,18.0,43.3,6.6,0.0,90.2,29.1
2024-10-12,Shivajinagar,18.5308,73.8475,15.3,20.8,63.5,10.1,13.2,67.0,26.9
2024-10-13,Shivajinagar,18.5308,73.8475,44.7,18.5,49.9,7.2,0.0,65.1,23.3
2024-10-14,Shivajinagar,18.5308,73.8475,27.2,18.1,63.7,5.8,3.2,85.0,33.1
2024-10-15,Shivajinagar,18.5308,73.8475,55.7,19.9,52.2,7.9,0.0,102.4,28.0
2024-10-16,Shivajinagar,18.5308,73.8475,16.5,17.7,52.2,8.2,9.7,82.9,24.1
2024-10-17,Shivajinagar,18.5308,73.8475,60.2,17.8,51.7,4.0,0.0,98.2,26.0
2024-10-18,Shivajinagar,18.5308,73.8475,59.7,18.5,43.9,7.8,0.0,93.1,26.5
2024-10-19,Shivajinagar,18.5308,73.8475,61.4,18.4,48.8,9.6,0.0,67.9,24.9
2024-10-20,Shivajinagar,18.5308,73.8475,63.0,18.7,38.2,8.7,0.0,69.8,21.0
2024-10-21,Shivajinagar,18.5308,73.8475,67.3,20.8,44.6,12.2,0.0,86.0,26.7
2024-10-22,Shivajinagar,18.5308,73.8475,69.1,18.7,45.5,10.2,0.0,92.4,27.0
2024-10-23,Shivajinagar,18.5308,73.8475,69.8,15.4,49.8,10.5,0.0,87.1,26.3
2024-10-24,Shivajinagar,18.5308,73.8475,77.3,18.6,35.8,13.2,0.0,90.5,29.4
2024-10-25,Shivajinagar,18.5308,73.8475,76.3,18.2,43.7,9.1,0.0,97.1,29.0
2024-10-26,Shivajinagar,18.5308,73.8475,70.2,18.2,37.8,7.8,0.0,71.3,26.3
2024-10-27,Shivajinagar,18.5308,73.8475,54.7,18.4,45.5,9.4,0.0,62.6,22.6
2024-10-28,Shivajinagar,18.5308,73.8475,60.3,18.1,46.6,6.3,0.0,96.8,30.4
2024-10-29,Shivajinagar,18.5308,73.8475,61.2,18.0,48.9,7.6,0.0,92.5,24.0
2024-10-30,Shivajinagar,18.5308,73.8475,64.2,18.8,39.6,6.0,0.0,89.8,23.9
2024-10-31,Shivajinagar,18.5308,73.8475,70.9,17.4,46.7,8.1,0.0,96.2,24.4
2024-11-01,Shivajinagar,18.5308,73.8475,30.4,16.9,63.6,5.9,8.7,87.3,27.4
2024-11-02,Shivajinagar,18.5308,73.8475,66.3,21.7,33.3,5.8,0.0,64.2,26.4
2024-11-03,Shivajinagar,18.5308,73.8475,63.5,17.2,44.4,7.9,0.0,79.2,21.9
2024-11-04,Shivajinagar,18.5308,73.8475,70.4,18.1,45.9,6.8,0.0,92.4,26.2
2024-11-05,Shivajinagar,18.5308,73.8475,64.2,16.2,39.6,3.2,0.0,92.1,26.9
2024-11-06,Shivajinagar,18.5308,73.8475,71.3,18.1,34.6,4.1,0.0,90.5,28.8
2024-11-07,Shivajinagar,18.5308,73.8475,18.4,16.9,60.1,4.6,11.2,92.8,26.2
2024-11-08,Shivajinagar,18.5308,73.8475,71.2,17.5,34.2,5.1,0.0,89.9,26.1
2024-11-09,Shivajinagar,18.5308,73.8475,17.3,19.3,54.1,7.6,7.6,58.5,20.0
2024-11-10,Shivajinagar,18.5308,73.8475,60.6,18.6,39.6,7.2,0.0,66.6,22.0
2024-11-11,Shivajinagar,18.5308,73.8475,82.8,18.7,43.2,8.8,0.0,99.1,30.3
2024-11-12,Shivajinagar,18.5308,73.8475,85.1,15.9,36.2,8.2,0.0,96.7,27.6
2024-11-13,Shivajinagar,18.5308,73.8475,76.4,20.2,35.8,8.8,0.0,91.2,25.6
2024-11-14,Shivajinagar,18.5308,73.8475,79.1,16.6,39.5,7.8,0.0,99.4,30.5
2024-11-15,Shivajinagar,18.5308,73.8475,71.3,19.9,43.8,6.9,0.0,96.2,25.9
2024-11-16,Shivajinagar,18.5308,73.8475,57.4,19.3,50.0,8.7,0.0,68.7,26.9
2024-11-17,Shivajinagar,18.5308,73.8475,70.9,18.8,30.9,8.3,0.0,69.2,26.9
2024-11-18,Shivajinagar,18.5308,73.8475,83.1,17.1,39.8,7.1,0.0,94.1,27.5
2024-11-19,Shivajinagar,18.5308,73.8475,87.9,18.3,32.6,8.9,0.0,88.3,23.7
2024-11-20,Shivajinagar,18.5308,73.8475,83.7,17.6,42.9,1.6,0.0,92.5,33.1
2024-11-21,Shivajinagar,18.5308,73.8475,90.2,18.2,32.9,5.7,0.0,94.0,28.4
2024-11-22,Shivajinagar,18.5308,73.8475,31.6,17.9,49.1,5.6,10.0,79.1,26.6
2024-11-23,Shivajinagar,18.5308,73.8475,77.3,15.8,34.3,8.4,0.0,69.1,25.8
2024-11-24,Shivajinagar,18.5308,73.8475,77.5,19.6,36.7,9.2,0.0,68.5,25.2
2024-11-25,Shivajinagar,18.5308,73.8475,79.3,18.2,38.5,3.1,0.0,97.6,30.7
2024-11-26,Shivajinagar,18.5308,73.8475,79.3,17.8,39.2,8.8,0.0,83.3,25.7
2024-11-27,Shivajinagar,18.5308,73.8475,81.2,17.7,36.5,3.6,0.0,90.6,28.2
2024-11-28,Shivajinagar,18.5308,73.8475,83.1,18.9,29.8,3.6,0.0,90.1,24.4
2024-11-29,Shivajinagar,18.5308,73.8475,104.8,17.4,39.9,5.4,0.0,97.3,29.1
2024-11-30,Shivajinagar,18.5308,73.8475,81.2,15.8,35.8,5.2,0.0,69.8,23.3
2024-12-01,Shivajinagar,18.5308,73.8475,79.5,19.1,41.7,2.7,0.0,79.0,24.1
2024-12-02,Shivajinagar,18.5308,73.8475,92.6,19.3,32.2,7.0,0.0,95.8,27.0
2024-12-03,Shivajinagar,18.5308,73.8475,93.1,18.5,27.6,7.1,0.0,90.4,26.8
2024-12-04,Shivajinagar,18.5308,73.8475,27.9,17.4,50.3,7.8,11.0,88.2,25.2
2024-12-05,Shivajinagar,18.5308,73.8475,93.4,18.9,41.8,4.7,0.0,90.7,29.4
2024-12-06,Shivajinagar,18.5308,73.8475,98.0,17.1,35.9,5.5,0.0,96.8,31.1
2024-12-07,Shivajinagar,18.5308,73.8475,79.6,17.7,34.0,5.5,0.0,63.3,22.0
2024-12-08,Shivajinagar,18.5308,73.8475,89.3,18.1,30.5,8.9,0.0,65.9,24.8
2024-12-09,Shivajinagar,18.5308,73.8475,81.9,20.1,43.5,1.2,0.0,94.8,28.5
2024-12-10,Shivajinagar,18.5308,73.8475,91.0,18.7,29.4,3.5,0.0,98.6,27.4
2024-12-11,Shivajinagar,18.5308,73.8475,87.0,18.7,30.8,5.4,0.0,81.5,23.6
2024-12-12,Shivajinagar,18.5308,73.8475,93.2,21.6,37.1,3.2,0.0,99.4,24.1
2024-12-13,Shivajinagar,18.5308,73.8475,100.9,19.8,24.9,4.8,0.0,91.8,25.4
2024-12-14,Shivajinagar,18.5308,73.8475,78.1,19.8,40.4,5.0,0.0,60.6,18.1
2024-12-15,Shivajinagar,18.5308,73.8475,76.6,19.1,37.0,3.9,0.0,55.0,26.9
2024-12-16,Shivajinagar,18.5308,73.8475,88.4,18.9,38.3,5.3,0.0,84.9,28.3
2024-12-17,Shivajinagar,18.5308,73.8475,100.8,17.0,36.5,6.4,0.0,92.4,27.3
2024-12-18,Shivajinagar,18.5308,73.8475,94.6,20.9,32.8,4.7,0.0,92.2,21.9
2024-12-19,Shivajinagar,18.5308,73.8475,102.5,20.4,28.1,4.2,0.0,95.7,22.8
2024-12-20,Shivajinagar,18.5308,73.8475,107.6,19.7,32.6,4.7,0.0,89.8,27.4
2024-12-21,Shivajinagar,18.5308,73.8475,94.1,19.8,28.4,5.0,0.0,64.5,28.3
2024-12-22,Shivajinagar,18.5308,73.8475,30.9,21.0,50.6,1.5,10.6,62.7,21.7
2024-12-23,Shivajinagar,18.5308,73.8475,104.5,18.3,37.1,5.9,0.0,92.7,29.6
2024-12-24,Shivajinagar,18.5308,73.8475,49.0,19.6,55.3,4.1,7.9,89.7,26.2
2024-12-25,Shivajinagar,18.5308,73.8475,107.0,19.0,34.7,7.5,0.0,88.6,27.5
2024-12-26,Shivajinagar,18.5308,73.8475,107.0,22.6,37.4,6.1,0.0,97.0,30.4
2024-12-27,Shivajinagar,18.5308,73.8475,110.4,21.6,31.2,7.2,0.0,89.4,26.5
2024-12-28,Shivajinagar,18.5308,73.8475,87.0,18.0,30.2,2.9,0.0,65.7,21.7
2024-12-29,Shivajinagar,18.5308,73.8475,90.3,18.9,34.9,4.1,0.0,67.3,26.9
2024-12-30,Shivajinagar,18.5308,73.8475,96.2,20.7,30.6,2.4,0.0,97.9,27.5
2024-12-31,Shivajinagar,18.5308,73.8475,101.3,20.4,33.8,3.4,0.0,91.8,30.1
2022-01-01,Hadapsar,18.5089,73.926,103.4,22.5,25.8,2.7,0.0,57.8,68.6
2022-01-02,Hadapsar,18.5089,73.926,100.5,20.2,42.1,3.0,0.0,62.7,74.2
2022-01-03,Hadapsar,18.5089,73.926,125.5,22.4,33.9,6.1,0.0,82.2,74.3
2022-01-04,Hadapsar,18.5089,73.926,134.4,19.6,34.6,6.5,0.0,72.0,74.3
2022-01-05,Hadapsar,18.5089,73.926,133.3,22.7,28.8,2.8,0.0,81.8,74.4
2022-01-06,Hadapsar,18.5089,73.926,124.5,21.0,35.8,6.1,0.0,84.0,74.4
2022-01-07,Hadapsar,18.5089,73.926,118.9,20.4,30.2,3.7,0.0,84.6,67.6
2022-01-08,Hadapsar,18.5089,73.926,116.6,21.5,30.7,4.8,0.0,62.2,69.7
2022-01-09,Hadapsar,18.5089,73.926,115.2,22.2,35.1,7.6,0.0,51.7,66.8
2022-01-10,Hadapsar,18.5089,73.926,138.3,21.3,23.9,6.3,0.0,87.8,78.3
2022-01-11,Hadapsar,18.5089,73.926,127.9,22.7,40.0,6.3,0.0,83.5,78.2
2022-01-12,Hadapsar,18.5089,73.926,58.9,21.5,47.9,8.5,6.7,72.0,76.3
2022-01-13,Hadapsar,18.5089,73.926,112.9,23.0,38.4,3.3,0.0,77.5,73.6
2022-01-14,Hadapsar,18.5089,73.926,122.8,22.9,26.6,2.7,0.0,82.6,71.7
2022-01-15,Hadapsar,18.5089,73.926,112.4,22.4,27.4,3.3,0.0,65.0,68.6
2022-01-16,Hadapsar,18.5089,73.926,111.2,22.1,26.2,4.2,0.0,59.2,75.1
2022-01-17,Hadapsar,18.5089,73.926,118.3,22.9,33.3,1.2,0.0,85.5,72.5
2022-01-18,Hadapsar,18.5089,73.926,112.2,23.5,32.3,4.3,0.0,72.4,68.3
2022-01-19,Hadapsar,18.5089,73.926,115.6,25.5,29.7,3.6,0.0,76.2,76.8
2022-01-20,Hadapsar,18.5089,73.926,123.2,24.2,27.0,6.3,0.0,71.1,78.0
2022-01-21,Hadapsar,18.5089,73.926,135.9,24.4,25.7,5.4,0.0,76.9,78.3
2022-01-22,Hadapsar,18.5089,73.926,115.1,27.1,31.9,3.5,0.0,69.1,72.8
2022-01-23,Hadapsar,18.5089,73.926,115.6,24.1,29.8,5.9,0.0,71.9,73.2
2022-01-24,Hadapsar,18.5089,73.926,123.8,24.2,28.8,6.2,0.0,82.6,74.3
2022-01-25,Hadapsar,18.5089,73.926,111.2,24.6,40.0,3.2,0.0,78.2,69.0
2022-01-26,Hadapsar,18.5089,73.926,123.0,22.7,31.9,3.8,0.0,80.3,74.3
2022-01-27,Hadapsar,18.5089,73.926,125.2,23.5,38.7,1.2,0.0,83.8,75.8
2022-01-28,Hadapsar,18.5089,73.926,126.8,23.5,29.7,2.6,0.0,73.6,73.9
2022-01-29,Hadapsar,18.5089,73.926,114.1,25.0,33.7,3.3,0.0,58.7,69.7
2022-01-30,Hadapsar,18.5089,73.926,117.0,24.2,32.2,5.0,0.0,68.8,67.8
2022-01-31,Hadapsar,18.5089,73.926,124.1,24.7,24.1,3.0,0.0,76.2,71.7
2022-02-01,Hadapsar,18.5089,73.926,37.2,25.9,54.8,3.8,15.1,70.1,78.8
2022-02-02,Hadapsar,18.5089,73.926,116.6,25.8,32.0,2.4,0.0,81.5,78.9
2022-02-03,Hadapsar,18.5089,73.926,120.9,24.7,36.5,5.3,0.0,82.8,74.2
2022-02-04,Hadapsar,18.5089,73.926,69.7,24.2,44.1,5.8,3.0,76.8,74.9
2022-02-05,Hadapsar,18.5089,73.926,105.8,26.5,32.1,5.8,0.0,62.0,67.7
2022-02-06,Hadapsar,18.5089,73.926,108.6,26.2,28.7,5.0,0.0,64.6,71.8
2022-02-07,Hadapsar,18.5089,73.926,118.0,23.5,39.3,1.9,0.0,91.2,78.6
2022-02-08,Hadapsar,18.5089,73.926,113.3,25.2,34.8,3.8,0.0,80.8,70.4
2022-02-09,Hadapsar,18.5089,73.926,111.1,25.9,35.2,4.3,0.0,81.2,75.4
2022-02-10,Hadapsar,18.5089,73.926,108.7,26.7,40.2,4.3,0.0,89.0,75.5
2022-02-11,Hadapsar,18.5089,73.926,110.8,27.0,39.3,5.3,0.0,78.7,75.5
2022-02-12,Hadapsar,18.5089,73.926,108.1,26.4,37.5,8.0,0.0,55.0,74.3
2022-02-13,Hadapsar,18.5089,73.926,112.7,26.9,26.7,6.8,0.0,62.9,75.3
2022-02-14,Hadapsar,18.5089,73.926,110.8,26.4,30.4,3.3,0.0,86.8,73.6
2022-02-15,Hadapsar,18.5089,73.926,123.4,25.6,29.0,6.6,0.0,83.2,75.9
2022-02-16,Hadapsar,18.5089,73.926,123.8,26.2,37.8,6.6,0.0,80.9,74.4
2022-02-17,Hadapsar,18.5089,73.926,107.3,26.7,35.1,3.7,0.0,74.2,72.6
2022-02-18,Hadapsar,18.5089,73.926,123.5,26.8,27.4,7.1,0.0,81.1,74.9
2022-02-19,Hadapsar,18.5089,73.926,111.6,24.7,33.6,5.1,0.0,67.8,71.9
2022-02-20,Hadapsar,18.5089,73.926,93.1,26.6,27.2,2.6,0.0,55.4,70.7
2022-02-21,Hadapsar,18.5089,73.926,114.3,27.3,34.5,6.4,0.0,80.2,72.0
2022-02-22,Hadapsar,18.5089,73.926,115.7,27.0,26.7,6.0,0.0,79.5,73.0
2022-02-23,Hadapsar,18.5089,73.926,102.4,27.2,37.7,5.1,0.0,77.9,73.1
2022-02-24,Hadapsar,18.5089,73.926,107.9,28.2,37.1,5.5,0.0,82.6,72.1
2022-02-25,Hadapsar,18.5089,73.926,104.8,26.4,44.9,4.2,0.0,83.6,75.0
2022-02-26,Hadapsar,18.5089,73.926,38.6,25.9,54.7,6.9,9.8,58.8,71.2
2022-02-27,Hadapsar,18.5089,73.926,94.0,27.5,33.5,5.6,0.0,56.7,72.6
2022-02-28,Hadapsar,18.5089,73.926,101.1,29.0,39.9,6.1,0.0,73.2,72.1
2022-03-01,Hadapsar,18.5089,73.926,117.4,30.2,29.0,6.5,0.0,82.7,72.8
2022-03-02,Hadapsar,18.5089,73.926,116.0,29.2,31.3,3.5,0.0,78.9,78.1
2022-03-03,Hadapsar,18.5089,73.926,120.1,26.7,37.9,4.1,0.0,90.6,73.8
2022-03-04,Hadapsar,18.5089,73.926,104.7,28.3,25.6,1.5,0.0,90.8,74.3
2022-03-05,Hadapsar,18.5089,73.926,105.9,29.0,36.4,7.1,0.0,71.6,69.8
2022-03-06,Hadapsar,18.5089,73.926,89.5,29.0,31.6,3.6,0.0,56.9,73.0
2022-03-07,Hadapsar,18.5089,73.926,107.9,29.5,37.4,6.3,0.0,84.2,77.1
2022-03-08,Hadapsar,18.5089,73.926,106.8,27.9,31.7,6.9,0.0,85.8,77.0
2022-03-09,Hadapsar,18.5089,73.926,95.9,29.2,39.3,7.4,0.0,85.2,74.3
2022-03-10,Hadapsar,18.5089,73.926,88.3,29.7,37.5,3.8,0.0,79.6,72.0
2022-03-11,Hadapsar,18.5089,73.926,101.1,30.3,44.5,6.1,0.0,87.8,79.0
2022-03-12,Hadapsar,18.5089,73.926,97.0,28.5,37.7,9.6,0.0,61.6,72.3
2022-03-13,Hadapsar,18.5089,73.926,99.2,29.1,34.0,9.8,0.0,62.2,69.1
2022-03-14,Hadapsar,18.5089,73.926,102.2,26.4,36.8,8.4,0.0,73.7,77.8
2022-03-15,Hadapsar,18.5089,73.926,105.5,29.0,31.5,7.1,0.0,84.6,72.9
2022-03-16,Hadapsar,18.5089,73.926,98.1,29.3,40.4,4.5,0.0,80.1,77.7
2022-03-17,Hadapsar,18.5089,73.926,100.3,28.8,41.5,8.0,0.0,83.7,77.9
2022-03-18,Hadapsar,18.5089,73.926,91.8,30.3,51.0,6.2,0.0,82.6,71.9
2022-03-19,Hadapsar,18.5089,73.926,98.0,30.1,35.7,7.7,0.0,62.5,71.7
2022-03-20,Hadapsar,18.5089,73.926,89.9,27.6,37.6,5.4,0.0,61.4,72.2
2022-03-21,Hadapsar,18.5089,73.926,100.8,30.6,36.3,6.3,0.0,85.3,80.7
2022-03-22,Hadapsar,18.5089,73.926,94.2,29.4,40.4,7.1,0.0,80.4,72.3
2022-03-23,Hadapsar,18.5089,73.926,90.4,31.2,41.4,7.3,0.0,74.1,77.8
2022-03-24,Hadapsar,18.5089,73.926,91.4,29.1,39.3,7.8,0.0,84.2,74.2
2022-03-25,Hadapsar,18.5089,73.926,84.6,30.8,45.2,5.7,0.0,77.4,71.1
2022-03-26,Hadapsar,18.5089,73.926,72.8,30.5,36.8,4.2,0.0,55.0,69.9
2022-03-27,Hadapsar,18.5089,73.926,31.0,31.3,60.0,10.2,6.6,53.2,70.2
2022-03-28,Hadapsar,18.5089,73.926,84.6,31.2,42.9,12.0,0.0,82.8,71.6
2022-03-29,Hadapsar,18.5089,73.926,85.3,30.8,40.3,7.9,0.0,80.9,75.0
2022-03-30,Hadapsar,18.5089,73.926,81.5,29.4,38.9,4.4,0.0,70.7,76.6
2022-03-31,Hadapsar,18.5089,73.926,79.9,29.5,52.8,5.6,0.0,79.5,74.8
2022-04-01,Hadapsar,18.5089,73.926,79.7,30.7,36.7,8.2,0.0,87.2,72.8
2022-04-02,Hadapsar,18.5089,73.926,74.2,31.4,42.4,9.9,0.0,59.3,69.8
2022-04-03,Hadapsar,18.5089,73.926,72.3,30.8,37.3,4.8,0.0,60.8,70.2
2022-04-04,Hadapsar,18.5089,73.926,76.5,32.4,50.1,7.0,0.0,86.6,74.7
2022-04-05,Hadapsar,18.5089,73.926,83.3,31.3,45.7,7.7,0.0,85.4,77.0
2022-04-06,Hadapsar,18.5089,73.926,79.8,30.6,38.0,9.0,0.0,86.5,74.9
2022-04-07,Hadapsar,18.5089,73.926,75.3,31.5,44.1,6.7,0.0,67.5,70.7
2022-04-08,Hadapsar,18.5089,73.926,80.7,32.2,42.9,4.2,0.0,90.1,72.8
2022-04-09,Hadapsar,18.5089,73.926,65.7,32.3,39.1,8.6,0.0,64.8,70.6
2022-04-10,Hadapsar,18.5089,73.926,71.3,34.3,45.6,9.7,0.0,73.9,73.0
2022-04-11,Hadapsar,18.5089,73.926,72.9,31.3,43.9,7.3,0.0,77.5,77.4
2022-04-12,Hadapsar,18.5089,73.926,71.5,32.1,43.1,8.3,0.0,72.6,78.6
2022-04-13,Hadapsar,18.5089,73.926,71.2,32.7,41.9,6.5,0.0,81.4,74.5
2022-04-14,Hadapsar,18.5089,73.926,71.7,32.2,44.3,5.8,0.0,80.0,76.1
2022-04-15,Hadapsar,18.5089,73.926,73.2,31.7,43.4,9.6,0.0,84.7,70.6
2022-04-16,Hadapsar,18.5089,73.926,61.3,30.5,42.6,8.3,0.0,67.0,71.3
2022-04-17,Hadapsar,18.5089,73.926,70.1,31.8,39.1,8.5,0.0,61.2,67.5
2022-04-18,Hadapsar,18.5089,73.926,72.7,31.2,50.8,10.5,0.0,80.2,74.0
2022-04-19,Hadapsar,18.5089,73.926,75.7,30.4,37.2,5.4,0.0,84.0,81.8
2022-04-20,Hadapsar,18.5089,73.926,68.2,31.6,44.6,6.4,0.0,80.1,75.0
2022-04-21,Hadapsar,18.5089,73.926,75.7,31.3,40.9,7.9,0.0,79.7,72.0
2022-04-22,Hadapsar,18.5089,73.926,69.5,33.3,51.3,6.4,0.0,86.6,75.2
2022-04-23,Hadapsar,18.5089,73.926,70.9,33.4,38.1,9.1,0.0,67.9,68.9
2022-04-24,Hadapsar,18.5089,73.926,67.4,31.6,38.9,7.2,0.0,67.0,67.8
2022-04-25,Hadapsar,18.5089,73.926,72.9,32.4,37.8,5.6,0.0,80.6,79.5
2022-04-26,Hadapsar,18.5089,73.926,65.7,30.6,44.3,7.7,0.0,70.7,76.9
2022-04-27,Hadapsar,18.5089,73.926,71.7,32.2,35.9,7.9,0.0,80.7,75.1
2022-04-28,Hadapsar,18.5089,73.926,72.4,33.3,40.5,9.5,0.0,77.6,73.2
2022-04-29,Hadapsar,18.5089,73.926,78.8,33.9,32.2,8.4,0.0,80.8,73.4
2022-04-30,Hadapsar,18.5089,73.926,33.0,32.0,59.2,8.5,3.8,56.3,74.1
2022-05-01,Hadapsar,18.5089,73.926,8.0,34.2,55.6,8.3,34.1,44.5,71.0
2022-05-02,Hadapsar,18.5089,73.926,77.3,31.1,35.7,7.3,0.0,76.2,66.5
2022-05-03,Hadapsar,18.5089,73.926,67.4,31.4,48.7,6.2,0.0,75.0,80.3
2022-05-04,Hadapsar,18.5089,73.926,8.0,33.8,51.8,8.2,32.7,71.1,74.7
2022-05-05,Hadapsar,18.5089,73.926,66.8,35.0,47.5,7.0,0.0,76.6,75.1
2022-05-06,Hadapsar,18.5089,73.926,70.1,33.6,40.1,11.1,0.0,81.4,76.9
2022-05-07,Hadapsar,18.5089,73.926,64.2,32.9,51.7,10.4,0.0,66.4,71.4
2022-05-08,Hadapsar,18.5089,73.926,64.8,30.4,47.6,9.0,0.0,66.2,72.1
2022-05-09,Hadapsar,18.5089,73.926,70.1,30.6,38.9,8.5,0.0,85.4,73.1
2022-05-10,Hadapsar,18.5089,73.926,23.5,33.2,54.5,7.6,12.6,76.6,71.1
2022-05-11,Hadapsar,18.5089,73.926,79.2,32.6,47.3,5.2,0.0,85.0,74.9
2022-05-12,Hadapsar,18.5089,73.926,72.5,31.7,43.1,7.3,0.0,88.3,77.8
2022-05-13,Hadapsar,18.5089,73.926,65.4,33.1,43.7,8.0,0.0,83.5,72.6
2022-05-14,Hadapsar,18.5089,73.926,59.1,33.1,51.1,8.3,0.0,52.4,68.4
2022-05-15,Hadapsar,18.5089,73.926,65.8,34.1,41.2,8.8,0.0,59.0,73.3
2022-05-16,Hadapsar,18.5089,73.926,79.9,33.1,45.6,9.7,0.0,84.9,73.1
2022-05-17,Hadapsar,18.5089,73.926,76.7,34.4,50.1,6.5,0.0,78.3,73.2
2022-05-18,Hadapsar,18.5089,73.926,79.4,32.9,49.6,6.5,0.0,89.5,73.3
2022-05-19,Hadapsar,18.5089,73.926,72.5,32.8,45.0,10.8,0.0,81.1,74.0
2022-05-20,Hadapsar,18.5089,73.926,74.6,34.2,44.6,9.5,0.0,81.8,70.3
2022-05-21,Hadapsar,18.5089,73.926,64.9,31.7,37.6,7.2,0.0,67.2,68.9
2022-05-22,Hadapsar,18.5089,73.926,70.2,36.2,41.3,7.8,0.0,60.7,70.8
2022-05-23,Hadapsar,18.5089,73.926,75.9,33.3,48.4,7.8,0.0,82.3,74.8
2022-05-24,Hadapsar,18.5089,73.926,72.8,33.2,46.4,8.1,0.0,85.9,77.1
2022-05-25,Hadapsar,18.5089,73.926,73.2,33.4,47.8,9.1,0.0,74.0,78.8
2022-05-26,Hadapsar,18.5089,73.926,80.2,35.0,52.9,13.2,0.0,80.0,78.0
2022-05-27,Hadapsar,18.5089,73.926,80.9,33.6,42.1,8.6,0.0,85.5,76.5
2022-05-28,Hadapsar,18.5089,73.926,71.0,30.7,47.2,9.5,0.0,61.9,69.8
2022-05-29,Hadapsar,18.5089,73.926,65.9,34.3,49.7,4.9,0.0,68.9,68.6
2022-05-30,Hadapsar,18.5089,73.926,69.9,32.2,45.6,7.3,0.0,73.5,74.2
2022-05-31,Hadapsar,18.5089,73.926,58.3,32.6,56.7,10.8,0.0,72.9,75.7
2022-06-01,Hadapsar,18.5089,73.926,42.9,30.9,69.5,9.2,1.7,84.4,76.3
2022-06-02,Hadapsar,18.5089,73.926,65.4,33.1,51.8,1.2,0.0,85.7,75.8
2022-06-03,Hadapsar,18.5089,73.926,70.7,31.6,59.7,9.8,0.0,80.4,73.9
2022-06-04,Hadapsar,18.5089,73.926,17.5,32.4,58.7,12.4,8.9,59.1,72.2
2022-06-05,Hadapsar,18.5089,73.926,57.5,31.9,51.6,4.6,0.0,65.3,73.4
2022-06-06,Hadapsar,18.5089,73.926,20.1,34.5,69.0,11.7,13.9,70.4,76.4
2022-06-07,Hadapsar,18.5089,73.926,14.6,34.5,63.0,3.2,19.9,67.9,74.1
2022-06-08,Hadapsar,18.5089,73.926,63.4,32.1,54.6,10.6,0.0,82.3,72.1
2022-06-09,Hadapsar,18.5089,73.926,11.6,32.1,63.1,8.8,16.2,77.8,72.1
2022-06-10,Hadapsar,18.5089,73.926,54.5,31.5,57.6,4.2,0.0,75.6,72.5
2022-06-11,Hadapsar,18.5089,73.926,42.6,33.2,60.0,9.8,0.0,60.6,70.8
2022-06-12,Hadapsar,18.5089,73.926,8.0,31.4,71.6,11.3,15.8,52.5,71.5
2022-06-13,Hadapsar,18.5089,73.926,53.2,31.2,46.6,9.8,0.0,83.5,70.7
2022-06-14,Hadapsar,18.5089,73.926,55.3,32.9,51.6,10.3,0.0,81.4,72.9
2022-06-15,Hadapsar,18.5089,73.926,51.5,31.0,59.8,8.4,0.0,78.7,74.8
2022-06-16,Hadapsar,18.5089,73.926,54.9,31.5,57.7,5.5,0.0,87.6,72.0
2022-06-17,Hadapsar,18.5089,73.926,55.6,29.6,44.8,10.7,0.0,78.7,75.3
2022-06-18,Hadapsar,18.5089,73.926,43.5,32.2,65.1,12.9,0.0,60.1,69.4
2022-06-19,Hadapsar,18.5089,73.926,20.5,33.6,75.2,11.7,4.0,51.7,68.4
2022-06-20,Hadapsar,18.5089,73.926,50.0,32.1,56.1,5.6,0.0,77.8,74.3
2022-06-21,Hadapsar,18.5089,73.926,52.1,32.9,65.8,6.6,0.0,84.0,75.2
2022-06-22,Hadapsar,18.5089,73.926,58.5,30.0,58.1,8.0,0.0,83.0,72.1
2022-06-23,Hadapsar,18.5089,73.926,58.8,31.2,58.7,6.6,0.0,84.4,73.6
2022-06-24,Hadapsar,18.5089,73.926,51.4,29.7,64.6,9.9,0.0,84.2,75.4
2022-06-25,Hadapsar,18.5089,73.926,44.0,30.5,72.4,10.7,0.0,72.0,68.3
2022-06-26,Hadapsar,18.5089,73.926,33.9,31.6,72.3,7.1,0.0,57.9,66.1
2022-06-27,Hadapsar,18.5089,73.926,8.0,30.7,81.7,11.6,16.4,65.1,70.4
2022-06-28,Hadapsar,18.5089,73.926,8.0,28.8,82.9,11.4,16.1,68.1,73.2
2022-06-29,Hadapsar,18.5089,73.926,39.1,28.8,70.2,9.1,0.0,77.9,70.9
2022-06-30,Hadapsar,18.5089,73.926,40.3,28.6,60.7,10.0,0.0,76.5,73.3
2022-07-01,Hadapsar,18.5089,73.926,43.2,30.8,70.9,6.5,0.0,81.9,78.4
2022-07-02,Hadapsar,18.5089,73.926,14.1,32.6,79.7,9.8,12.2,61.8,66.8
2022-07-03,Hadapsar,18.5089,73.926,30.2,31.6,85.6,10.6,3.8,67.4,69.5
2022-07-04,Hadapsar,18.5089,73.926,44.4,27.6,68.6,11.0,0.0,83.9,79.5
2022-07-05,Hadapsar,18.5089,73.926,41.0,31.5,72.9,11.5,0.0,92.1,75.2
2022-07-06,Hadapsar,18.5089,73.926,37.4,30.8,71.6,11.3,0.0,79.6,73.3
2022-07-07,Hadapsar,18.5089,73.926,46.0,27.7,56.3,10.3,0.0,73.2,73.8
2022-07-08,Hadapsar,18.5089,73.926,42.5,29.1,73.2,11.5,0.0,86.7,75.3
2022-07-09,Hadapsar,18.5089,73.926,33.5,30.7,76.2,13.0,0.0,52.4,74.4
2022-07-10,Hadapsar,18.5089,73.926,37.5,29.9,75.8,10.9,0.0,57.8,68.9
2022-07-11,Hadapsar,18.5089,73.926,18.7,27.5,88.7,11.8,6.5,80.7,72.3
2022-07-12,Hadapsar,18.5089,73.926,41.5,29.7,83.0,10.8,0.0,80.9,70.8
2022-07-13,Hadapsar,18.5089,73.926,29.6,26.3,92.0,10.0,3.1,78.9,74.5
2022-07-14,Hadapsar,18.5089,73.926,17.7,28.5,93.2,12.4,4.9,73.1,70.7
2022-07-15,Hadapsar,18.5089,73.926,9.8,30.0,96.7,10.3,13.4,74.7,73.0
2022-07-16,Hadapsar,18.5089,73.926,35.2,28.6,78.9,12.2,0.0,66.6,67.9
2022-07-17,Hadapsar,18.5089,73.926,33.3,27.8,73.1,11.6,0.0,61.7,72.9
2022-07-18,Hadapsar,18.5089,73.926,18.4,29.4,80.8,10.9,10.3,72.1,72.9
2022-07-19,Hadapsar,18.5089,73.926,12.9,29.4,91.1,10.9,11.0,69.7,75.2
2022-07-20,Hadapsar,18.5089,73.926,16.0,29.6,97.7,10.6,5.3,74.7,70.2
2022-07-21,Hadapsar,18.5089,73.926,38.4,29.0,77.6,8.4,0.0,83.4,74.5
2022-07-22,Hadapsar,18.5089,73.926,26.7,29.1,83.7,12.5,0.0,83.1,71.2
2022-07-23,Hadapsar,18.5089,73.926,14.5,28.6,95.8,12.2,7.6,53.8,69.1
2022-07-24,Hadapsar,18.5089,73.926,8.8,27.9,98.0,13.5,16.2,42.4,75.7
2022-07-25,Hadapsar,18.5089,73.926,20.8,27.6,94.2,10.8,3.0,82.0,76.5
2022-07-26,Hadapsar,18.5089,73.926,17.6,27.0,83.3,15.7,0.7,76.5,73.9
2022-07-27,Hadapsar,18.5089,73.926,28.7,25.7,83.7,11.2,0.0,84.8,82.2
2022-07-28,Hadapsar,18.5089,73.926,29.4,25.9,88.9,10.2,0.0,77.6,71.9
2022-07-29,Hadapsar,18.5089,73.926,14.0,26.6,88.1,10.0,21.7,65.6,77.1
2022-07-30,Hadapsar,18.5089,73.926,21.9,27.1,94.4,8.5,5.0,59.9,66.4
2022-07-31,Hadapsar,18.5089,73.926,14.9,28.4,98.0,15.0,8.7,69.0,69.6
2022-08-01,Hadapsar,18.5089,73.926,13.3,26.5,98.0,14.7,10.0,80.2,70.8
2022-08-02,Hadapsar,18.5089,73.926,17.5,27.6,98.0,13.2,5.8,79.2,74.8
2022-08-03,Hadapsar,18.5089,73.926,20.9,27.6,95.5,10.2,4.5,81.0,74.3
2022-08-04,Hadapsar,18.5089,73.926,19.7,25.9,85.8,15.6,0.0,72.6,73.4
2022-08-05,Hadapsar,18.5089,73.926,20.7,26.8,98.0,11.3,2.7,74.4,76.9
2022-08-06,Hadapsar,18.5089,73.926,14.2,25.6,95.1,11.4,3.9,47.1,68.8
2022-08-07,Hadapsar,18.5089,73.926,8.0,27.4,98.0,14.8,8.5,66.0,71.0
2022-08-08,Hadapsar,18.5089,73.926,8.5,26.4,98.0,13.3,17.2,80.4,76.3
2022-08-09,Hadapsar,18.5089,73.926,24.5,24.1,90.9,16.3,0.0,83.4,70.5
2022-08-10,Hadapsar,18.5089,73.926,16.7,25.6,98.0,12.4,5.5,79.3,72.3
2022-08-11,Hadapsar,18.5089,73.926,36.5,27.3,81.2,11.1,0.0,73.6,74.3
2022-08-12,Hadapsar,18.5089,73.926,28.1,24.9,80.4,10.6,0.0,80.3,75.8
2022-08-13,Hadapsar,18.5089,73.926,20.9,25.6,98.0,8.1,7.2,67.0,73.8
2022-08-14,Hadapsar,18.5089,73.926,8.0,25.5,94.5,11.2,18.7,52.9,69.7
2022-08-15,Hadapsar,18.5089,73.926,27.9,23.5,80.7,14.0,0.0,78.6,73.4
2022-08-16,Hadapsar,18.5089,73.926,10.3,25.2,89.0,12.9,8.5,68.4,72.0
2022-08-17,Hadapsar,18.5089,73.926,8.0,22.8,98.0,11.7,30.0,73.3,75.0
2022-08-18,Hadapsar,18.5089,73.926,39.5,23.6,72.8,9.6,0.0,81.0,73.5
2022-08-19,Hadapsar,18.5089,73.926,42.4,25.5,75.9,12.0,0.0,72.6,73.5
2022-08-20,Hadapsar,18.5089,73.926,14.4,24.5,93.0,13.5,11.8,51.1,70.0
2022-08-21,Hadapsar,18.5089,73.926,14.9,23.6,98.0,12.3,11.6,49.4,71.6
2022-08-22,Hadapsar,18.5089,73.926,28.2,24.4,89.4,11.7,2.1,79.7,72.8
2022-08-23,Hadapsar,18.5089,73.926,49.0,23.7,72.6,9.7,0.0,82.4,72.3
2022-08-24,Hadapsar,18.5089,73.926,12.9,23.6,87.7,13.0,7.5,75.1,75.3
2022-08-25,Hadapsar,18.5089,73.926,9.6,24.3,98.0,4.9,19.1,75.7,66.6
2022-08-26,Hadapsar,18.5089,73.926,37.9,22.5,60.2,11.9,0.0,81.8,72.7
2022-08-27,Hadapsar,18.5089,73.926,18.7,23.3,68.6,16.2,0.0,66.9,67.3
2022-08-28,Hadapsar,18.5089,73.926,26.4,22.7,86.6,8.0,0.0,59.8,73.2
2022-08-29,Hadapsar,18.5089,73.926,11.9,21.1,90.3,10.4,18.7,87.3,73.1
2022-08-30,Hadapsar,18.5089,73.926,15.4,21.8,81.2,10.8,9.4,73.9,72.8
2022-08-31,Hadapsar,18.5089,73.926,45.4,24.6,70.8,9.8,0.0,76.9,74.1
2022-09-01,Hadapsar,18.5089,73.926,46.9,23.1,70.7,12.8,0.0,76.3,72.7
2022-09-02,Hadapsar,18.5089,73.926,46.0,20.9,73.9,11.6,0.0,80.3,73.2
2022-09-03,Hadapsar,18.5089,73.926,39.4,20.6,78.2,10.8,0.0,53.0,70.4
2022-09-04,Hadapsar,18.5089,73.926,16.0,22.1,85.3,12.1,4.6,60.8,69.1
2022-09-05,Hadapsar,18.5089,73.926,8.0,24.0,79.9,10.4,14.2,64.8,73.1
2022-09-06,Hadapsar,18.5089,73.926,8.0,21.8,85.9,16.7,18.9,72.8,71.7
2022-09-07,Hadapsar,18.5089,73.926,21.3,23.5,77.8,10.5,7.5,70.9,71.3
2022-09-08,Hadapsar,18.5089,73.926,24.2,22.2,75.4,10.5,7.4,75.8,74.4
2022-09-09,Hadapsar,18.5089,73.926,57.2,22.3,56.1,6.7,0.0,84.4,75.0
2022-09-10,Hadapsar,18.5089,73.926,46.4,20.0,71.4,8.9,1.3,72.5,66.6
2022-09-11,Hadapsar,18.5089,73.926,11.2,22.6,74.0,12.2,22.1,45.2,72.1
2022-09-12,Hadapsar,18.5089,73.926,66.3,21.0,56.9,7.2,0.0,80.6,76.1
2022-09-13,Hadapsar,18.5089,73.926,10.1,22.3,78.7,5.5,37.6,59.0,76.6
2022-09-14,Hadapsar,18.5089,73.926,38.9,20.2,70.5,9.8,6.0,74.0,74.9
2022-09-15,Hadapsar,18.5089,73.926,60.1,21.3,45.1,12.4,0.0,77.8,75.8
2022-09-16,Hadapsar,18.5089,73.926,61.6,21.4,54.9,9.6,0.0,85.5,79.7
2022-09-17,Hadapsar,18.5089,73.926,51.2,20.7,57.1,8.8,0.0,59.2,69.4
2022-09-18,Hadapsar,18.5089,73.926,56.5,21.2,55.8,5.7,0.0,72.8,67.6
2022-09-19,Hadapsar,18.5089,73.926,18.5,20.3,80.8,10.2,16.9,75.0,70.4
2022-09-20,Hadapsar,18.5089,73.926,64.4,19.8,54.6,10.6,0.0,76.3,78.6
2022-09-21,Hadapsar,18.5089,73.926,69.2,22.4,61.4,5.6,0.0,79.6,78.6
2022-09-22,Hadapsar,18.5089,73.926,60.6,21.6,56.3,11.4,0.0,77.4,71.9
2022-09-23,Hadapsar,18.5089,73.926,59.2,19.4,55.6,10.6,0.0,85.4,72.4
2022-09-24,Hadapsar,18.5089,73.926,53.8,20.9,51.1,11.3,0.0,53.4,69.4
2022-09-25,Hadapsar,18.5089,73.926,54.7,19.2,54.4,10.1,0.0,54.9,73.3
2022-09-26,Hadapsar,18.5089,73.926,61.6,18.6,50.3,10.2,0.0,78.4,71.0
2022-09-27,Hadapsar,18.5089,73.926,35.4,21.2,69.5,9.9,2.2,83.7,69.3
2022-09-28,Hadapsar,18.5089,73.926,69.4,17.8,51.9,10.5,0.0,87.6,79.6
2022-09-29,Hadapsar,18.5089,73.926,68.3,20.9,47.9,5.1,0.0,88.3,75.0
2022-09-30,Hadapsar,18.5089,73.926,72.2,19.4,57.1,5.6,0.0,84.0,75.3
2022-10-01,Hadapsar,18.5089,73.926,63.3,19.3,53.8,7.1,0.0,61.2,69.7
2022-10-02,Hadapsar,18.5089,73.926,32.0,20.0,64.0,8.3,7.7,61.7,71.4
2022-10-03,Hadapsar,18.5089,73.926,70.8,20.1,51.5,9.3,0.0,75.7,70.4
2022-10-04,Hadapsar,18.5089,73.926,65.2,18.4,49.9,9.1,0.0,72.2,72.1
2022-10-05,Hadapsar,18.5089,73.926,72.2,20.1,45.6,10.6,0.0,83.6,74.5
2022-10-06,Hadapsar,18.5089,73.926,76.0,19.3,49.9,10.6,0.0,76.4,68.5
2022-10-07,Hadapsar,18.5089,73.926,77.1,17.6,46.0,6.6,0.0,81.1,73.4
2022-10-08,Hadapsar,18.5089,73.926,73.7,18.9,44.0,8.7,0.0,62.2,69.3
2022-10-09,Hadapsar,18.5089,73.926,74.1,20.7,40.3,6.5,0.0,62.8,69.4
2022-10-10,Hadapsar,18.5089,73.926,79.1,21.0,46.3,7.8,0.0,86.1,72.8
2022-10-11,Hadapsar,18.5089,73.926,76.0,19.7,50.6,8.8,0.0,85.6,71.7
2022-10-12,Hadapsar,18.5089,73.926,72.9,17.4,43.9,1.3,0.0,82.4,69.6
2022-10-13,Hadapsar,18.5089,73.926,72.2,19.4,59.7,12.9,0.0,79.2,74.6
2022-10-14,Hadapsar,18.5089,73.926,69.1,19.7,51.2,9.2,0.0,81.9,73.4
2022-10-15,Hadapsar,18.5089,73.926,61.8,19.5,53.1,6.8,0.0,58.6,66.8
2022-10-16,Hadapsar,18.5089,73.926,64.2,19.5,50.3,11.8,0.0,60.6,70.4
2022-10-17,Hadapsar,18.5089,73.926,72.0,19.0,55.3,7.2,0.0,94.5,73.5
2022-10-18,Hadapsar,18.5089,73.926,79.9,18.4,41.8,8.2,0.0,82.3,73.0
2022-10-19,Hadapsar,18.5089,73.926,76.9,17.7,32.6,6.9,0.0,83.7,68.8
2022-10-20,Hadapsar,18.5089,73.926,22.8,16.1,57.9,11.1,7.7,74.0,75.9
2022-10-21,Hadapsar,18.5089,73.926,75.2,18.8,47.7,7.6,0.0,86.5,71.1
2022-10-22,Hadapsar,18.5089,73.926,63.8,18.6,45.3,8.0,0.0,65.4,70.4
2022-10-23,Hadapsar,18.5089,73.926,25.5,19.0,60.7,10.1,3.4,63.7,68.2
2022-10-24,Hadapsar,18.5089,73.926,72.1,16.7,50.6,8.8,0.0,82.5,73.2
2022-10-25,Hadapsar,18.5089,73.926,78.6,19.0,45.7,7.5,0.0,86.6,77.1
2022-10-26,Hadapsar,18.5089,73.926,81.9,20.7,47.5,9.8,0.0,87.8,75.5
2022-10-27,Hadapsar,18.5089,73.926,83.5,18.3,38.6,12.6,0.0,82.8,77.0
2022-10-28,Hadapsar,18.5089,73.926,76.2,18.1,37.5,8.1,0.0,80.8,75.0
2022-10-29,Hadapsar,18.5089,73.926,63.5,18.5,50.8,7.6,0.0,66.1,71.2
2022-10-30,Hadapsar,18.5089,73.926,15.9,20.5,58.0,7.7,11.1,51.5,65.7
2022-10-31,Hadapsar,18.5089,73.926,74.5,16.9,39.1,9.9,0.0,77.8,73.4
2022-11-01,Hadapsar,18.5089,73.926,78.7,18.3,38.9,6.1,0.0,81.1,73.6
2022-11-02,Hadapsar,18.5089,73.926,78.0,17.1,38.5,6.7,0.0,72.7,77.3
2022-11-03,Hadapsar,18.5089,73.926,20.6,17.4,53.0,4.1,15.6,77.8,72.9
2022-11-04,Hadapsar,18.5089,73.926,83.1,18.0,34.9,4.7,0.0,76.6,74.9
2022-11-05,Hadapsar,18.5089,73.926,80.7,19.6,33.6,6.0,0.0,59.2,70.8
2022-11-06,Hadapsar,18.5089,73.926,83.5,20.2,39.9,6.9,0.0,60.5,73.1
2022-11-07,Hadapsar,18.5089,73.926,93.5,18.5,37.7,10.5,0.0,81.6,73.9
2022-11-08,Hadapsar,18.5089,73.926,89.6,17.5,46.0,8.0,0.0,79.7,76.3
2022-11-09,Hadapsar,18.5089,73.926,88.3,21.0,41.7,5.0,0.0,81.1,69.9
2022-11-10,Hadapsar,18.5089,73.926,78.1,17.5,41.3,5.4,0.0,81.1,70.2
2022-11-11,Hadapsar,18.5089,73.926,91.3,17.3,36.1,9.5,0.0,79.2,68.5
2022-11-12,Hadapsar,18.5089,73.926,85.4,15.9,39.0,9.0,0.0,57.7,72.2
2022-11-13,Hadapsar,18.5089,73.926,42.0,19.7,56.2,6.7,6.8,63.6,71.9
2022-11-14,Hadapsar,18.5089,73.926,84.2,19.2,42.8,5.7,0.0,70.9,76.4
2022-11-15,Hadapsar,18.5089,73.926,93.4,20.9,38.5,8.8,0.0,80.4,72.5
2022-11-16,Hadapsar,18.5089,73.926,83.0,16.4,44.2,4.5,0.0,79.1,72.8
2022-11-17,Hadapsar,18.5089,73.926,42.4,19.8,53.6,7.3,7.4,79.8,73.9
2022-11-18,Hadapsar,18.5089,73.926,92.5,18.2,42.4,11.0,0.0,74.1,77.8
2022-11-19,Hadapsar,18.5089,73.926,82.9,19.1,35.7,6.8,0.0,59.1,74.4
2022-11-20,Hadapsar,18.5089,73.926,87.4,16.2,28.9,4.8,0.0,61.1,72.2
2022-11-21,Hadapsar,18.5089,73.926,99.2,19.9,39.2,7.1,0.0,86.8,75.0
2022-11-22,Hadapsar,18.5089,73.926,93.3,19.1,41.3,5.3,0.0,83.1,77.5
2022-11-23,Hadapsar,18.5089,73.926,93.1,18.2,40.3,3.4,0.0,75.5,73.6
2022-11-24,Hadapsar,18.5089,73.926,107.2,19.0,39.4,7.5,0.0,79.0,73.2
2022-11-25,Hadapsar,18.5089,73.926,115.9,17.4,35.4,8.3,0.0,85.8,73.9
2022-11-26,Hadapsar,18.5089,73.926,98.6,17.6,32.9,5.4,0.0,55.6,67.8
2022-11-27,Hadapsar,18.5089,73.926,96.0,17.8,39.5,5.2,0.0,61.2,69.8
2022-11-28,Hadapsar,18.5089,73.926,101.8,16.2,38.7,4.0,0.0,81.4,71.4
2022-11-29,Hadapsar,18.5089,73.926,105.1,19.5,33.6,5.6,0.0,79.5,76.8
2022-11-30,Hadapsar,18.5089,73.926,109.7,19.9,41.8,4.7,0.0,94.9,75.6
2022-12-01,Hadapsar,18.5089,73.926,102.5,17.7,31.7,3.8,0.0,79.3,77.8
2022-12-02,Hadapsar,18.5089,73.926,113.9,19.0,33.0,9.6,0.0,83.6,70.1
2022-12-03,Hadapsar,18.5089,73.926,98.3,18.3,43.9,6.7,0.0,57.8,75.0
2022-12-04,Hadapsar,18.5089,73.926,106.2,19.1,39.9,6.8,0.0,64.2,66.3
2022-12-05,Hadapsar,18.5089,73.926,122.1,18.0,33.6,7.4,0.0,85.8,71.2
2022-12-06,Hadapsar,18.5089,73.926,124.1,17.8,36.7,7.1,0.0,78.5,72.6
2022-12-07,Hadapsar,18.5089,73.926,66.1,20.1,50.9,4.7,5.3,78.5,77.5
2022-12-08,Hadapsar,18.5089,73.926,112.2,18.9,21.3,6.1,0.0,76.9,74.8
2022-12-09,Hadapsar,18.5089,73.926,110.6,21.4,30.3,4.9,0.0,75.7,73.6
2022-12-10,Hadapsar,18.5089,73.926,103.9,19.1,34.4,6.3,0.0,66.8,68.2
2022-12-11,Hadapsar,18.5089,73.926,100.4,18.0,32.8,6.1,0.0,58.8,66.8
2022-12-12,Hadapsar,18.5089,73.926,98.2,20.7,35.7,4.6,0.0,69.3,77.0
2022-12-13,Hadapsar,18.5089,73.926,102.8,20.0,39.9,2.7,0.0,90.2,76.2
2022-12-14,Hadapsar,18.5089,73.926,104.4,20.2,32.6,5.6,0.0,77.4,77.6
2022-12-15,Hadapsar,18.5089,73.926,107.8,20.9,28.7,4.9,0.0,80.2,75.2
2022-12-16,Hadapsar,18.5089,73.926,100.2,18.7,35.5,1.5,0.0,89.6,67.6
2022-12-17,Hadapsar,18.5089,73.926,104.5,19.4,32.2,6.2,0.0,60.9,67.1
2022-12-18,Hadapsar,18.5089,73.926,116.0,19.5,32.9,7.1,0.0,60.8,71.4
2022-12-19,Hadapsar,18.5089,73.926,134.3,18.2,32.1,10.2,0.0,75.3,73.3
2022-12-20,Hadapsar,18.5089,73.926,105.1,19.5,44.7,4.3,0.0,73.2,72.8
2022-12-21,Hadapsar,18.5089,73.926,119.0,21.5,22.1,4.0,0.0,80.6,71.4
2022-12-22,Hadapsar,18.5089,73.926,117.0,20.3,31.3,2.8,0.0,83.2,76.6
2022-12-23,Hadapsar,18.5089,73.926,123.7,18.5,33.1,5.4,0.0,82.9,75.3
2022-12-24,Hadapsar,18.5089,73.926,111.7,18.3,29.1,5.4,0.0,59.2,71.5
2022-12-25,Hadapsar,18.5089,73.926,104.0,22.3,37.5,3.3,0.0,61.7,68.6
2022-12-26,Hadapsar,18.5089,73.926,112.8,20.3,36.9,4.6,0.0,72.2,74.6
2022-12-27,Hadapsar,18.5089,73.926,108.1,19.7,32.6,1.2,0.0,83.7,70.9
2022-12-28,Hadapsar,18.5089,73.926,133.4,20.2,31.4,6.8,0.0,82.2,73.9
2022-12-29,Hadapsar,18.5089,73.926,120.8,18.9,32.1,3.3,0.0,91.3,67.9
2022-12-30,Hadapsar,18.5089,73.926,117.2,22.5,32.0,4.8,0.0,81.4,70.3
2022-12-31,Hadapsar,18.5089,73.926,95.6,20.4,32.1,2.0,0.0,56.9,69.4
2023-01-01,Hadapsar,18.5089,73.926,103.5,22.6,31.5,3.7,0.0,61.3,76.1
2023-01-02,Hadapsar,18.5089,73.926,107.5,21.1,33.6,4.2,0.0,79.8,69.7
2023-01-03,Hadapsar,18.5089,73.926,114.3,22.9,36.1,4.8,0.0,83.6,71.1
2023-01-04,Hadapsar,18.5089,73.926,131.9,21.6,26.1,5.7,0.0,81.5,74.7
2023-01-05,Hadapsar,18.5089,73.926,135.6,22.4,27.0,7.6,0.0,75.1,78.6
2023-01-06,Hadapsar,18.5089,73.926,130.9,22.4,23.4,6.2,0.0,73.2,74.7
2023-01-07,Hadapsar,18.5089,73.926,109.9,22.3,36.5,6.7,0.0,62.9,72.0
2023-01-08,Hadapsar,18.5089,73.926,121.7,22.1,33.4,7.6,0.0,68.5,69.4
2023-01-09,Hadapsar,18.5089,73.926,126.3,21.5,34.6,5.9,0.0,81.8,72.9
2023-01-10,Hadapsar,18.5089,73.926,126.5,24.2,24.9,4.6,0.0,85.5,74.4
2023-01-11,Hadapsar,18.5089,73.926,128.3,21.0,41.0,6.7,0.0,86.5,72.6
2023-01-12,Hadapsar,18.5089,73.926,135.5,22.2,29.0,6.9,0.0,82.7,76.0
2023-01-13,Hadapsar,18.5089,73.926,121.2,22.3,32.8,6.0,0.0,77.3,70.2
2023-01-14,Hadapsar,18.5089,73.926,102.4,22.9,36.3,1.8,0.0,62.6,72.4
2023-01-15,Hadapsar,18.5089,73.926,116.8,22.0,27.1,3.0,0.0,67.6,70.3
2023-01-16,Hadapsar,18.5089,73.926,128.2,23.0,29.3,4.2,0.0,84.0,73.7
2023-01-17,Hadapsar,18.5089,73.926,128.2,22.6,32.9,6.3,0.0,85.1,70.1
2023-01-18,Hadapsar,18.5089,73.926,116.2,21.0,46.3,4.7,0.0,79.1,71.8
2023-01-19,Hadapsar,18.5089,73.926,135.3,23.0,33.5,7.0,0.0,80.4,77.2
2023-01-20,Hadapsar,18.5089,73.926,125.2,21.8,40.1,7.3,0.0,80.8,73.7
2023-01-21,Hadapsar,18.5089,73.926,118.4,21.2,38.1,7.1,0.0,61.3,70.9
2023-01-22,Hadapsar,18.5089,73.926,119.4,23.5,33.9,7.1,0.0,67.4,68.0
2023-01-23,Hadapsar,18.5089,73.926,112.3,24.1,27.2,2.7,0.0,69.7,74.1
2023-01-24,Hadapsar,18.5089,73.926,122.0,24.2,37.5,5.7,0.0,81.6,70.8
2023-01-25,Hadapsar,18.5089,73.926,118.8,24.4,24.7,3.5,0.0,81.0,74.4
2023-01-26,Hadapsar,18.5089,73.926,113.5,21.5,40.3,1.5,0.0,74.5,75.1
2023-01-27,Hadapsar,18.5089,73.926,121.1,22.4,33.3,4.2,0.0,84.8,75.0
2023-01-28,Hadapsar,18.5089,73.926,124.9,26.5,19.1,7.5,0.0,58.0,67.9
2023-01-29,Hadapsar,18.5089,73.926,122.3,23.0,30.7,5.7,0.0,59.8,69.3
2023-01-30,Hadapsar,18.5089,73.926,146.5,25.1,35.8,8.9,0.0,90.6,75.5
2023-01-31,Hadapsar,18.5089,73.926,126.8,23.7,31.4,5.2,0.0,86.4,73.7
2023-02-01,Hadapsar,18.5089,73.926,129.2,24.7,36.2,9.8,0.0,84.3,73.5
2023-02-02,Hadapsar,18.5089,73.926,121.4,24.0,28.5,5.3,0.0,83.3,79.0
2023-02-03,Hadapsar,18.5089,73.926,120.1,25.6,26.3,5.0,0.0,80.6,71.8
2023-02-04,Hadapsar,18.5089,73.926,107.1,25.2,32.5,2.4,0.0,71.6,72.9
2023-02-05,Hadapsar,18.5089,73.926,111.1,24.6,33.1,7.2,0.0,65.6,67.3
2023-02-06,Hadapsar,18.5089,73.926,109.9,24.0,31.3,4.0,0.0,77.7,75.8
2023-02-07,Hadapsar,18.5089,73.926,104.1,25.7,39.3,3.7,0.0,74.4,76.0
2023-02-08,Hadapsar,18.5089,73.926,124.9,24.1,29.0,7.6,0.0,84.2,72.9
2023-02-09,Hadapsar,18.5089,73.926,129.8,26.2,34.9,7.4,0.0,81.1,71.2
2023-02-10,Hadapsar,18.5089,73.926,119.5,28.9,33.8,7.4,0.0,74.3,69.3
2023-02-11,Hadapsar,18.5089,73.926,103.6,27.5,25.8,4.4,0.0,63.7,68.7
2023-02-12,Hadapsar,18.5089,73.926,101.1,26.9,27.1,5.1,0.0,60.3,71.5
2023-02-13,Hadapsar,18.5089,73.926,116.3,26.1,33.8,5.1,0.0,84.1,71.5
2023-02-14,Hadapsar,18.5089,73.926,117.1,24.0,43.8,6.8,0.0,83.6,74.4
2023-02-15,Hadapsar,18.5089,73.926,115.7,24.8,36.9,8.4,0.0,78.4,70.5
2023-02-16,Hadapsar,18.5089,73.926,118.9,28.1,25.5,6.0,0.0,84.6,73.6
2023-02-17,Hadapsar,18.5089,73.926,126.0,25.7,18.7,9.3,0.0,78.9,71.3
2023-02-18,Hadapsar,18.5089,73.926,103.7,26.0,38.1,7.2,0.0,59.4,70.0
2023-02-19,Hadapsar,18.5089,73.926,111.5,26.7,34.0,4.9,0.0,58.9,68.9
2023-02-20,Hadapsar,18.5089,73.926,126.4,25.8,40.4,7.1,0.0,87.1,71.2
2023-02-21,Hadapsar,18.5089,73.926,127.8,25.7,30.4,8.9,0.0,80.0,72.6
2023-02-22,Hadapsar,18.5089,73.926,123.2,27.3,36.7,9.5,0.0,88.3,71.9
2023-02-23,Hadapsar,18.5089,73.926,112.7,26.4,39.3,7.9,0.0,90.3,70.9
2023-02-24,Hadapsar,18.5089,73.926,111.7,26.7,33.0,5.7,0.0,77.7,76.9
2023-02-25,Hadapsar,18.5089,73.926,95.8,26.8,33.2,5.2,0.0,47.0,69.3
2023-02-26,Hadapsar,18.5089,73.926,102.8,28.4,35.6,6.8,0.0,66.8,64.7
2023-02-27,Hadapsar,18.5089,73.926,119.0,27.7,38.4,9.1,0.0,79.7,72.6
2023-02-28,Hadapsar,18.5089,73.926,113.2,27.8,35.7,6.6,0.0,77.1,76.5
2023-03-01,Hadapsar,18.5089,73.926,111.9,28.9,40.8,6.7,0.0,78.5,72.3
2023-03-02,Hadapsar,18.5089,73.926,113.9,28.1,33.8,6.0,0.0,79.3,77.9
2023-03-03,Hadapsar,18.5089,73.926,112.2,28.1,29.6,5.2,0.0,87.9,72.1
2023-03-04,Hadapsar,18.5089,73.926,89.8,29.1,46.3,5.6,0.0,62.4,71.5
2023-03-05,Hadapsar,18.5089,73.926,98.4,29.5,33.6,6.3,0.0,68.0,72.8
2023-03-06,Hadapsar,18.5089,73.926,115.6,28.6,33.9,9.5,0.0,83.9,75.3
2023-03-07,Hadapsar,18.5089,73.926,100.5,29.0,36.6,5.6,0.0,79.9,70.8
2023-03-08,Hadapsar,18.5089,73.926,103.1,28.1,37.4,6.2,0.0,79.4,71.8
2023-03-09,Hadapsar,18.5089,73.926,97.9,28.1,35.3,4.4,0.0,84.2,77.1
2023-03-10,Hadapsar,18.5089,73.926,58.9,30.2,52.3,7.6,4.1,83.5,72.2
2023-03-11,Hadapsar,18.5089,73.926,100.8,29.9,37.3,9.0,0.0,66.6,72.6
2023-03-12,Hadapsar,18.5089,73.926,90.4,30.0,38.6,9.5,0.0,60.3,69.1
2023-03-13,Hadapsar,18.5089,73.926,101.3,29.9,26.1,6.7,0.0,82.3,74.6
2023-03-14,Hadapsar,18.5089,73.926,98.4,29.7,47.4,7.5,0.0,84.3,70.7
2023-03-15,Hadapsar,18.5089,73.926,91.8,30.6,37.4,6.1,0.0,79.5,72.7
2023-03-16,Hadapsar,18.5089,73.926,86.8,31.0,41.2,7.5,0.0,75.7,72.0
2023-03-17,Hadapsar,18.5089,73.926,93.2,31.1,31.6,7.1,0.0,77.4,74.8
2023-03-18,Hadapsar,18.5089,73.926,93.5,30.0,36.3,6.7,0.0,60.4,70.4
2023-03-19,Hadapsar,18.5089,73.926,89.9,31.9,35.5,6.9,0.0,64.9,71.4
2023-03-20,Hadapsar,18.5089,73.926,96.9,30.6,46.3,7.6,0.0,87.7,73.0
2023-03-21,Hadapsar,18.5089,73.926,92.8,31.1,36.2,6.1,0.0,74.6,71.9
2023-03-22,Hadapsar,18.5089,73.926,88.5,30.8,43.1,6.3,0.0,78.4,74.7
2023-03-23,Hadapsar,18.5089,73.926,95.2,30.9,36.2,10.2,0.0,79.6,71.6
2023-03-24,Hadapsar,18.5089,73.926,96.3,29.8,37.3,12.2,0.0,85.4,76.9
2023-03-25,Hadapsar,18.5089,73.926,74.4,31.6,38.5,4.5,0.0,59.0,69.9
2023-03-26,Hadapsar,18.5089,73.926,65.5,34.3,46.3,4.4,0.0,59.5,69.4
2023-03-27,Hadapsar,18.5089,73.926,80.5,30.5,30.6,5.0,0.0,74.3,75.4
2023-03-28,Hadapsar,18.5089,73.926,91.0,31.1,33.6,6.8,0.0,83.8,74.0
2023-03-29,Hadapsar,18.5089,73.926,91.7,30.6,30.6,8.8,0.0,80.6,70.1
2023-03-30,Hadapsar,18.5089,73.926,92.8,30.6,35.0,8.2,0.0,78.1,71.5
2023-03-31,Hadapsar,18.5089,73.926,48.8,33.1,51.6,7.4,5.7,77.3,76.8
2023-04-01,Hadapsar,18.5089,73.926,86.5,30.6,32.7,8.2,0.0,67.2,70.4
2023-04-02,Hadapsar,18.5089,73.926,72.3,30.9,37.2,5.8,0.0,56.6,66.0
2023-04-03,Hadapsar,18.5089,73.926,82.5,29.6,30.9,6.7,0.0,77.2,75.1
2023-04-04,Hadapsar,18.5089,73.926,78.2,30.7,36.1,7.2,0.0,87.7,72.8
2023-04-05,Hadapsar,18.5089,73.926,71.4,29.6,47.3,4.1,0.0,81.8,72.0
2023-04-06,Hadapsar,18.5089,73.926,76.5,32.5,43.4,5.0,0.0,84.7,71.3
2023-04-07,Hadapsar,18.5089,73.926,86.2,35.2,42.4,5.1,0.0,83.4,76.7
2023-04-08,Hadapsar,18.5089,73.926,81.0,31.5,36.6,8.9,0.0,61.4,65.3
2023-04-09,Hadapsar,18.5089,73.926,74.5,30.0,34.0,7.9,0.0,59.9,68.1
2023-04-10,Hadapsar,18.5089,73.926,77.3,33.1,36.1,8.6,0.0,85.6,74.5
2023-04-11,Hadapsar,18.5089,73.926,74.3,31.2,41.7,3.8,0.0,87.2,78.1
2023-04-12,Hadapsar,18.5089,73.926,38.1,33.7,61.4,4.5,7.8,82.9,75.6
2023-04-13,Hadapsar,18.5089,73.926,74.5,31.9,46.6,8.8,0.0,75.5,72.1
2023-04-14,Hadapsar,18.5089,73.926,78.3,31.5,45.3,2.0,0.0,87.9,78.0
2023-04-15,Hadapsar,18.5089,73.926,72.7,32.1,38.6,10.0,0.0,59.8,66.8
2023-04-16,Hadapsar,18.5089,73.926,69.5,33.3,42.4,3.9,0.0,57.8,70.9
2023-04-17,Hadapsar,18.5089,73.926,74.0,32.1,40.7,9.2,0.0,80.6,75.4
2023-04-18,Hadapsar,18.5089,73.926,81.7,31.9,41.4,5.8,0.0,85.6,72.0
2023-04-19,Hadapsar,18.5089,73.926,73.1,32.3,52.6,9.6,0.0,84.1,75.9
2023-04-20,Hadapsar,18.5089,73.926,84.1,31.0,33.6,14.0,0.0,80.1,72.9
2023-04-21,Hadapsar,18.5089,73.926,76.0,33.1,41.3,3.0,0.0,85.6,75.9
2023-04-22,Hadapsar,18.5089,73.926,67.5,30.5,48.6,8.9,0.0,62.3,65.6
2023-04-23,Hadapsar,18.5089,73.926,66.1,32.1,35.2,3.9,0.0,58.7,71.0
2023-04-24,Hadapsar,18.5089,73.926,77.8,33.6,39.4,8.4,0.0,77.9,73.2
2023-04-25,Hadapsar,18.5089,73.926,81.4,33.1,40.0,7.2,0.0,83.5,77.1
2023-04-26,Hadapsar,18.5089,73.926,83.7,33.5,41.6,7.8,0.0,81.0,74.1
2023-04-27,Hadapsar,18.5089,73.926,86.8,32.7,34.8,5.8,0.0,74.5,77.3
2023-04-28,Hadapsar,18.5089,73.926,85.9,34.2,45.8,9.2,0.0,85.6,75.5
2023-04-29,Hadapsar,18.5089,73.926,78.4,34.0,46.3,4.7,0.0,59.2,69.9
2023-04-30,Hadapsar,18.5089,73.926,80.9,33.4,45.5,10.1,0.0,69.6,72.2
2023-05-01,Hadapsar,18.5089,73.926,42.9,34.0,53.7,6.8,7.7,70.5,76.2
2023-05-02,Hadapsar,18.5089,73.926,82.9,33.8,43.6,4.8,0.0,80.5,75.4
2023-05-03,Hadapsar,18.5089,73.926,79.6,32.4,38.8,10.8,0.0,77.9,68.5
2023-05-04,Hadapsar,18.5089,73.926,77.2,31.3,41.7,7.5,0.0,76.5,71.7
2023-05-05,Hadapsar,18.5089,73.926,76.1,33.5,54.2,11.5,0.0,79.0,77.7
2023-05-06,Hadapsar,18.5089,73.926,74.2,33.6,44.1,10.1,0.0,70.5,67.1
2023-05-07,Hadapsar,18.5089,73.926,73.5,34.3,37.8,6.1,0.0,62.3,72.4
2023-05-08,Hadapsar,18.5089,73.926,80.6,31.9,44.7,7.5,0.0,77.4,76.0
2023-05-09,Hadapsar,18.5089,73.926,78.5,31.9,37.2,8.0,0.0,72.3,72.4
2023-05-10,Hadapsar,18.5089,73.926,64.2,33.6,38.1,10.8,0.0,72.8,69.2
2023-05-11,Hadapsar,18.5089,73.926,77.2,32.9,39.0,8.6,0.0,78.7,72.8
2023-05-12,Hadapsar,18.5089,73.926,75.4,30.7,42.2,8.1,0.0,78.2,79.4
2023-05-13,Hadapsar,18.5089,73.926,61.3,33.4,49.3,7.4,0.0,60.5,68.0
2023-05-14,Hadapsar,18.5089,73.926,55.3,30.8,47.6,7.7,0.0,50.2,68.2
2023-05-15,Hadapsar,18.5089,73.926,67.1,31.8,47.5,10.4,0.0,80.9,71.7
2023-05-16,Hadapsar,18.5089,73.926,12.5,34.6,54.6,7.9,15.6,78.7,77.2
2023-05-17,Hadapsar,18.5089,73.926,69.7,35.1,42.6,7.1,0.0,89.5,73.6
2023-05-18,Hadapsar,18.5089,73.926,62.2,31.5,46.9,6.8,0.0,71.9,72.6
2023-05-19,Hadapsar,18.5089,73.926,71.4,32.5,42.6,6.8,0.0,77.4,77.7
2023-05-20,Hadapsar,18.5089,73.926,71.9,32.9,44.6,5.1,0.0,57.3,71.6
2023-05-21,Hadapsar,18.5089,73.926,73.1,35.0,48.5,6.5,0.0,62.3,67.9
2023-05-22,Hadapsar,18.5089,73.926,81.6,32.2,44.8,11.0,0.0,75.3,71.1
2023-05-23,Hadapsar,18.5089,73.926,79.8,32.2,48.0,7.6,0.0,89.8,77.1
2023-05-24,Hadapsar,18.5089,73.926,72.7,34.6,55.1,9.5,0.0,81.6,74.2
2023-05-25,Hadapsar,18.5089,73.926,49.9,32.3,61.6,3.2,3.9,78.9,70.3
2023-05-26,Hadapsar,18.5089,73.926,70.1,33.6,53.6,9.3,0.0,89.4,69.7
2023-05-27,Hadapsar,18.5089,73.926,60.5,30.9,50.9,7.9,0.0,61.5,67.4
2023-05-28,Hadapsar,18.5089,73.926,68.2,32.4,41.1,7.3,0.0,63.6,67.1
2023-05-29,Hadapsar,18.5089,73.926,76.2,30.6,43.2,8.6,0.0,77.6,69.1
2023-05-30,Hadapsar,18.5089,73.926,72.5,31.3,45.0,7.3,0.0,74.5,71.5
2023-05-31,Hadapsar,18.5089,73.926,26.6,33.5,60.2,4.1,9.3,73.7,71.9
2023-06-01,Hadapsar,18.5089,73.926,9.2,32.4,64.5,10.2,20.0,82.3,73.0
2023-06-02,Hadapsar,18.5089,73.926,25.2,32.0,68.4,8.9,6.3,81.4,78.4
2023-06-03,Hadapsar,18.5089,73.926,54.8,31.5,57.0,7.9,0.0,63.0,69.5
2023-06-04,Hadapsar,18.5089,73.926,56.8,32.1,52.7,6.6,0.0,56.7,69.8
2023-06-05,Hadapsar,18.5089,73.926,66.3,32.6,49.4,5.6,0.0,86.0,75.5
2023-06-06,Hadapsar,18.5089,73.926,67.1,33.4,41.7,9.1,0.0,74.6,73.6
2023-06-07,Hadapsar,18.5089,73.926,64.0,29.0,53.0,11.9,0.0,73.6,75.2
2023-06-08,Hadapsar,18.5089,73.926,66.2,31.1,53.3,9.2,0.0,78.6,74.9
2023-06-09,Hadapsar,18.5089,73.926,63.1,32.2,54.6,6.0,0.0,91.2,74.5
2023-06-10,Hadapsar,18.5089,73.926,54.1,31.8,64.7,9.3,0.0,71.1,77.1
2023-06-11,Hadapsar,18.5089,73.926,54.4,32.4,60.9,8.8,0.0,59.3,72.5
2023-06-12,Hadapsar,18.5089,73.926,28.0,32.1,74.2,10.7,10.1,73.0,71.5
2023-06-13,Hadapsar,18.5089,73.926,63.7,31.4,51.0,10.3,0.0,73.2,75.1
2023-06-14,Hadapsar,18.5089,73.926,65.9,31.0,53.9,3.2,0.0,81.8,72.2
2023-06-15,Hadapsar,18.5089,73.926,66.6,31.3,56.5,10.3,0.0,82.2,75.3
2023-06-16,Hadapsar,18.5089,73.926,64.7,32.9,53.7,7.3,0.0,85.3,70.8
2023-06-17,Hadapsar,18.5089,73.926,60.8,30.6,60.7,6.5,0.0,66.2,67.4
2023-06-18,Hadapsar,18.5089,73.926,61.6,31.3,60.6,9.0,0.0,60.6,71.1
2023-06-19,Hadapsar,18.5089,73.926,71.6,31.5,54.1,10.3,0.0,84.2,76.7
2023-06-20,Hadapsar,18.5089,73.926,65.4,33.1,66.1,6.3,0.0,77.9,75.5
2023-06-21,Hadapsar,18.5089,73.926,71.7,30.8,61.3,11.0,0.0,84.1,76.3
2023-06-22,Hadapsar,18.5089,73.926,63.3,32.2,52.8,11.2,0.0,78.9,75.1
2023-06-23,Hadapsar,18.5089,73.926,45.2,32.4,76.9,9.9,4.4,81.5,74.6
2023-06-24,Hadapsar,18.5089,73.926,60.7,30.8,64.2,8.1,0.0,63.5,68.9
2023-06-25,Hadapsar,18.5089,73.926,39.1,30.5,83.4,8.0,5.9,59.0,72.2
2023-06-26,Hadapsar,18.5089,73.926,24.2,30.3,77.5,12.0,11.1,79.8,76.8
2023-06-27,Hadapsar,18.5089,73.926,25.1,30.3,84.0,7.1,12.6,67.2,74.0
2023-06-28,Hadapsar,18.5089,73.926,57.4,31.5,66.5,12.3,0.0,76.1,73.9
2023-06-29,Hadapsar,18.5089,73.926,34.8,30.7,74.7,9.9,2.7,78.7,78.2
2023-06-30,Hadapsar,18.5089,73.926,13.4,30.6,74.9,10.1,14.5,66.9,74.1
2023-07-01,Hadapsar,18.5089,73.926,14.9,28.8,88.3,7.0,5.8,56.7,70.4
2023-07-02,Hadapsar,18.5089,73.926,33.3,28.9,74.3,10.2,0.0,59.7,71.4
2023-07-03,Hadapsar,18.5089,73.926,36.8,32.6,70.6,11.8,0.0,87.9,74.0
2023-07-04,Hadapsar,18.5089,73.926,9.5,29.7,92.2,7.9,13.1,75.5,72.1
2023-07-05,Hadapsar,18.5089,73.926,17.3,28.8,90.7,11.7,20.6,76.2,75.1
2023-07-06,Hadapsar,18.5089,73.926,55.4,31.4,74.5,10.9,0.0,82.9,74.1
2023-07-07,Hadapsar,18.5089,73.926,15.7,29.9,82.1,9.6,13.4,72.0,78.8
2023-07-08,Hadapsar,18.5089,73.926,36.8,30.1,81.0,12.6,0.0,62.3,72.2
2023-07-09,Hadapsar,18.5089,73.926,30.6,29.2,90.7,6.6,4.9,62.8,68.7
2023-07-10,Hadapsar,18.5089,73.926,42.5,28.8,71.7,11.8,0.0,87.4,76.0
2023-07-11,Hadapsar,18.5089,73.926,17.7,28.9,85.9,14.4,7.6,76.9,75.0
2023-07-12,Hadapsar,18.5089,73.926,35.6,27.3,76.1,14.1,0.0,73.2,77.5
2023-07-13,Hadapsar,18.5089,73.926,9.3,28.8,82.1,12.0,9.9,67.9,72.9
2023-07-14,Hadapsar,18.5089,73.926,28.9,29.1,79.5,10.7,0.0,79.8,74.7
2023-07-15,Hadapsar,18.5089,73.926,28.9,30.9,71.8,10.1,0.0,49.9,70.0
2023-07-16,Hadapsar,18.5089,73.926,31.5,28.6,78.9,10.8,0.0,70.6,70.3
2023-07-17,Hadapsar,18.5089,73.926,11.3,25.6,89.9,12.6,7.8,80.5,72.0
2023-07-18,Hadapsar,18.5089,73.926,11.4,28.2,91.7,9.9,7.6,74.4,75.6
2023-07-19,Hadapsar,18.5089,73.926,27.5,31.5,74.7,13.1,0.0,75.9,75.2
2023-07-20,Hadapsar,18.5089,73.926,29.4,29.1,78.1,15.9,0.0,86.5,77.4
2023-07-21,Hadapsar,18.5089,73.926,16.0,27.0,98.0,11.6,7.6,72.0,74.2
2023-07-22,Hadapsar,18.5089,73.926,12.8,28.5,98.0,9.1,22.3,45.4,69.2
2023-07-23,Hadapsar,18.5089,73.926,8.0,26.8,96.8,9.1,21.2,47.2,72.2
2023-07-24,Hadapsar,18.5089,73.926,30.9,25.9,80.3,13.4,0.0,82.0,72.2
2023-07-25,Hadapsar,18.5089,73.926,30.5,27.0,84.9,11.7,0.0,84.5,76.9
2023-07-26,Hadapsar,18.5089,73.926,25.7,27.4,86.6,13.6,0.8,87.0,76.9
2023-07-27,Hadapsar,18.5089,73.926,16.5,24.9,92.1,10.8,6.1,83.6,77.3
2023-07-28,Hadapsar,18.5089,73.926,15.4,25.7,96.0,13.6,14.9,74.0,75.1
2023-07-29,Hadapsar,18.5089,73.926,11.2,27.0,87.5,11.6,6.9,63.2,69.0
2023-07-30,Hadapsar,18.5089,73.926,12.1,26.3,98.0,10.5,18.3,49.1,70.5
2023-07-31,Hadapsar,18.5089,73.926,31.3,27.2,92.2,11.2,0.0,72.3,75.2
2023-08-01,Hadapsar,18.5089,73.926,23.3,25.1,97.3,9.6,6.0,75.0,72.8
2023-08-02,Hadapsar,18.5089,73.926,19.1,27.3,86.4,16.0,10.1,72.3,77.5
2023-08-03,Hadapsar,18.5089,73.926,14.1,24.9,98.0,11.8,23.4,66.5,75.7
2023-08-04,Hadapsar,18.5089,73.926,21.4,28.1,92.5,13.3,2.6,75.3,72.0
2023-08-05,Hadapsar,18.5089,73.926,18.6,24.0,93.6,10.9,7.1,55.8,74.9
2023-08-06,Hadapsar,18.5089,73.926,32.7,24.6,98.0,9.9,2.4,63.5,70.4
2023-08-07,Hadapsar,18.5089,73.926,22.4,26.3,98.0,11.5,4.6,87.7,71.5
2023-08-08,Hadapsar,18.5089,73.926,37.5,27.7,79.2,14.2,0.0,72.8,72.1
2023-08-09,Hadapsar,18.5089,73.926,24.9,25.9,93.2,10.9,7.1,71.4,77.9
2023-08-10,Hadapsar,18.5089,73.926,29.3,26.1,96.8,10.2,1.4,76.7,78.8
2023-08-11,Hadapsar,18.5089,73.926,18.0,25.3,93.9,12.2,4.0,83.2,76.7
2023-08-12,Hadapsar,18.5089,73.926,25.9,23.9,75.2,12.9,0.0,60.6,73.5
2023-08-13,Hadapsar,18.5089,73.926,8.0,24.4,93.7,15.1,10.4,52.8,73.2
2023-08-14,Hadapsar,18.5089,73.926,22.9,23.4,81.8,12.5,0.0,85.0,75.6
2023-08-15,Hadapsar,18.5089,73.926,25.1,23.2,78.8,13.0,0.0,86.2,75.0
2023-08-16,Hadapsar,18.5089,73.926,23.8,25.1,72.3,13.1,0.0,81.3,75.5
2023-08-17,Hadapsar,18.5089,73.926,23.4,23.2,98.0,9.3,2.7,76.0,76.0
2023-08-18,Hadapsar,18.5089,73.926,36.9,24.8,64.8,9.7,0.0,82.8,72.3
2023-08-19,Hadapsar,18.5089,73.926,11.0,22.7,90.8,9.4,8.4,56.2,72.0
2023-08-20,Hadapsar,18.5089,73.926,8.0,24.5,89.4,8.8,18.0,51.4,73.8
2023-08-21,Hadapsar,18.5089,73.926,8.0,23.4,92.8,13.0,15.5,71.1,73.7
2023-08-22,Hadapsar,18.5089,73.926,8.0,25.6,94.3,12.0,30.2,70.9,73.4
2023-08-23,Hadapsar,18.5089,73.926,19.0,24.1,96.6,11.5,4.3,80.5,75.4
2023-08-24,Hadapsar,18.5089,73.926,28.5,25.1,86.8,6.1,3.8,84.7,72.6
2023-08-25,Hadapsar,18.5089,73.926,15.1,22.6,92.8,15.3,6.4,84.9,70.9
2023-08-26,Hadapsar,18.5089,73.926,10.8,23.4,90.2,9.3,8.7,59.6,73.1
2023-08-27,Hadapsar,18.5089,73.926,28.0,22.1,65.1,15.2,0.0,59.1,69.1
2023-08-28,Hadapsar,18.5089,73.926,41.9,22.6,82.5,8.1,0.0,86.6,74.2
2023-08-29,Hadapsar,18.5089,73.926,18.0,22.7,80.2,9.3,11.5,78.0,72.7
2023-08-30,Hadapsar,18.5089,73.926,49.5,22.0,73.8,6.4,0.0,94.4,77.4
2023-08-31,Hadapsar,18.5089,73.926,26.6,21.3,88.0,11.5,5.3,80.3,76.3
2023-09-01,Hadapsar,18.5089,73.926,29.7,20.9,86.8,8.5,2.7,83.5,73.6
2023-09-02,Hadapsar,18.5089,73.926,26.3,19.7,67.2,8.5,0.9,62.6,67.3
2023-09-03,Hadapsar,18.5089,73.926,8.0,21.1,88.2,7.8,21.6,50.3,69.3
2023-09-04,Hadapsar,18.5089,73.926,11.2,23.0,75.5,12.0,21.2,69.5,75.6
2023-09-05,Hadapsar,18.5089,73.926,14.5,20.2,82.3,11.8,15.8,75.0,74.7
2023-09-06,Hadapsar,18.5089,73.926,13.2,20.4,79.1,13.9,13.4,77.3,74.5
2023-09-07,Hadapsar,18.5089,73.926,59.3,24.1,62.9,8.9,0.0,87.2,74.7
2023-09-08,Hadapsar,18.5089,73.926,17.7,21.1,82.7,10.6,13.8,76.1,76.1
2023-09-09,Hadapsar,18.5089,73.926,41.2,22.1,85.3,7.5,3.6,57.5,70.1
2023-09-10,Hadapsar,18.5089,73.926,22.7,22.4,77.5,9.3,9.9,55.0,71.3
2023-09-11,Hadapsar,18.5089,73.926,48.4,22.3,67.4,8.9,0.0,74.8,71.7
2023-09-12,Hadapsar,18.5089,73.926,14.2,19.6,78.1,10.8,13.8,82.8,80.6
2023-09-13,Hadapsar,18.5089,73.926,50.7,21.0,57.7,11.8,0.0,78.7,73.5
2023-09-14,Hadapsar,18.5089,73.926,25.6,19.2,75.2,11.7,4.0,84.2,74.7
2023-09-15,Hadapsar,18.5089,73.926,38.3,24.0,74.3,7.9,6.2,79.7,75.6
2023-09-16,Hadapsar,18.5089,73.926,57.9,19.0,56.7,11.5,0.0,63.1,69.2
2023-09-17,Hadapsar,18.5089,73.926,40.9,19.6,76.6,9.4,1.6,60.2,70.2
2023-09-18,Hadapsar,18.5089,73.926,40.0,19.5,75.0,8.7,2.2,76.4,74.2
2023-09-19,Hadapsar,18.5089,73.926,8.0,18.9,65.3,7.9,24.0,64.6,71.9
2023-09-20,Hadapsar,18.5089,73.926,68.2,22.2,49.4,8.1,0.0,90.0,75.3
2023-09-21,Hadapsar,18.5089,73.926,51.2,23.4,59.1,12.7,0.0,82.0,70.1
2023-09-22,Hadapsar,18.5089,73.926,55.6,19.8,52.3,9.7,0.0,87.0,78.6
2023-09-23,Hadapsar,18.5089,73.926,50.9,18.7,57.3,9.4,0.0,68.5,72.2
2023-09-24,Hadapsar,18.5089,73.926,22.6,17.5,74.2,8.5,10.0,54.5,71.8
2023-09-25,Hadapsar,18.5089,73.926,62.1,19.8,48.4,13.8,0.0,83.5,69.9
2023-09-26,Hadapsar,18.5089,73.926,25.6,19.6,62.1,11.5,8.6,77.3,72.2
2023-09-27,Hadapsar,18.5089,73.926,62.4,19.1,62.0,7.4,0.0,75.6,77.7
2023-09-28,Hadapsar,18.5089,73.926,72.8,20.1,54.9,8.2,0.0,80.5,84.6
2023-09-29,Hadapsar,18.5089,73.926,64.5,20.2,50.5,8.3,0.0,84.3,77.2
2023-09-30,Hadapsar,18.5089,73.926,62.6,20.1,47.5,8.9,0.0,59.1,72.8
2023-10-01,Hadapsar,18.5089,73.926,23.2,19.2,64.1,7.2,9.5,55.2,71.5
2023-10-02,Hadapsar,18.5089,73.926,72.5,18.2,45.2,9.4,0.0,80.5,72.1
2023-10-03,Hadapsar,18.5089,73.926,67.2,20.2,55.2,11.4,0.0,92.0,76.7
2023-10-04,Hadapsar,18.5089,73.926,64.9,19.4,46.4,5.8,0.0,72.2,71.4
2023-10-05,Hadapsar,18.5089,73.926,66.3,20.4,55.4,6.1,0.0,83.9,71.2
2023-10-06,Hadapsar,18.5089,73.926,18.6,20.2,62.5,7.4,11.2,74.6,71.0
2023-10-07,Hadapsar,18.5089,73.926,55.2,17.4,43.9,7.4,0.0,58.4,72.6
2023-10-08,Hadapsar,18.5089,73.926,56.0,17.4,46.6,12.3,0.0,60.2,70.1
2023-10-09,Hadapsar,18.5089,73.926,72.0,18.1,35.3,10.2,0.0,84.7,74.5
2023-10-10,Hadapsar,18.5089,73.926,66.0,17.7,47.5,10.1,0.0,85.0,74.2
2023-10-11,Hadapsar,18.5089,73.926,65.8,19.8,46.9,7.6,0.0,82.3,71.4
2023-10-12,Hadapsar,18.5089,73.926,59.8,19.2,51.5,7.5,0.0,86.9,72.5
2023-10-13,Hadapsar,18.5089,73.926,65.9,20.1,37.7,5.2,0.0,87.7,72.6
2023-10-14,Hadapsar,18.5089,73.926,63.4,19.2,52.6,9.6,0.0,65.7,66.7
2023-10-15,Hadapsar,18.5089,73.926,66.4,18.9,50.6,9.0,0.0,58.9,68.9
2023-10-16,Hadapsar,18.5089,73.926,72.1,20.0,52.5,10.6,0.0,83.9,71.5
2023-10-17,Hadapsar,18.5089,73.926,14.8,19.1,60.7,7.5,20.5,73.6,75.6
2023-10-18,Hadapsar,18.5089,73.926,68.9,18.6,50.8,7.6,0.0,77.3,75.9
2023-10-19,Hadapsar,18.5089,73.926,79.8,20.2,38.1,8.2,0.0,73.6,71.0
2023-10-20,Hadapsar,18.5089,73.926,33.7,18.6,63.7,9.6,12.4,65.1,73.5
2023-10-21,Hadapsar,18.5089,73.926,77.5,18.0,41.0,4.8,0.0,61.9,74.8
2023-10-22,Hadapsar,18.5089,73.926,90.2,17.3,36.3,9.2,0.0,63.1,67.7
2023-10-23,Hadapsar,18.5089,73.926,20.8,19.1,53.7,7.6,20.1,65.5,75.3
2023-10-24,Hadapsar,18.5089,73.926,77.4,19.7,44.1,5.5,0.0,86.6,74.5
2023-10-25,Hadapsar,18.5089,73.926,73.3,18.2,39.7,3.4,0.0,82.2,76.9
2023-10-26,Hadapsar,18.5089,73.926,77.6,19.8,45.4,7.3,0.0,88.1,74.9
2023-10-27,Hadapsar,18.5089,73.926,93.8,15.8,34.2,10.4,0.0,83.3,73.1
2023-10-28,Hadapsar,18.5089,73.926,82.5,18.1,32.4,10.8,0.0,56.3,70.4
2023-10-29,Hadapsar,18.5089,73.926,71.5,18.1,49.6,8.1,0.0,63.9,70.4
2023-10-30,Hadapsar,18.5089,73.926,78.1,17.2,47.0,11.3,0.0,84.8,74.0
2023-10-31,Hadapsar,18.5089,73.926,85.2,20.9,37.0,7.2,0.0,78.7,70.9
2023-11-01,Hadapsar,18.5089,73.926,89.4,18.0,42.0,9.2,0.0,74.2,77.3
2023-11-02,Hadapsar,18.5089,73.926,84.7,17.6,46.9,6.3,0.0,81.9,76.9
2023-11-03,Hadapsar,18.5089,73.926,74.0,18.1,43.6,6.1,0.0,76.4,71.6
2023-11-04,Hadapsar,18.5089,73.926,68.6,15.6,42.1,5.8,0.0,67.2,69.4
2023-11-05,Hadapsar,18.5089,73.926,73.2,17.1,46.6,2.9,0.0,59.6,69.6
2023-11-06,Hadapsar,18.5089,73.926,98.2,19.2,37.2,9.6,0.0,90.0,71.3
2023-11-07,Hadapsar,18.5089,73.926,37.5,17.2,55.8,5.7,8.6,66.5,69.5
2023-11-08,Hadapsar,18.5089,73.926,97.9,17.0,40.3,5.3,0.0,82.1,72.5
2023-11-09,Hadapsar,18.5089,73.926,105.6,19.6,38.8,4.5,0.0,88.5,73.3
2023-11-10,Hadapsar,18.5089,73.926,98.1,19.6,38.1,6.4,0.0,76.9,70.6
2023-11-11,Hadapsar,18.5089,73.926,93.0,18.6,40.2,10.3,0.0,60.8,70.6
2023-11-12,Hadapsar,18.5089,73.926,90.0,17.5,39.8,10.9,0.0,59.6,73.1
2023-11-13,Hadapsar,18.5089,73.926,88.4,17.7,34.1,3.3,0.0,78.0,76.3
2023-11-14,Hadapsar,18.5089,73.926,85.8,17.1,43.2,5.9,0.0,82.6,73.9
2023-11-15,Hadapsar,18.5089,73.926,78.5,16.9,34.1,4.5,0.0,74.9,69.6
2023-11-16,Hadapsar,18.5089,73.926,85.2,16.8,37.7,8.5,0.0,80.8,76.0
2023-11-17,Hadapsar,18.5089,73.926,95.6,17.3,37.1,7.0,0.0,84.0,74.6
2023-11-18,Hadapsar,18.5089,73.926,76.3,16.9,40.2,5.2,0.0,60.5,71.3
2023-11-19,Hadapsar,18.5089,73.926,96.0,16.2,27.6,6.5,0.0,56.6,75.0
2023-11-20,Hadapsar,18.5089,73.926,96.8,18.4,42.5,5.4,0.0,86.6,72.1
2023-11-21,Hadapsar,18.5089,73.926,113.1,18.5,34.4,9.5,0.0,85.1,67.0
2023-11-22,Hadapsar,18.5089,73.926,100.3,20.2,43.7,7.3,0.0,76.2,71.6
2023-11-23,Hadapsar,18.5089,73.926,97.7,17.4,35.1,7.5,0.0,74.9,75.4
2023-11-24,Hadapsar,18.5089,73.926,92.7,18.6,37.0,1.2,0.0,76.6,74.3
2023-11-25,Hadapsar,18.5089,73.926,62.3,18.7,61.7,6.0,3.7,62.5,67.2
2023-11-26,Hadapsar,18.5089,73.926,103.0,18.0,35.5,10.2,0.0,63.0,66.7
2023-11-27,Hadapsar,18.5089,73.926,107.2,19.3,42.9,8.7,0.0,85.4,73.3
2023-11-28,Hadapsar,18.5089,73.926,91.3,19.3,36.8,2.3,0.0,79.8,71.1
2023-11-29,Hadapsar,18.5089,73.926,99.8,18.9,38.5,5.3,0.0,76.8,75.5
2023-11-30,Hadapsar,18.5089,73.926,102.3,18.2,36.6,3.5,0.0,86.0,73.2
2023-12-01,Hadapsar,18.5089,73.926,108.1,18.1,40.3,9.2,0.0,78.6,72.6
2023-12-02,Hadapsar,18.5089,73.926,91.1,17.0,32.5,6.3,0.0,62.5,68.3
2023-12-03,Hadapsar,18.5089,73.926,84.7,17.7,30.8,4.2,0.0,53.9,70.9
2023-12-04,Hadapsar,18.5089,73.926,108.3,18.0,32.4,5.8,0.0,78.6,74.3
2023-12-05,Hadapsar,18.5089,73.926,100.1,17.4,35.9,1.2,0.0,86.4,74.7
2023-12-06,Hadapsar,18.5089,73.926,102.3,19.4,34.2,3.4,0.0,77.8,74.7
2023-12-07,Hadapsar,18.5089,73.926,107.3,20.3,38.7,5.6,0.0,85.5,74.0
2023-12-08,Hadapsar,18.5089,73.926,101.3,17.9,41.5,7.2,0.0,69.7,71.6
2023-12-09,Hadapsar,18.5089,73.926,92.4,19.4,30.0,1.6,0.0,58.8,68.4
2023-12-10,Hadapsar,18.5089,73.926,98.1,17.8,31.0,4.7,0.0,60.7,69.2
2023-12-11,Hadapsar,18.5089,73.926,130.3,18.8,27.4,7.4,0.0,90.1,79.4
2023-12-12,Hadapsar,18.5089,73.926,102.4,18.4,44.6,2.5,0.0,75.6,70.8
2023-12-13,Hadapsar,18.5089,73.926,119.8,20.0,35.8,5.8,0.0,84.8,73.2
2023-12-14,Hadapsar,18.5089,73.926,116.8,18.5,36.6,5.4,0.0,86.7,74.4
2023-12-15,Hadapsar,18.5089,73.926,124.5,20.6,27.3,8.7,0.0,77.8,73.4
2023-12-16,Hadapsar,18.5089,73.926,103.4,19.2,33.9,4.8,0.0,59.7,72.9
2023-12-17,Hadapsar,18.5089,73.926,101.7,18.8,36.3,4.9,0.0,62.3,69.4
2023-12-18,Hadapsar,18.5089,73.926,119.6,18.2,32.4,6.9,0.0,74.0,73.6
2023-12-19,Hadapsar,18.5089,73.926,111.8,20.1,38.9,2.5,0.0,79.1,76.2
2023-12-20,Hadapsar,18.5089,73.926,130.7,20.9,45.0,4.7,0.0,87.8,78.7
2023-12-21,Hadapsar,18.5089,73.926,129.9,20.2,28.6,4.2,0.0,84.0,77.7
2023-12-22,Hadapsar,18.5089,73.926,117.6,22.7,28.1,4.8,0.0,80.6,73.9
2023-12-23,Hadapsar,18.5089,73.926,119.8,21.8,28.8,6.7,0.0,62.2,70.1
2023-12-24,Hadapsar,18.5089,73.926,112.2,19.8,41.1,6.1,0.0,64.5,70.3
2023-12-25,Hadapsar,18.5089,73.926,128.0,19.9,38.2,3.5,0.0,85.3,74.6
2023-12-26,Hadapsar,18.5089,73.926,133.9,20.9,32.2,5.2,0.0,78.6,72.1
2023-12-27,Hadapsar,18.5089,73.926,141.5,19.5,33.0,7.9,0.0,89.1,76.5
2023-12-28,Hadapsar,18.5089,73.926,129.4,22.0,28.6,3.2,0.0,88.0,74.7
2023-12-29,Hadapsar,18.5089,73.926,126.0,21.1,37.1,5.2,0.0,84.8,74.1
2023-12-30,Hadapsar,18.5089,73.926,108.4,21.1,30.7,4.5,0.0,57.4,67.0
2023-12-31,Hadapsar,18.5089,73.926,112.9,21.7,31.2,4.7,0.0,56.5,70.4
2024-01-01,Hadapsar,18.5089,73.926,117.4,23.0,35.5,1.6,0.0,79.8,69.5
2024-01-02,Hadapsar,18.5089,73.926,141.6,21.3,31.4,7.6,0.0,81.7,72.7
2024-01-03,Hadapsar,18.5089,73.926,120.3,21.0,31.1,3.2,0.0,72.6,72.8
2024-01-04,Hadapsar,18.5089,73.926,147.6,23.1,32.3,6.8,0.0,83.9,74.9
2024-01-05,Hadapsar,18.5089,73.926,133.1,22.5,36.2,3.5,0.0,87.8,78.9
2024-01-06,Hadapsar,18.5089,73.926,106.2,21.1,40.4,3.5,0.0,64.5,71.6
2024-01-07,Hadapsar,18.5089,73.926,111.3,21.6,35.1,7.2,0.0,58.2,73.8
2024-01-08,Hadapsar,18.5089,73.926,130.2,21.9,36.1,6.7,0.0,77.4,75.8
2024-01-09,Hadapsar,18.5089,73.926,130.3,22.3,31.1,5.1,0.0,82.9,77.0
2024-01-10,Hadapsar,18.5089,73.926,135.0,20.3,28.5,6.2,0.0,80.6,78.8
2024-01-11,Hadapsar,18.5089,73.926,121.9,20.2,35.3,4.1,0.0,83.6,72.4
2024-01-12,Hadapsar,18.5089,73.926,123.5,21.1,32.9,4.7,0.0,84.4,72.2
2024-01-13,Hadapsar,18.5089,73.926,109.2,21.1,24.9,3.4,0.0,67.1,71.9
2024-01-14,Hadapsar,18.5089,73.926,116.3,21.6,30.4,6.5,0.0,55.9,70.2
2024-01-15,Hadapsar,18.5089,73.926,121.3,23.3,31.6,3.3,0.0,82.5,74.8
2024-01-16,Hadapsar,18.5089,73.926,136.7,22.4,29.4,7.7,0.0,79.6,73.6
2024-01-17,Hadapsar,18.5089,73.926,123.2,23.0,39.4,4.1,0.0,80.9,72.7
2024-01-18,Hadapsar,18.5089,73.926,129.0,21.4,34.4,4.7,0.0,85.7,78.3
2024-01-19,Hadapsar,18.5089,73.926,122.4,22.4,38.9,6.2,0.0,86.3,71.5
2024-01-20,Hadapsar,18.5089,73.926,106.6,23.8,33.4,4.8,0.0,68.6,71.9
2024-01-21,Hadapsar,18.5089,73.926,119.7,24.0,32.5,4.1,0.0,63.7,71.5
2024-01-22,Hadapsar,18.5089,73.926,136.1,22.5,27.4,4.7,0.0,80.8,70.3
2024-01-23,Hadapsar,18.5089,73.926,142.4,23.7,32.2,6.5,0.0,80.1,72.1
2024-01-24,Hadapsar,18.5089,73.926,120.5,26.3,32.2,3.4,0.0,72.7,72.5
2024-01-25,Hadapsar,18.5089,73.926,134.1,23.7,25.4,4.5,0.0,88.1,75.6
2024-01-26,Hadapsar,18.5089,73.926,123.1,23.0,29.6,4.8,0.0,79.8,73.3
2024-01-27,Hadapsar,18.5089,73.926,113.2,23.8,30.7,6.5,0.0,64.1,70.0
2024-01-28,Hadapsar,18.5089,73.926,104.4,24.2,34.4,4.6,0.0,65.0,66.6
2024-01-29,Hadapsar,18.5089,73.926,134.1,24.1,34.7,8.4,0.0,75.2,80.0
2024-01-30,Hadapsar,18.5089,73.926,126.5,24.3,29.6,4.5,0.0,76.8,74.4
2024-01-31,Hadapsar,18.5089,73.926,124.9,22.8,34.9,4.4,0.0,89.1,75.4
2024-02-01,Hadapsar,18.5089,73.926,120.8,23.5,31.7,4.5,0.0,82.9,72.8
2024-02-02,Hadapsar,18.5089,73.926,116.8,24.6,18.4,2.3,0.0,78.5,72.6
2024-02-03,Hadapsar,18.5089,73.926,104.6,24.7,30.4,2.8,0.0,61.0,75.0
2024-02-04,Hadapsar,18.5089,73.926,106.0,24.3,38.3,3.9,0.0,67.0,65.4
2024-02-05,Hadapsar,18.5089,73.926,136.9,24.9,24.5,7.2,0.0,86.1,74.9
2024-02-06,Hadapsar,18.5089,73.926,119.0,25.3,33.6,4.9,0.0,74.1,71.2
2024-02-07,Hadapsar,18.5089,73.926,122.8,26.5,41.1,4.0,0.0,89.6,73.2
2024-02-08,Hadapsar,18.5089,73.926,130.2,25.4,29.4,7.5,0.0,86.2,72.6
2024-02-09,Hadapsar,18.5089,73.926,124.2,26.1,33.3,8.2,0.0,80.6,71.7
2024-02-10,Hadapsar,18.5089,73.926,108.8,25.1,26.9,7.6,0.0,55.6,70.3
2024-02-11,Hadapsar,18.5089,73.926,89.4,26.6,41.7,3.4,0.0,66.9,63.8
2024-02-12,Hadapsar,18.5089,73.926,109.7,26.5,33.2,4.2,0.0,83.8,73.4
2024-02-13,Hadapsar,18.5089,73.926,26.3,27.2,49.0,8.8,15.7,66.3,74.0
2024-02-14,Hadapsar,18.5089,73.926,107.9,27.2,40.7,5.7,0.0,80.2,70.8
2024-02-15,Hadapsar,18.5089,73.926,121.2,27.1,37.3,4.7,0.0,97.0,78.0
2024-02-16,Hadapsar,18.5089,73.926,123.7,26.4,29.8,6.7,0.0,81.5,72.7
2024-02-17,Hadapsar,18.5089,73.926,102.7,27.0,31.0,7.3,0.0,57.9,69.6
2024-02-18,Hadapsar,18.5089,73.926,91.8,28.1,36.9,4.2,0.0,56.6,68.7
2024-02-19,Hadapsar,18.5089,73.926,125.6,26.2,31.4,5.8,0.0,90.3,74.0
2024-02-20,Hadapsar,18.5089,73.926,131.9,26.3,24.1,7.3,0.0,85.6,77.5
2024-02-21,Hadapsar,18.5089,73.926,108.4,27.4,34.5,3.2,0.0,88.4,80.4
2024-02-22,Hadapsar,18.5089,73.926,116.9,27.8,27.5,5.5,0.0,82.6,76.1
2024-02-23,Hadapsar,18.5089,73.926,105.7,26.5,43.2,3.3,0.0,87.7,76.9
2024-02-24,Hadapsar,18.5089,73.926,96.2,27.5,36.1,3.6,0.0,57.4,74.5
2024-02-25,Hadapsar,18.5089,73.926,97.1,27.6,30.8,4.5,0.0,62.4,70.8
2024-02-26,Hadapsar,18.5089,73.926,114.3,25.2,32.0,6.6,0.0,82.8,78.1
2024-02-27,Hadapsar,18.5089,73.926,111.9,27.7,26.2,5.1,0.0,88.3,76.2
2024-02-28,Hadapsar,18.5089,73.926,106.6,27.9,30.3,4.5,0.0,83.0,74.6
2024-02-29,Hadapsar,18.5089,73.926,101.8,28.0,41.0,5.9,0.0,78.3,75.1
2024-03-01,Hadapsar,18.5089,73.926,95.2,30.0,47.3,3.6,0.0,81.7,69.6
2024-03-02,Hadapsar,18.5089,73.926,86.3,27.0,39.9,6.8,0.0,53.2,70.9
2024-03-03,Hadapsar,18.5089,73.926,92.3,27.6,36.0,8.2,0.0,50.0,66.3
2024-03-04,Hadapsar,18.5089,73.926,105.8,25.5,34.4,5.8,0.0,85.6,70.1
2024-03-05,Hadapsar,18.5089,73.926,97.2,28.2,32.0,5.6,0.0,79.5,74.7
2024-03-06,Hadapsar,18.5089,73.926,99.4,28.4,47.2,6.8,0.0,80.1,71.4
2024-03-07,Hadapsar,18.5089,73.926,95.8,28.4,36.1,2.1,0.0,85.6,74.2
2024-03-08,Hadapsar,18.5089,73.926,103.0,30.4,47.8,7.2,0.0,88.4,74.5
2024-03-09,Hadapsar,18.5089,73.926,101.4,30.3,44.3,12.4,0.0,64.3,70.7
2024-03-10,Hadapsar,18.5089,73.926,100.9,29.4,28.8,6.0,0.0,71.2,67.9
2024-03-11,Hadapsar,18.5089,73.926,110.1,29.0,34.4,6.1,0.0,83.9,76.4
2024-03-12,Hadapsar,18.5089,73.926,106.8,30.8,34.5,7.8,0.0,82.9,74.0
2024-03-13,Hadapsar,18.5089,73.926,110.6,29.6,37.6,9.7,0.0,82.6,75.3
2024-03-14,Hadapsar,18.5089,73.926,101.9,28.8,37.9,8.4,0.0,75.0,71.2
2024-03-15,Hadapsar,18.5089,73.926,94.6,27.8,53.3,2.2,0.0,86.2,73.8
2024-03-16,Hadapsar,18.5089,73.926,92.1,29.5,33.1,7.6,0.0,49.4,72.9
2024-03-17,Hadapsar,18.5089,73.926,22.1,31.0,54.8,11.7,19.9,48.7,72.6
2024-03-18,Hadapsar,18.5089,73.926,103.0,32.9,41.9,7.9,0.0,81.5,72.2
2024-03-19,Hadapsar,18.5089,73.926,91.8,30.4,39.0,4.3,0.0,77.5,72.8
2024-03-20,Hadapsar,18.5089,73.926,91.1,29.5,39.7,7.3,0.0,79.1,71.7
2024-03-21,Hadapsar,18.5089,73.926,92.3,29.1,34.1,4.2,0.0,90.6,72.6
2024-03-22,Hadapsar,18.5089,73.926,90.9,31.2,40.0,9.2,0.0,86.9,70.7
2024-03-23,Hadapsar,18.5089,73.926,70.2,28.6,42.2,4.9,0.0,58.2,69.9
2024-03-24,Hadapsar,18.5089,73.926,66.7,31.4,41.4,7.0,0.0,59.3,71.8
2024-03-25,Hadapsar,18.5089,73.926,67.7,31.8,42.8,5.2,0.0,75.0,72.2
2024-03-26,Hadapsar,18.5089,73.926,85.6,31.5,47.1,5.9,0.0,84.9,74.0
2024-03-27,Hadapsar,18.5089,73.926,84.0,30.8,44.9,10.0,0.0,80.2,73.6
2024-03-28,Hadapsar,18.5089,73.926,90.7,31.8,40.7,7.2,0.0,71.6,76.8
2024-03-29,Hadapsar,18.5089,73.926,92.5,31.4,34.6,5.9,0.0,81.9,72.7
2024-03-30,Hadapsar,18.5089,73.926,79.3,30.4,37.6,4.8,0.0,63.8,68.8
2024-03-31,Hadapsar,18.5089,73.926,68.9,33.6,39.7,3.4,0.0,66.4,68.1
2024-04-01,Hadapsar,18.5089,73.926,77.7,31.0,42.1,4.7,0.0,81.0,71.4
2024-04-02,Hadapsar,18.5089,73.926,91.1,32.5,38.6,7.4,0.0,79.5,75.5
2024-04-03,Hadapsar,18.5089,73.926,100.5,28.7,36.5,9.2,0.0,91.3,73.9
2024-04-04,Hadapsar,18.5089,73.926,91.4,33.2,35.3,6.2,0.0,81.4,74.3
2024-04-05,Hadapsar,18.5089,73.926,88.8,33.5,33.1,10.4,0.0,85.0,77.4
2024-04-06,Hadapsar,18.5089,73.926,68.2,31.9,40.3,5.9,0.0,58.9,73.5
2024-04-07,Hadapsar,18.5089,73.926,68.7,32.6,34.3,6.9,0.0,65.0,66.1
2024-04-08,Hadapsar,18.5089,73.926,79.4,32.6,36.7,5.2,0.0,74.1,75.8
2024-04-09,Hadapsar,18.5089,73.926,89.3,31.3,39.9,9.4,0.0,79.1,74.8
2024-04-10,Hadapsar,18.5089,73.926,87.8,32.7,35.2,11.6,0.0,75.4,73.0
2024-04-11,Hadapsar,18.5089,73.926,77.2,31.2,43.9,3.9,0.0,78.4,75.0
2024-04-12,Hadapsar,18.5089,73.926,86.4,31.5,45.8,6.8,0.0,87.7,69.9
2024-04-13,Hadapsar,18.5089,73.926,74.2,33.6,39.4,10.0,0.0,58.5,73.9
2024-04-14,Hadapsar,18.5089,73.926,70.9,33.5,40.1,4.6,0.0,65.2,71.5
2024-04-15,Hadapsar,18.5089,73.926,81.6,31.5,45.0,8.7,0.0,89.0,72.0
2024-04-16,Hadapsar,18.5089,73.926,77.3,31.5,38.8,10.0,0.0,81.3,72.7
2024-04-17,Hadapsar,18.5089,73.926,75.3,31.7,38.5,7.7,0.0,86.4,69.9
2024-04-18,Hadapsar,18.5089,73.926,70.7,33.4,48.4,8.6,0.0,84.1,73.4
2024-04-19,Hadapsar,18.5089,73.926,79.3,31.4,46.9,11.1,0.0,82.0,73.0
2024-04-20,Hadapsar,18.5089,73.926,81.4,33.0,45.5,11.5,0.0,65.4,66.9
2024-04-21,Hadapsar,18.5089,73.926,79.0,33.5,47.2,7.4,0.0,70.8,72.1
2024-04-22,Hadapsar,18.5089,73.926,82.5,32.6,32.7,6.5,0.0,78.2,77.4
2024-04-23,Hadapsar,18.5089,73.926,72.1,33.9,49.4,5.7,0.0,76.6,74.1
2024-04-24,Hadapsar,18.5089,73.926,75.1,32.4,44.6,9.5,0.0,76.3,73.4
2024-04-25,Hadapsar,18.5089,73.926,73.4,32.5,47.8,4.8,0.0,86.4,75.3
2024-04-26,Hadapsar,18.5089,73.926,75.9,31.6,44.7,7.1,0.0,87.0,74.2
2024-04-27,Hadapsar,18.5089,73.926,69.1,34.1,43.1,7.8,0.0,58.9,67.5
2024-04-28,Hadapsar,18.5089,73.926,64.2,31.9,41.6,6.6,0.0,50.9,68.6
2024-04-29,Hadapsar,18.5089,73.926,73.5,33.3,44.8,8.2,0.0,78.0,73.5
2024-04-30,Hadapsar,18.5089,73.926,77.2,32.8,41.5,12.8,0.0,84.1,74.8
2024-05-01,Hadapsar,18.5089,73.926,72.5,31.7,47.5,7.4,0.0,81.1,74.2
2024-05-02,Hadapsar,18.5089,73.926,75.3,32.2,35.3,6.8,0.0,82.3,74.7
2024-05-03,Hadapsar,18.5089,73.926,77.8,34.6,40.7,9.7,0.0,78.8,70.4
2024-05-04,Hadapsar,18.5089,73.926,60.8,33.2,53.7,8.1,0.0,66.7,71.9
2024-05-05,Hadapsar,18.5089,73.926,74.8,31.8,40.4,10.6,0.0,63.3,70.2
2024-05-06,Hadapsar,18.5089,73.926,81.2,33.4,42.5,8.0,0.0,84.3,80.6
2024-05-07,Hadapsar,18.5089,73.926,81.2,32.8,39.4,7.2,0.0,82.2,73.2
2024-05-08,Hadapsar,18.5089,73.926,80.1,37.1,45.6,4.2,0.0,84.0,75.0
2024-05-09,Hadapsar,18.5089,73.926,77.4,33.3,40.4,4.5,0.0,83.7,81.3
2024-05-10,Hadapsar,18.5089,73.926,68.1,32.5,43.3,4.1,0.0,76.8,74.7
2024-05-11,Hadapsar,18.5089,73.926,60.7,34.7,48.6,8.5,0.0,63.5,70.0
2024-05-12,Hadapsar,18.5089,73.926,62.2,30.8,41.1,5.1,0.0,65.6,67.7
2024-05-13,Hadapsar,18.5089,73.926,75.9,33.1,48.7,10.3,0.0,87.2,78.0
2024-05-14,Hadapsar,18.5089,73.926,70.5,35.4,49.0,7.9,0.0,83.5,71.3
2024-05-15,Hadapsar,18.5089,73.926,72.4,32.8,50.4,7.4,0.0,76.6,75.3
2024-05-16,Hadapsar,18.5089,73.926,61.7,30.9,46.0,6.2,0.0,77.3,73.0
2024-05-17,Hadapsar,18.5089,73.926,59.5,32.5,61.8,9.1,0.0,79.2,73.7
2024-05-18,Hadapsar,18.5089,73.926,35.5,34.7,66.1,6.3,5.0,60.1,66.6
2024-05-19,Hadapsar,18.5089,73.926,21.7,33.3,62.7,6.0,11.6,55.2,73.6
2024-05-20,Hadapsar,18.5089,73.926,69.2,31.9,41.9,10.4,0.0,75.8,73.5
2024-05-21,Hadapsar,18.5089,73.926,65.2,32.0,46.1,8.7,0.0,75.8,71.2
2024-05-22,Hadapsar,18.5089,73.926,50.6,32.1,54.0,7.6,0.0,70.9,77.3
2024-05-23,Hadapsar,18.5089,73.926,8.0,33.2,70.7,9.4,14.3,58.6,72.9
2024-05-24,Hadapsar,18.5089,73.926,64.7,34.4,54.8,8.1,0.0,80.7,75.0
2024-05-25,Hadapsar,18.5089,73.926,61.8,34.0,51.7,8.9,0.0,73.2,72.3
2024-05-26,Hadapsar,18.5089,73.926,62.9,33.2,41.8,6.5,0.0,70.6,71.4
2024-05-27,Hadapsar,18.5089,73.926,52.6,31.0,50.8,12.4,0.0,76.5,68.7
2024-05-28,Hadapsar,18.5089,73.926,56.4,31.0,42.6,7.1,0.0,82.1,75.9
2024-05-29,Hadapsar,18.5089,73.926,9.6,33.2,56.7,11.4,16.3,65.9,73.9
2024-05-30,Hadapsar,18.5089,73.926,66.7,30.9,50.7,8.0,0.0,74.8,73.4
2024-05-31,Hadapsar,18.5089,73.926,60.0,32.2,52.5,10.0,0.0,75.4,73.9
2024-06-01,Hadapsar,18.5089,73.926,52.7,32.8,54.8,9.9,0.0,60.5,66.2
2024-06-02,Hadapsar,18.5089,73.926,56.1,31.0,53.2,10.8,0.0,60.7,70.7
2024-06-03,Hadapsar,18.5089,73.926,58.1,31.1,53.9,6.9,0.0,82.7,70.8
2024-06-04,Hadapsar,18.5089,73.926,8.1,32.1,61.7,10.7,10.8,79.3,73.5
2024-06-05,Hadapsar,18.5089,73.926,8.0,32.8,66.6,12.3,23.3,68.1,74.6
2024-06-06,Hadapsar,18.5089,73.926,65.2,33.4,45.1,8.2,0.0,81.6,76.9
2024-06-07,Hadapsar,18.5089,73.926,66.8,32.8,43.1,8.8,0.0,75.9,72.2
2024-06-08,Hadapsar,18.5089,73.926,14.2,32.1,72.3,7.8,20.3,44.7,73.8
2024-06-09,Hadapsar,18.5089,73.926,31.9,31.1,65.4,8.2,2.1,53.0,72.6
2024-06-10,Hadapsar,18.5089,73.926,57.6,30.6,59.1,12.4,0.0,84.6,73.1
2024-06-11,Hadapsar,18.5089,73.926,22.7,31.2,75.8,7.0,9.3,75.1,71.4
2024-06-12,Hadapsar,18.5089,73.926,25.3,32.2,67.7,7.2,7.4,68.3,70.6
2024-06-13,Hadapsar,18.5089,73.926,55.5,32.1,59.4,12.3,0.0,81.1,74.9
2024-06-14,Hadapsar,18.5089,73.926,54.3,29.1,53.7,10.4,0.0,75.2,72.4
2024-06-15,Hadapsar,18.5089,73.926,41.1,30.6,48.4,13.5,0.0,69.9,73.2
2024-06-16,Hadapsar,18.5089,73.926,47.1,32.9,58.9,8.4,0.0,58.7,68.5
2024-06-17,Hadapsar,18.5089,73.926,25.9,31.5,71.5,9.6,6.8,81.4,71.9
2024-06-18,Hadapsar,18.5089,73.926,52.1,29.6,57.3,8.1,0.0,86.8,74.8
2024-06-19,Hadapsar,18.5089,73.926,48.8,34.0,70.0,9.8,0.0,76.6,72.5
2024-06-20,Hadapsar,18.5089,73.926,55.2,31.1,53.2,6.1,0.0,81.8,74.2
2024-06-21,Hadapsar,18.5089,73.926,21.8,31.5,78.4,11.1,6.5,80.9,76.7
2024-06-22,Hadapsar,18.5089,73.926,8.0,31.4,72.2,10.4,17.3,53.5,70.5
2024-06-23,Hadapsar,18.5089,73.926,19.9,30.4,82.4,9.7,7.7,59.6,70.5
2024-06-24,Hadapsar,18.5089,73.926,46.3,29.9,65.0,9.1,0.0,74.8,74.7
2024-06-25,Hadapsar,18.5089,73.926,44.2,33.2,66.1,8.2,0.0,84.2,70.0
2024-06-26,Hadapsar,18.5089,73.926,50.4,31.8,60.2,11.5,0.0,79.0,75.2
2024-06-27,Hadapsar,18.5089,73.926,52.1,31.5,61.7,7.8,0.0,83.1,74.6
2024-06-28,Hadapsar,18.5089,73.926,46.3,31.1,70.9,11.3,0.0,86.0,76.4
2024-06-29,Hadapsar,18.5089,73.926,39.5,29.1,75.8,14.5,0.0,64.9,71.7
2024-06-30,Hadapsar,18.5089,73.926,12.7,31.7,85.0,13.4,9.9,58.4,69.7
2024-07-01,Hadapsar,18.5089,73.926,47.8,29.1,63.8,7.5,0.0,84.6,76.8
2024-07-02,Hadapsar,18.5089,73.926,27.4,30.3,85.7,9.5,4.4,82.6,73.5
2024-07-03,Hadapsar,18.5089,73.926,10.9,27.9,96.8,11.5,9.4,84.2,74.8
2024-07-04,Hadapsar,18.5089,73.926,39.8,27.3,70.9,10.6,0.0,81.2,73.4
2024-07-05,Hadapsar,18.5089,73.926,38.6,30.1,78.4,8.0,0.0,82.2,75.4
2024-07-06,Hadapsar,18.5089,73.926,23.2,28.6,83.0,11.6,3.6,64.5,69.3
2024-07-07,Hadapsar,18.5089,73.926,12.9,27.1,87.1,10.9,14.6,51.8,74.3
2024-07-08,Hadapsar,18.5089,73.926,15.6,30.0,91.1,14.8,11.0,69.2,79.2
2024-07-09,Hadapsar,18.5089,73.926,8.0,31.8,90.6,10.6,14.7,76.5,76.4
2024-07-10,Hadapsar,18.5089,73.926,15.9,30.8,85.4,13.5,5.4,77.7,78.1
2024-07-11,Hadapsar,18.5089,73.926,32.6,28.7,70.8,8.7,0.0,75.4,70.4
2024-07-12,Hadapsar,18.5089,73.926,33.7,28.9,80.4,9.2,0.0,83.9,70.6
2024-07-13,Hadapsar,18.5089,73.926,8.0,29.8,96.9,12.8,3.7,66.9,69.4
2024-07-14,Hadapsar,18.5089,73.926,8.0,30.0,98.0,13.6,18.2,44.3,70.3
2024-07-15,Hadapsar,18.5089,73.926,11.5,28.1,98.0,9.5,10.4,81.3,73.7
2024-07-16,Hadapsar,18.5089,73.926,8.2,28.5,93.2,11.5,14.8,61.3,70.1
2024-07-17,Hadapsar,18.5089,73.926,12.6,28.7,91.5,8.8,11.0,73.9,77.1
2024-07-18,Hadapsar,18.5089,73.926,29.1,28.8,85.2,11.2,0.0,90.6,79.6
2024-07-19,Hadapsar,18.5089,73.926,21.8,27.9,82.5,13.3,0.0,79.8,77.4
2024-07-20,Hadapsar,18.5089,73.926,18.8,27.8,89.4,10.8,1.6,61.3,72.9
2024-07-21,Hadapsar,18.5089,73.926,8.0,29.5,89.5,11.2,27.9,51.4,70.8
2024-07-22,Hadapsar,18.5089,73.926,29.2,29.1,97.5,9.5,2.0,71.8,72.1
2024-07-23,Hadapsar,18.5089,73.926,8.0,28.1,94.5,10.5,22.8,70.4,74.4
2024-07-24,Hadapsar,18.5089,73.926,27.9,29.5,80.6,15.4,0.0,81.7,79.5
2024-07-25,Hadapsar,18.5089,73.926,25.1,26.9,86.3,12.0,0.0,90.7,73.3
2024-07-26,Hadapsar,18.5089,73.926,26.3,29.1,85.0,9.9,0.0,75.2,73.1
2024-07-27,Hadapsar,18.5089,73.926,24.0,27.7,88.1,11.3,0.0,59.7,73.0
2024-07-28,Hadapsar,18.5089,73.926,15.3,30.9,86.9,8.8,4.9,54.5,73.1
2024-07-29,Hadapsar,18.5089,73.926,27.1,25.4,83.0,9.9,0.0,76.2,72.1
2024-07-30,Hadapsar,18.5089,73.926,13.3,25.9,98.0,14.7,5.9,84.1,73.5
2024-07-31,Hadapsar,18.5089,73.926,16.3,27.1,89.3,11.7,12.8,75.1,72.9
2024-08-01,Hadapsar,18.5089,73.926,20.2,26.9,93.7,15.8,3.7,76.7,74.4
2024-08-02,Hadapsar,18.5089,73.926,14.5,28.6,92.8,11.8,18.7,69.4,77.0
2024-08-03,Hadapsar,18.5089,73.926,19.5,25.4,97.1,11.9,8.5,54.5,68.2
2024-08-04,Hadapsar,18.5089,73.926,25.7,27.1,98.0,13.3,3.4,57.5,72.9
2024-08-05,Hadapsar,18.5089,73.926,37.0,27.3,92.0,6.6,0.0,75.1,74.5
2024-08-06,Hadapsar,18.5089,73.926,31.6,26.6,77.7,12.4,0.0,80.1,80.0
2024-08-07,Hadapsar,18.5089,73.926,9.6,24.5,98.0,11.9,13.3,73.0,75.0
2024-08-08,Hadapsar,18.5089,73.926,8.0,27.2,98.0,14.9,18.2,68.5,74.0
2024-08-09,Hadapsar,18.5089,73.926,32.4,26.9,83.1,13.8,0.0,82.2,75.6
2024-08-10,Hadapsar,18.5089,73.926,10.5,26.0,98.0,9.6,18.3,53.7,69.4
2024-08-11,Hadapsar,18.5089,73.926,10.9,25.4,97.2,14.3,19.4,49.1,65.7
2024-08-12,Hadapsar,18.5089,73.926,22.8,25.3,98.0,11.3,3.3,79.0,73.6
2024-08-13,Hadapsar,18.5089,73.926,28.4,24.8,98.0,10.0,4.0,90.2,73.6
2024-08-14,Hadapsar,18.5089,73.926,16.7,25.5,89.4,12.1,15.3,84.4,70.2
2024-08-15,Hadapsar,18.5089,73.926,39.1,24.7,83.3,11.3,0.0,76.1,74.0
2024-08-16,Hadapsar,18.5089,73.926,32.0,23.5,83.4,14.7,0.0,76.8,69.0
2024-08-17,Hadapsar,18.5089,73.926,34.7,23.1,80.1,12.3,0.0,56.3,69.3
2024-08-18,Hadapsar,18.5089,73.926,20.0,23.3,98.0,12.0,3.4,65.2,70.8
2024-08-19,Hadapsar,18.5089,73.926,32.7,24.4,78.5,13.3,0.0,79.4,74.4
2024-08-20,Hadapsar,18.5089,73.926,34.1,24.0,78.0,13.6,0.0,82.6,73.2
2024-08-21,Hadapsar,18.5089,73.926,22.4,24.1,77.1,13.0,1.0,90.9,74.0
2024-08-22,Hadapsar,18.5089,73.926,34.6,24.3,65.9,14.2,0.0,81.3,72.2
2024-08-23,Hadapsar,18.5089,73.926,15.5,22.9,90.0,12.5,4.4,82.7,74.2
2024-08-24,Hadapsar,18.5089,73.926,8.0,25.3,86.5,11.5,30.8,48.8,70.3
2024-08-25,Hadapsar,18.5089,73.926,8.0,23.0,83.3,13.6,11.1,53.1,67.9
2024-08-26,Hadapsar,18.5089,73.926,17.2,22.7,95.8,10.9,5.5,83.9,74.9
2024-08-27,Hadapsar,18.5089,73.926,21.3,23.7,90.5,11.1,3.9,75.2,74.9
2024-08-28,Hadapsar,18.5089,73.926,21.6,20.8,87.2,14.4,3.3,86.5,73.8
2024-08-29,Hadapsar,18.5089,73.926,14.6,21.9,83.9,14.1,5.9,75.5,80.3
2024-08-30,Hadapsar,18.5089,73.926,41.4,23.9,72.5,10.8,0.0,79.0,73.8
2024-08-31,Hadapsar,18.5089,73.926,13.8,20.6,90.3,9.8,7.8,52.3,69.5
2024-09-01,Hadapsar,18.5089,73.926,18.3,23.9,80.6,13.5,13.1,50.5,69.1
2024-09-02,Hadapsar,18.5089,73.926,22.1,24.2,84.0,12.1,8.7,74.9,71.8
2024-09-03,Hadapsar,18.5089,73.926,39.5,21.8,72.7,11.1,0.0,69.2,75.9
2024-09-04,Hadapsar,18.5089,73.926,43.6,22.5,58.0,9.7,0.0,80.2,72.5
2024-09-05,Hadapsar,18.5089,73.926,47.9,23.4,66.7,11.0,0.0,78.9,72.8
2024-09-06,Hadapsar,18.5089,73.926,11.7,21.4,79.1,10.2,15.6,77.5,72.9
2024-09-07,Hadapsar,18.5089,73.926,9.6,22.9,79.9,8.8,10.9,58.3,67.7
2024-09-08,Hadapsar,18.5089,73.926,44.2,20.9,62.4,10.3,0.0,58.1,65.8
2024-09-09,Hadapsar,18.5089,73.926,23.1,21.0,79.9,10.5,6.0,76.1,73.0
2024-09-10,Hadapsar,18.5089,73.926,51.5,20.5,73.1,9.2,0.0,80.2,76.4
2024-09-11,Hadapsar,18.5089,73.926,58.7,21.8,61.2,11.6,0.0,88.8,74.7
2024-09-12,Hadapsar,18.5089,73.926,55.2,22.7,63.6,12.3,0.0,77.3,78.1
2024-09-13,Hadapsar,18.5089,73.926,62.7,20.9,71.4,11.6,0.0,77.8,76.1
2024-09-14,Hadapsar,18.5089,73.926,50.6,19.5,58.1,9.1,0.0,56.0,71.5
2024-09-15,Hadapsar,18.5089,73.926,8.0,19.7,84.2,11.1,17.6,45.4,74.9
2024-09-16,Hadapsar,18.5089,73.926,53.9,21.3,59.5,9.6,0.0,82.9,74.0
2024-09-17,Hadapsar,18.5089,73.926,34.1,23.0,82.8,6.9,8.7,78.1,74.4
2024-09-18,Hadapsar,18.5089,73.926,71.1,21.1,62.0,10.7,0.0,87.8,74.2
2024-09-19,Hadapsar,18.5089,73.926,45.9,20.1,74.2,9.5,5.5,83.9,78.1
2024-09-20,Hadapsar,18.5089,73.926,64.0,21.4,56.7,14.4,0.0,93.4,74.2
2024-09-21,Hadapsar,18.5089,73.926,54.8,20.1,53.3,12.0,0.0,61.2,68.6
2024-09-22,Hadapsar,18.5089,73.926,26.9,19.8,71.2,10.5,3.6,58.5,71.7
2024-09-23,Hadapsar,18.5089,73.926,10.1,19.0,74.8,9.5,14.3,67.8,72.2
2024-09-24,Hadapsar,18.5089,73.926,67.0,21.8,54.6,9.3,0.0,84.9,75.5
2024-09-25,Hadapsar,18.5089,73.926,27.5,17.0,67.6,6.9,9.3,77.4,75.2
2024-09-26,Hadapsar,18.5089,73.926,65.6,20.9,52.4,5.3,0.0,84.7,73.7
2024-09-27,Hadapsar,18.5089,73.926,65.9,19.3,58.1,7.0,0.0,75.7,75.6
2024-09-28,Hadapsar,18.5089,73.926,51.7,19.3,58.7,8.6,0.0,63.4,66.5
2024-09-29,Hadapsar,18.5089,73.926,32.1,21.7,63.8,4.4,4.9,60.2,70.6
2024-09-30,Hadapsar,18.5089,73.926,60.7,18.7,48.3,7.5,0.0,82.1,73.0
2024-10-01,Hadapsar,18.5089,73.926,61.6,18.7,53.1,8.0,0.0,78.0,81.4
2024-10-02,Hadapsar,18.5089,73.926,58.8,19.3,58.4,8.1,0.5,87.1,74.6
2024-10-03,Hadapsar,18.5089,73.926,62.5,19.9,56.1,7.1,0.0,91.7,72.7
2024-10-04,Hadapsar,18.5089,73.926,65.1,18.8,43.7,7.7,0.0,75.8,70.8
2024-10-05,Hadapsar,18.5089,73.926,63.9,17.3,48.2,11.8,0.0,65.2,73.5
2024-10-06,Hadapsar,18.5089,73.926,59.3,18.1,44.5,9.6,0.0,47.2,69.3
2024-10-07,Hadapsar,18.5089,73.926,71.6,20.6,47.4,7.1,0.0,84.7,72.2
2024-10-08,Hadapsar,18.5089,73.926,61.9,19.1,56.4,8.1,0.0,72.0,75.0
2024-10-09,Hadapsar,18.5089,73.926,73.7,19.5,40.9,8.1,0.0,78.8,75.8
2024-10-10,Hadapsar,18.5089,73.926,71.2,18.6,39.6,6.6,0.0,74.8,75.8
2024-10-11,Hadapsar,18.5089,73.926,69.7,18.0,43.3,6.6,0.0,80.3,74.2
2024-10-12,Hadapsar,18.5089,73.926,12.8,20.8,63.5,10.1,13.2,59.2,70.6
2024-10-13,Hadapsar,18.5089,73.926,57.5,18.5,49.9,7.2,0.0,52.3,70.8
2024-10-14,Hadapsar,18.5089,73.926,51.9,18.1,63.7,5.8,3.2,78.0,75.0
2024-10-15,Hadapsar,18.5089,73.926,73.9,19.9,52.2,7.9,0.0,78.8,75.3
2024-10-16,Hadapsar,18.5089,73.926,25.8,17.7,52.2,8.2,9.7,84.5,76.9
2024-10-17,Hadapsar,18.5089,73.926,73.9,17.8,51.7,4.0,0.0,83.6,74.3
2024-10-18,Hadapsar,18.5089,73.926,72.1,18.5,43.9,7.8,0.0,75.5,72.2
2024-10-19,Hadapsar,18.5089,73.926,67.6,18.4,48.8,9.6,0.0,59.2,69.8
2024-10-20,Hadapsar,18.5089,73.926,72.2,18.7,38.2,8.7,0.0,69.4,72.1
2024-10-21,Hadapsar,18.5089,73.926,81.5,20.8,44.6,12.2,0.0,85.0,69.7
2024-10-22,Hadapsar,18.5089,73.926,75.2,18.7,45.5,10.2,0.0,76.8,69.7
2024-10-23,Hadapsar,18.5089,73.926,82.7,15.4,49.8,10.5,0.0,80.1,76.5
2024-10-24,Hadapsar,18.5089,73.926,83.2,18.6,35.8,13.2,0.0,80.2,78.0
2024-10-25,Hadapsar,18.5089,73.926,76.6,18.2,43.7,9.1,0.0,78.7,71.0
2024-10-26,Hadapsar,18.5089,73.926,77.3,18.2,37.8,7.8,0.0,53.0,70.5
2024-10-27,Hadapsar,18.5089,73.926,76.3,18.4,45.5,9.4,0.0,58.2,69.2
2024-10-28,Hadapsar,18.5089,73.926,94.6,18.1,46.6,6.3,0.0,88.3,73.5
2024-10-29,Hadapsar,18.5089,73.926,86.5,18.0,48.9,7.6,0.0,79.5,75.0
2024-10-30,Hadapsar,18.5089,73.926,87.2,18.8,39.6,6.0,0.0,80.9,71.0
2024-10-31,Hadapsar,18.5089,73.926,94.2,17.4,46.7,8.1,0.0,82.1,71.4
2024-11-01,Hadapsar,18.5089,73.926,38.0,16.9,63.6,5.9,8.7,88.1,73.4
2024-11-02,Hadapsar,18.5089,73.926,71.3,21.7,33.3,5.8,0.0,61.6,69.8
2024-11-03,Hadapsar,18.5089,73.926,71.3,17.2,44.4,7.9,0.0,67.1,67.4
2024-11-04,Hadapsar,18.5089,73.926,83.6,18.1,45.9,6.8,0.0,78.4,76.2
2024-11-05,Hadapsar,18.5089,73.926,74.7,16.2,39.6,3.2,0.0,80.1,73.2
2024-11-06,Hadapsar,18.5089,73.926,84.1,18.1,34.6,4.1,0.0,81.5,73.1
2024-11-07,Hadapsar,18.5089,73.926,32.4,16.9,60.1,4.6,11.2,71.9,74.9
2024-11-08,Hadapsar,18.5089,73.926,99.2,17.5,34.2,5.1,0.0,80.4,73.9
2024-11-09,Hadapsar,18.5089,73.926,46.9,19.3,54.1,7.6,7.6,62.3,72.3
2024-11-10,Hadapsar,18.5089,73.926,90.4,18.6,39.6,7.2,0.0,57.6,67.9
2024-11-11,Hadapsar,18.5089,73.926,104.2,18.7,43.2,8.8,0.0,81.4,70.7
2024-11-12,Hadapsar,18.5089,73.926,107.6,15.9,36.2,8.2,0.0,84.9,73.4
2024-11-13,Hadapsar,18.5089,73.926,101.2,20.2,35.8,8.8,0.0,77.3,74.4
2024-11-14,Hadapsar,18.5089,73.926,95.4,16.6,39.5,7.8,0.0,86.9,71.1
2024-11-15,Hadapsar,18.5089,73.926,90.0,19.9,43.8,6.9,0.0,81.8,70.7
2024-11-16,Hadapsar,18.5089,73.926,83.1,19.3,50.0,8.7,0.0,60.8,70.7
2024-11-17,Hadapsar,18.5089,73.926,89.7,18.8,30.9,8.3,0.0,51.6,68.3
2024-11-18,Hadapsar,18.5089,73.926,87.4,17.1,39.8,7.1,0.0,79.5,70.6
2024-11-19,Hadapsar,18.5089,73.926,100.2,18.3,32.6,8.9,0.0,83.3,76.6
2024-11-20,Hadapsar,18.5089,73.926,89.9,17.6,42.9,1.6,0.0,90.1,72.6
2024-11-21,Hadapsar,18.5089,73.926,103.8,18.2,32.9,5.7,0.0,84.2,77.1
2024-11-22,Hadapsar,18.5089,73.926,47.2,17.9,49.1,5.6,10.0,82.0,74.3
2024-11-23,Hadapsar,18.5089,73.926,101.8,15.8,34.3,8.4,0.0,55.6,70.9
2024-11-24,Hadapsar,18.5089,73.926,98.5,19.6,36.7,9.2,0.0,61.0,69.7
2024-11-25,Hadapsar,18.5089,73.926,90.1,18.2,38.5,3.1,0.0,87.5,67.6
2024-11-26,Hadapsar,18.5089,73.926,104.0,17.8,39.2,8.8,0.0,77.0,71.4
2024-11-27,Hadapsar,18.5089,73.926,97.9,17.7,36.5,3.6,0.0,86.2,73.9
2024-11-28,Hadapsar,18.5089,73.926,106.1,18.9,29.8,3.6,0.0,85.1,75.1
2024-11-29,Hadapsar,18.5089,73.926,111.2,17.4,39.9,5.4,0.0,82.8,69.7
2024-11-30,Hadapsar,18.5089,73.926,93.0,15.8,35.8,5.2,0.0,60.0,70.1
2024-12-01,Hadapsar,18.5089,73.926,87.0,19.1,41.7,2.7,0.0,56.7,67.4
2024-12-02,Hadapsar,18.5089,73.926,124.6,19.3,32.2,7.0,0.0,90.3,74.8
2024-12-03,Hadapsar,18.5089,73.926,126.9,18.5,27.6,7.1,0.0,84.6,74.2
2024-12-04,Hadapsar,18.5089,73.926,34.6,17.4,50.3,7.8,11.0,77.6,76.1
2024-12-05,Hadapsar,18.5089,73.926,101.4,18.9,41.8,4.7,0.0,79.3,76.9
2024-12-06,Hadapsar,18.5089,73.926,102.8,17.1,35.9,5.5,0.0,81.6,75.3
2024-12-07,Hadapsar,18.5089,73.926,100.0,17.7,34.0,5.5,0.0,62.4,72.4
2024-12-08,Hadapsar,18.5089,73.926,113.5,18.1,30.5,8.9,0.0,63.6,69.3
2024-12-09,Hadapsar,18.5089,73.926,94.2,20.1,43.5,1.2,0.0,85.1,81.3
2024-12-10,Hadapsar,18.5089,73.926,99.1,18.7,29.4,3.5,0.0,77.5,71.2
2024-12-11,Hadapsar,18.5089,73.926,111.0,18.7,30.8,5.4,0.0,74.1,72.9
2024-12-12,Hadapsar,18.5089,73.926,110.2,21.6,37.1,3.2,0.0,81.8,76.5
2024-12-13,Hadapsar,18.5089,73.926,115.2,19.8,24.9,4.8,0.0,72.7,76.1
2024-12-14,Hadapsar,18.5089,73.926,101.3,19.8,40.4,5.0,0.0,60.0,71.4
2024-12-15,Hadapsar,18.5089,73.926,95.4,19.1,37.0,3.9,0.0,59.1,71.9
2024-12-16,Hadapsar,18.5089,73.926,112.9,18.9,38.3,5.3,0.0,83.9,69.0
2024-12-17,Hadapsar,18.5089,73.926,125.6,17.0,36.5,6.4,0.0,91.3,78.2
2024-12-18,Hadapsar,18.5089,73.926,114.8,20.9,32.8,4.7,0.0,71.7,73.7
2024-12-19,Hadapsar,18.5089,73.926,130.2,20.4,28.1,4.2,0.0,92.8,77.3
2024-12-20,Hadapsar,18.5089,73.926,120.1,19.7,32.6,4.7,0.0,80.2,69.1
2024-12-21,Hadapsar,18.5089,73.926,118.7,19.8,28.4,5.0,0.0,63.3,70.8
2024-12-22,Hadapsar,18.5089,73.926,41.9,21.0,50.6,1.5,10.6,49.2,68.8
2024-12-23,Hadapsar,18.5089,73.926,120.9,18.3,37.1,5.9,0.0,86.4,75.6
2024-12-24,Hadapsar,18.5089,73.926,55.1,19.6,55.3,4.1,7.9,77.6,75.0
2024-12-25,Hadapsar,18.5089,73.926,128.9,19.0,34.7,7.5,0.0,81.1,75.1
2024-12-26,Hadapsar,18.5089,73.926,120.5,22.6,37.4,6.1,0.0,71.7,71.6
2024-12-27,Hadapsar,18.5089,73.926,126.6,21.6,31.2,7.2,0.0,81.8,74.1
2024-12-28,Hadapsar,18.5089,73.926,112.6,18.0,30.2,2.9,0.0,65.8,69.7
2024-12-29,Hadapsar,18.5089,73.926,114.9,18.9,34.9,4.1,0.0,60.4,71.4
2024-12-30,Hadapsar,18.5089,73.926,123.3,20.7,30.6,2.4,0.0,87.3,76.7
2024-12-31,Hadapsar,18.5089,73.926,120.3,20.4,33.8,3.4,0.0,87.1,74.6
2022-01-01,Pimpri-Chinchwad,18.6298,73.7997,118.4,22.5,25.8,2.7,0.0,61.4,105.2
2022-01-02,Pimpri-Chinchwad,18.6298,73.7997,107.1,20.2,42.1,3.0,0.0,50.5,100.9
2022-01-03,Pimpri-Chinchwad,18.6298,73.7997,126.1,22.4,33.9,6.1,0.0,85.3,104.5
2022-01-04,Pimpri-Chinchwad,18.6298,73.7997,119.3,19.6,34.6,6.5,0.0,70.9,105.0
2022-01-05,Pimpri-Chinchwad,18.6298,73.7997,135.3,22.7,28.8,2.8,0.0,82.6,106.5
2022-01-06,Pimpri-Chinchwad,18.6298,73.7997,131.7,21.0,35.8,6.1,0.0,73.1,102.8
2022-01-07,Pimpri-Chinchwad,18.6298,73.7997,127.5,20.4,30.2,3.7,0.0,81.9,106.5
2022-01-08,Pimpri-Chinchwad,18.6298,73.7997,114.8,21.5,30.7,4.8,0.0,52.3,102.0
2022-01-09,Pimpri-Chinchwad,18.6298,73.7997,117.3,22.2,35.1,7.6,0.0,56.1,96.9
2022-01-10,Pimpri-Chinchwad,18.6298,73.7997,142.3,21.3,23.9,6.3,0.0,78.0,109.9
2022-01-11,Pimpri-Chinchwad,18.6298,73.7997,131.2,22.7,40.0,6.3,0.0,77.3,109.1
2022-01-12,Pimpri-Chinchwad,18.6298,73.7997,64.4,21.5,47.9,8.5,6.7,76.2,103.4
2022-01-13,Pimpri-Chinchwad,18.6298,73.7997,118.1,23.0,38.4,3.3,0.0,71.6,102.6
2022-01-14,Pimpri-Chinchwad,18.6298,73.7997,135.9,22.9,26.6,2.7,0.0,74.4,106.0
2022-01-15,Pimpri-Chinchwad,18.6298,73.7997,126.4,22.4,27.4,3.3,0.0,62.2,97.8
2022-01-16,Pimpri-Chinchwad,18.6298,73.7997,123.6,22.1,26.2,4.2,0.0,52.5,104.8
2022-01-17,Pimpri-Chinchwad,18.6298,73.7997,124.2,22.9,33.3,1.2,0.0,76.9,104.2
2022-01-18,Pimpri-Chinchwad,18.6298,73.7997,129.6,23.5,32.3,4.3,0.0,72.9,109.5
2022-01-19,Pimpri-Chinchwad,18.6298,73.7997,124.4,25.5,29.7,3.6,0.0,75.0,103.3
2022-01-20,Pimpri-Chinchwad,18.6298,73.7997,130.7,24.2,27.0,6.3,0.0,74.4,105.1
2022-01-21,Pimpri-Chinchwad,18.6298,73.7997,137.8,24.4,25.7,5.4,0.0,70.1,108.6
2022-01-22,Pimpri-Chinchwad,18.6298,73.7997,115.2,27.1,31.9,3.5,0.0,54.7,100.6
2022-01-23,Pimpri-Chinchwad,18.6298,73.7997,114.3,24.1,29.8,5.9,0.0,56.7,102.1
2022-01-24,Pimpri-Chinchwad,18.6298,73.7997,125.0,24.2,28.8,6.2,0.0,73.5,108.1
2022-01-25,Pimpri-Chinchwad,18.6298,73.7997,126.0,24.6,40.0,3.2,0.0,81.9,104.0
2022-01-26,Pimpri-Chinchwad,18.6298,73.7997,126.6,22.7,31.9,3.8,0.0,79.0,102.2
2022-01-27,Pimpri-Chinchwad,18.6298,73.7997,117.1,23.5,38.7,1.2,0.0,75.4,101.8
2022-01-28,Pimpri-Chinchwad,18.6298,73.7997,127.1,23.5,29.7,2.6,0.0,70.2,106.9
2022-01-29,Pimpri-Chinchwad,18.6298,73.7997,111.2,25.0,33.7,3.3,0.0,51.9,102.4
2022-01-30,Pimpri-Chinchwad,18.6298,73.7997,127.0,24.2,32.2,5.0,0.0,65.9,104.1
2022-01-31,Pimpri-Chinchwad,18.6298,73.7997,121.3,24.7,24.1,3.0,0.0,69.0,104.7
2022-02-01,Pimpri-Chinchwad,18.6298,73.7997,37.9,25.9,54.8,3.8,15.1,67.0,101.8
2022-02-02,Pimpri-Chinchwad,18.6298,73.7997,120.2,25.8,32.0,2.4,0.0,75.8,99.5
2022-02-03,Pimpri-Chinchwad,18.6298,73.7997,127.9,24.7,36.5,5.3,0.0,72.4,112.6
2022-02-04,Pimpri-Chinchwad,18.6298,73.7997,85.6,24.2,44.1,5.8,3.0,67.5,106.7
2022-02-05,Pimpri-Chinchwad,18.6298,73.7997,121.4,26.5,32.1,5.8,0.0,52.1,101.7
2022-02-06,Pimpri-Chinchwad,18.6298,73.7997,118.3,26.2,28.7,5.0,0.0,53.3,102.1
2022-02-07,Pimpri-Chinchwad,18.6298,73.7997,114.2,23.5,39.3,1.9,0.0,70.5,101.8
2022-02-08,Pimpri-Chinchwad,18.6298,73.7997,132.2,25.2,34.8,3.8,0.0,80.6,103.4
2022-02-09,Pimpri-Chinchwad,18.6298,73.7997,131.6,25.9,35.2,4.3,0.0,74.0,109.8
2022-02-10,Pimpri-Chinchwad,18.6298,73.7997,123.1,26.7,40.2,4.3,0.0,71.4,107.0
2022-02-11,Pimpri-Chinchwad,18.6298,73.7997,120.9,27.0,39.3,5.3,0.0,74.5,103.5
2022-02-12,Pimpri-Chinchwad,18.6298,73.7997,121.3,26.4,37.5,8.0,0.0,59.3,98.3
2022-02-13,Pimpri-Chinchwad,18.6298,73.7997,120.3,26.9,26.7,6.8,0.0,54.3,100.1
2022-02-14,Pimpri-Chinchwad,18.6298,73.7997,122.2,26.4,30.4,3.3,0.0,78.5,104.6
2022-02-15,Pimpri-Chinchwad,18.6298,73.7997,126.4,25.6,29.0,6.6,0.0,67.6,110.5
2022-02-16,Pimpri-Chinchwad,18.6298,73.7997,127.3,26.2,37.8,6.6,0.0,79.9,104.9
2022-02-17,Pimpri-Chinchwad,18.6298,73.7997,117.4,26.7,35.1,3.7,0.0,74.0,102.4
2022-02-18,Pimpri-Chinchwad,18.6298,73.7997,131.9,26.8,27.4,7.1,0.0,73.8,105.3
2022-02-19,Pimpri-Chinchwad,18.6298,73.7997,117.0,24.7,33.6,5.1,0.0,52.5,102.1
2022-02-20,Pimpri-Chinchwad,18.6298,73.7997,107.8,26.6,27.2,2.6,0.0,49.9,98.2
2022-02-21,Pimpri-Chinchwad,18.6298,73.7997,127.6,27.3,34.5,6.4,0.0,65.7,106.4
2022-02-22,Pimpri-Chinchwad,18.6298,73.7997,127.4,27.0,26.7,6.0,0.0,70.2,108.4
2022-02-23,Pimpri-Chinchwad,18.6298,73.7997,124.3,27.2,37.7,5.1,0.0,76.9,105.7
2022-02-24,Pimpri-Chinchwad,18.6298,73.7997,121.6,28.2,37.1,5.5,0.0,69.2,103.4
2022-02-25,Pimpri-Chinchwad,18.6298,73.7997,116.8,26.4,44.9,4.2,0.0,66.3,104.1
2022-02-26,Pimpri-Chinchwad,18.6298,73.7997,49.3,25.9,54.7,6.9,9.8,46.5,97.3
2022-02-27,Pimpri-Chinchwad,18.6298,73.7997,113.1,27.5,33.5,5.6,0.0,54.1,101.1
2022-02-28,Pimpri-Chinchwad,18.6298,73.7997,126.4,29.0,39.9,6.1,0.0,72.3,106.2
2022-03-01,Pimpri-Chinchwad,18.6298,73.7997,121.4,30.2,29.0,6.5,0.0,73.4,103.2
2022-03-02,Pimpri-Chinchwad,18.6298,73.7997,116.5,29.2,31.3,3.5,0.0,79.2,110.2
2022-03-03,Pimpri-Chinchwad,18.6298,73.7997,112.5,26.7,37.9,4.1,0.0,80.2,107.4
2022-03-04,Pimpri-Chinchwad,18.6298,73.7997,106.1,28.3,25.6,1.5,0.0,84.0,100.9
2022-03-05,Pimpri-Chinchwad,18.6298,73.7997,87.2,29.0,36.4,7.1,0.0,47.9,97.0
2022-03-06,Pimpri-Chinchwad,18.6298,73.7997,93.9,29.0,31.6,3.6,0.0,51.7,98.9
2022-03-07,Pimpri-Chinchwad,18.6298,73.7997,106.2,29.5,37.4,6.3,0.0,77.5,109.3
2022-03-08,Pimpri-Chinchwad,18.6298,73.7997,107.3,27.9,31.7,6.9,0.0,71.7,107.6
2022-03-09,Pimpri-Chinchwad,18.6298,73.7997,102.0,29.2,39.3,7.4,0.0,78.3,109.5
2022-03-10,Pimpri-Chinchwad,18.6298,73.7997,100.6,29.7,37.5,3.8,0.0,75.0,105.4
2022-03-11,Pimpri-Chinchwad,18.6298,73.7997,100.5,30.3,44.5,6.1,0.0,81.9,104.9
2022-03-12,Pimpri-Chinchwad,18.6298,73.7997,91.3,28.5,37.7,9.6,0.0,61.2,98.3
2022-03-13,Pimpri-Chinchwad,18.6298,73.7997,97.3,29.1,34.0,9.8,0.0,61.3,102.3
2022-03-14,Pimpri-Chinchwad,18.6298,73.7997,97.4,26.4,36.8,8.4,0.0,71.9,104.9
2022-03-15,Pimpri-Chinchwad,18.6298,73.7997,97.4,29.0,31.5,7.1,0.0,73.5,104.8
2022-03-16,Pimpri-Chinchwad,18.6298,73.7997,95.3,29.3,40.4,4.5,0.0,72.5,109.4
2022-03-17,Pimpri-Chinchwad,18.6298,73.7997,98.2,28.8,41.5,8.0,0.0,66.5,105.1
2022-03-18,Pimpri-Chinchwad,18.6298,73.7997,95.9,30.3,51.0,6.2,0.0,81.4,108.7
2022-03-19,Pimpri-Chinchwad,18.6298,73.7997,85.8,30.1,35.7,7.7,0.0,59.7,97.4
2022-03-20,Pimpri-Chinchwad,18.6298,73.7997,85.5,27.6,37.6,5.4,0.0,54.3,108.1
2022-03-21,Pimpri-Chinchwad,18.6298,73.7997,99.0,30.6,36.3,6.3,0.0,80.5,104.5
2022-03-22,Pimpri-Chinchwad,18.6298,73.7997,101.1,29.4,40.4,7.1,0.0,70.8,107.2
2022-03-23,Pimpri-Chinchwad,18.6298,73.7997,90.6,31.2,41.4,7.3,0.0,64.8,107.6
2022-03-24,Pimpri-Chinchwad,18.6298,73.7997,93.9,29.1,39.3,7.8,0.0,79.0,104.2
2022-03-25,Pimpri-Chinchwad,18.6298,73.7997,93.0,30.8,45.2,5.7,0.0,67.6,107.4
2022-03-26,Pimpri-Chinchwad,18.6298,73.7997,94.3,30.5,36.8,4.2,0.0,55.0,103.6
2022-03-27,Pimpri-Chinchwad,18.6298,73.7997,40.5,31.3,60.0,10.2,6.6,53.8,99.6
2022-03-28,Pimpri-Chinchwad,18.6298,73.7997,88.9,31.2,42.9,12.0,0.0,75.9,103.6
2022-03-29,Pimpri-Chinchwad,18.6298,73.7997,92.3,30.8,40.3,7.9,0.0,78.2,105.5
2022-03-30,Pimpri-Chinchwad,18.6298,73.7997,86.5,29.4,38.9,4.4,0.0,76.9,105.1
2022-03-31,Pimpri-Chinchwad,18.6298,73.7997,81.8,29.5,52.8,5.6,0.0,76.7,108.9
2022-04-01,Pimpri-Chinchwad,18.6298,73.7997,86.5,30.7,36.7,8.2,0.0,70.0,107.2
2022-04-02,Pimpri-Chinchwad,18.6298,73.7997,86.4,31.4,42.4,9.9,0.0,57.5,101.2
2022-04-03,Pimpri-Chinchwad,18.6298,73.7997,73.7,30.8,37.3,4.8,0.0,48.5,102.9
2022-04-04,Pimpri-Chinchwad,18.6298,73.7997,89.6,32.4,50.1,7.0,0.0,81.8,100.3
2022-04-05,Pimpri-Chinchwad,18.6298,73.7997,81.7,31.3,45.7,7.7,0.0,67.0,103.9
2022-04-06,Pimpri-Chinchwad,18.6298,73.7997,87.4,30.6,38.0,9.0,0.0,72.3,106.1
2022-04-07,Pimpri-Chinchwad,18.6298,73.7997,89.7,31.5,44.1,6.7,0.0,67.4,108.2
2022-04-08,Pimpri-Chinchwad,18.6298,73.7997,87.2,32.2,42.9,4.2,0.0,70.3,105.9
2022-04-09,Pimpri-Chinchwad,18.6298,73.7997,80.7,32.3,39.1,8.6,0.0,56.1,105.0
2022-04-10,Pimpri-Chinchwad,18.6298,73.7997,79.2,34.3,45.6,9.7,0.0,53.4,103.6
2022-04-11,Pimpri-Chinchwad,18.6298,73.7997,84.9,31.3,43.9,7.3,0.0,79.7,104.2
2022-04-12,Pimpri-Chinchwad,18.6298,73.7997,85.0,32.1,43.1,8.3,0.0,75.1,105.0
2022-04-13,Pimpri-Chinchwad,18.6298,73.7997,81.6,32.7,41.9,6.5,0.0,71.7,106.4
2022-04-14,Pimpri-Chinchwad,18.6298,73.7997,83.9,32.2,44.3,5.8,0.0,73.3,104.3
2022-04-15,Pimpri-Chinchwad,18.6298,73.7997,79.2,31.7,43.4,9.6,0.0,80.1,109.2
2022-04-16,Pimpri-Chinchwad,18.6298,73.7997,67.7,30.5,42.6,8.3,0.0,60.5,98.6
2022-04-17,Pimpri-Chinchwad,18.6298,73.7997,62.6,31.8,39.1,8.5,0.0,50.3,102.2
2022-04-18,Pimpri-Chinchwad,18.6298,73.7997,69.4,31.2,50.8,10.5,0.0,70.6,107.2
2022-04-19,Pimpri-Chinchwad,18.6298,73.7997,70.1,30.4,37.2,5.4,0.0,76.4,104.6
2022-04-20,Pimpri-Chinchwad,18.6298,73.7997,69.4,31.6,44.6,6.4,0.0,75.8,104.1
2022-04-21,Pimpri-Chinchwad,18.6298,73.7997,67.5,31.3,40.9,7.9,0.0,68.7,105.2
2022-04-22,Pimpri-Chinchwad,18.6298,73.7997,78.9,33.3,51.3,6.4,0.0,77.7,107.4
2022-04-23,Pimpri-Chinchwad,18.6298,73.7997,68.6,33.4,38.1,9.1,0.0,51.5,100.2
2022-04-24,Pimpri-Chinchwad,18.6298,73.7997,66.7,31.6,38.9,7.2,0.0,62.5,98.7
2022-04-25,Pimpri-Chinchwad,18.6298,73.7997,77.6,32.4,37.8,5.6,0.0,76.6,108.3
2022-04-26,Pimpri-Chinchwad,18.6298,73.7997,82.5,30.6,44.3,7.7,0.0,68.3,106.4
2022-04-27,Pimpri-Chinchwad,18.6298,73.7997,83.8,32.2,35.9,7.9,0.0,71.4,107.9
2022-04-28,Pimpri-Chinchwad,18.6298,73.7997,81.1,33.3,40.5,9.5,0.0,71.3,107.3
2022-04-29,Pimpri-Chinchwad,18.6298,73.7997,90.8,33.9,32.2,8.4,0.0,74.8,110.8
2022-04-30,Pimpri-Chinchwad,18.6298,73.7997,50.3,32.0,59.2,8.5,3.8,53.1,104.2
2022-05-01,Pimpri-Chinchwad,18.6298,73.7997,11.4,34.2,55.6,8.3,34.1,33.2,99.6
2022-05-02,Pimpri-Chinchwad,18.6298,73.7997,80.8,31.1,35.7,7.3,0.0,67.0,106.6
2022-05-03,Pimpri-Chinchwad,18.6298,73.7997,81.1,31.4,48.7,6.2,0.0,76.7,104.0
2022-05-04,Pimpri-Chinchwad,18.6298,73.7997,8.0,33.8,51.8,8.2,32.7,59.1,104.3
2022-05-05,Pimpri-Chinchwad,18.6298,73.7997,71.5,35.0,47.5,7.0,0.0,74.5,101.9
2022-05-06,Pimpri-Chinchwad,18.6298,73.7997,82.6,33.6,40.1,11.1,0.0,75.4,104.7
2022-05-07,Pimpri-Chinchwad,18.6298,73.7997,76.4,32.9,51.7,10.4,0.0,52.9,102.8
2022-05-08,Pimpri-Chinchwad,18.6298,73.7997,77.8,30.4,47.6,9.0,0.0,56.9,101.2
2022-05-09,Pimpri-Chinchwad,18.6298,73.7997,78.3,30.6,38.9,8.5,0.0,86.7,102.7
2022-05-10,Pimpri-Chinchwad,18.6298,73.7997,17.2,33.2,54.5,7.6,12.6,73.6,101.6
2022-05-11,Pimpri-Chinchwad,18.6298,73.7997,69.5,32.6,47.3,5.2,0.0,72.6,110.7
2022-05-12,Pimpri-Chinchwad,18.6298,73.7997,71.5,31.7,43.1,7.3,0.0,71.4,106.2
2022-05-13,Pimpri-Chinchwad,18.6298,73.7997,63.5,33.1,43.7,8.0,0.0,59.7,103.3
2022-05-14,Pimpri-Chinchwad,18.6298,73.7997,64.0,33.1,51.1,8.3,0.0,61.3,102.6
2022-05-15,Pimpri-Chinchwad,18.6298,73.7997,77.8,34.1,41.2,8.8,0.0,59.9,106.9
2022-05-16,Pimpri-Chinchwad,18.6298,73.7997,79.9,33.1,45.6,9.7,0.0,71.3,107.0
2022-05-17,Pimpri-Chinchwad,18.6298,73.7997,75.0,34.4,50.1,6.5,0.0,66.8,98.4
2022-05-18,Pimpri-Chinchwad,18.6298,73.7997,72.6,32.9,49.6,6.5,0.0,68.2,112.0
2022-05-19,Pimpri-Chinchwad,18.6298,73.7997,66.2,32.8,45.0,10.8,0.0,76.2,100.8
2022-05-20,Pimpri-Chinchwad,18.6298,73.7997,64.5,34.2,44.6,9.5,0.0,73.6,104.9
2022-05-21,Pimpri-Chinchwad,18.6298,73.7997,57.3,31.7,37.6,7.2,0.0,59.5,98.6
2022-05-22,Pimpri-Chinchwad,18.6298,73.7997,61.3,36.2,41.3,7.8,0.0,56.4,99.5
2022-05-23,Pimpri-Chinchwad,18.6298,73.7997,72.2,33.3,48.4,7.8,0.0,78.8,106.1
2022-05-24,Pimpri-Chinchwad,18.6298,73.7997,67.3,33.2,46.4,8.1,0.0,75.8,100.2
2022-05-25,Pimpri-Chinchwad,18.6298,73.7997,71.3,33.4,47.8,9.1,0.0,78.1,105.2
2022-05-26,Pimpri-Chinchwad,18.6298,73.7997,71.5,35.0,52.9,13.2,0.0,63.6,108.3
2022-05-27,Pimpri-Chinchwad,18.6298,73.7997,84.1,33.6,42.1,8.6,0.0,67.8,103.3
2022-05-28,Pimpri-Chinchwad,18.6298,73.7997,76.2,30.7,47.2,9.5,0.0,54.2,97.9
2022-05-29,Pimpri-Chinchwad,18.6298,73.7997,73.4,34.3,49.7,4.9,0.0,61.4,101.1
2022-05-30,Pimpri-Chinchwad,18.6298,73.7997,82.5,32.2,45.6,7.3,0.0,83.4,104.6
2022-05-31,Pimpri-Chinchwad,18.6298,73.7997,77.7,32.6,56.7,10.8,0.0,73.2,103.9
2022-06-01,Pimpri-Chinchwad,18.6298,73.7997,45.2,30.9,69.5,9.2,1.7,70.1,102.4
2022-06-02,Pimpri-Chinchwad,18.6298,73.7997,72.7,33.1,51.8,1.2,0.0,64.2,106.7
2022-06-03,Pimpri-Chinchwad,18.6298,73.7997,68.5,31.6,59.7,9.8,0.0,78.3,106.9
2022-06-04,Pimpri-Chinchwad,18.6298,73.7997,20.6,32.4,58.7,12.4,8.9,48.8,98.7
2022-06-05,Pimpri-Chinchwad,18.6298,73.7997,64.6,31.9,51.6,4.6,0.0,70.8,99.1
2022-06-06,Pimpri-Chinchwad,18.6298,73.7997,17.6,34.5,69.0,11.7,13.9,63.3,105.7
2022-06-07,Pimpri-Chinchwad,18.6298,73.7997,10.5,34.5,63.0,3.2,19.9,74.6,103.0
2022-06-08,Pimpri-Chinchwad,18.6298,73.7997,61.8,32.1,54.6,10.6,0.0,77.7,105.8
2022-06-09,Pimpri-Chinchwad,18.6298,73.7997,15.9,32.1,63.1,8.8,16.2,60.8,109.1
2022-06-10,Pimpri-Chinchwad,18.6298,73.7997,68.0,31.5,57.6,4.2,0.0,75.2,105.3
2022-06-11,Pimpri-Chinchwad,18.6298,73.7997,60.1,33.2,60.0,9.8,0.0,59.9,98.4
2022-06-12,Pimpri-Chinchwad,18.6298,73.7997,13.6,31.4,71.6,11.3,15.8,47.0,102.4
2022-06-13,Pimpri-Chinchwad,18.6298,73.7997,69.7,31.2,46.6,9.8,0.0,78.2,105.0
2022-06-14,Pimpri-Chinchwad,18.6298,73.7997,70.9,32.9,51.6,10.3,0.0,78.1,105.0
2022-06-15,Pimpri-Chinchwad,18.6298,73.7997,71.5,31.0,59.8,8.4,0.0,77.0,106.6
2022-06-16,Pimpri-Chinchwad,18.6298,73.7997,71.1,31.5,57.7,5.5,0.0,73.9,107.1
2022-06-17,Pimpri-Chinchwad,18.6298,73.7997,70.7,29.6,44.8,10.7,0.0,68.1,105.5
2022-06-18,Pimpri-Chinchwad,18.6298,73.7997,59.1,32.2,65.1,12.9,0.0,55.6,101.2
2022-06-19,Pimpri-Chinchwad,18.6298,73.7997,48.5,33.6,75.2,11.7,4.0,54.9,106.6
2022-06-20,Pimpri-Chinchwad,18.6298,73.7997,76.4,32.1,56.1,5.6,0.0,64.6,108.4
2022-06-21,Pimpri-Chinchwad,18.6298,73.7997,69.2,32.9,65.8,6.6,0.0,74.8,107.5
2022-06-22,Pimpri-Chinchwad,18.6298,73.7997,60.7,30.0,58.1,8.0,0.0,73.5,105.7
2022-06-23,Pimpri-Chinchwad,18.6298,73.7997,57.0,31.2,58.7,6.6,0.0,67.5,102.9
2022-06-24,Pimpri-Chinchwad,18.6298,73.7997,52.8,29.7,64.6,9.9,0.0,72.3,108.2
2022-06-25,Pimpri-Chinchwad,18.6298,73.7997,47.3,30.5,72.4,10.7,0.0,54.4,101.8
2022-06-26,Pimpri-Chinchwad,18.6298,73.7997,48.9,31.6,72.3,7.1,0.0,65.7,100.0
2022-06-27,Pimpri-Chinchwad,18.6298,73.7997,16.4,30.7,81.7,11.6,16.4,66.9,104.8
2022-06-28,Pimpri-Chinchwad,18.6298,73.7997,9.1,28.8,82.9,11.4,16.1,71.1,103.0
2022-06-29,Pimpri-Chinchwad,18.6298,73.7997,41.3,28.8,70.2,9.1,0.0,73.4,108.0
2022-06-30,Pimpri-Chinchwad,18.6298,73.7997,43.2,28.6,60.7,10.0,0.0,64.6,107.1
2022-07-01,Pimpri-Chinchwad,18.6298,73.7997,45.2,30.8,70.9,6.5,0.0,77.4,105.9
2022-07-02,Pimpri-Chinchwad,18.6298,73.7997,8.0,32.6,79.7,9.8,12.2,46.6,101.3
2022-07-03,Pimpri-Chinchwad,18.6298,73.7997,17.0,31.6,85.6,10.6,3.8,52.4,99.7
2022-07-04,Pimpri-Chinchwad,18.6298,73.7997,35.0,27.6,68.6,11.0,0.0,68.7,100.1
2022-07-05,Pimpri-Chinchwad,18.6298,73.7997,37.6,31.5,72.9,11.5,0.0,74.4,101.9
2022-07-06,Pimpri-Chinchwad,18.6298,73.7997,38.1,30.8,71.6,11.3,0.0,79.3,103.5
2022-07-07,Pimpri-Chinchwad,18.6298,73.7997,42.0,27.7,56.3,10.3,0.0,78.7,103.2
2022-07-08,Pimpri-Chinchwad,18.6298,73.7997,39.4,29.1,73.2,11.5,0.0,81.9,106.1
2022-07-09,Pimpri-Chinchwad,18.6298,73.7997,38.8,30.7,76.2,13.0,0.0,64.6,103.4
2022-07-10,Pimpri-Chinchwad,18.6298,73.7997,43.4,29.9,75.8,10.9,0.0,45.8,101.1
2022-07-11,Pimpri-Chinchwad,18.6298,73.7997,26.2,27.5,88.7,11.8,6.5,64.8,108.9
2022-07-12,Pimpri-Chinchwad,18.6298,73.7997,41.2,29.7,83.0,10.8,0.0,65.0,103.4
2022-07-13,Pimpri-Chinchwad,18.6298,73.7997,30.8,26.3,92.0,10.0,3.1,75.6,105.1
2022-07-14,Pimpri-Chinchwad,18.6298,73.7997,25.0,28.5,93.2,12.4,4.9,68.1,105.3
2022-07-15,Pimpri-Chinchwad,18.6298,73.7997,16.9,30.0,96.7,10.3,13.4,64.9,108.1
2022-07-16,Pimpri-Chinchwad,18.6298,73.7997,40.6,28.6,78.9,12.2,0.0,54.9,101.7
2022-07-17,Pimpri-Chinchwad,18.6298,73.7997,31.1,27.8,73.1,11.6,0.0,57.9,101.7
2022-07-18,Pimpri-Chinchwad,18.6298,73.7997,11.3,29.4,80.8,10.9,10.3,61.4,101.3
2022-07-19,Pimpri-Chinchwad,18.6298,73.7997,13.4,29.4,91.1,10.9,11.0,62.2,103.2
2022-07-20,Pimpri-Chinchwad,18.6298,73.7997,21.7,29.6,97.7,10.6,5.3,71.4,108.1
2022-07-21,Pimpri-Chinchwad,18.6298,73.7997,35.2,29.0,77.6,8.4,0.0,80.0,100.2
2022-07-22,Pimpri-Chinchwad,18.6298,73.7997,23.6,29.1,83.7,12.5,0.0,73.9,108.8
2022-07-23,Pimpri-Chinchwad,18.6298,73.7997,12.8,28.6,95.8,12.2,7.6,48.2,102.6
2022-07-24,Pimpri-Chinchwad,18.6298,73.7997,8.0,27.9,98.0,13.5,16.2,37.1,99.5
2022-07-25,Pimpri-Chinchwad,18.6298,73.7997,14.3,27.6,94.2,10.8,3.0,77.3,103.3
2022-07-26,Pimpri-Chinchwad,18.6298,73.7997,18.8,27.0,83.3,15.7,0.7,69.9,110.1
2022-07-27,Pimpri-Chinchwad,18.6298,73.7997,32.6,25.7,83.7,11.2,0.0,68.3,108.9
2022-07-28,Pimpri-Chinchwad,18.6298,73.7997,31.4,25.9,88.9,10.2,0.0,65.4,105.1
2022-07-29,Pimpri-Chinchwad,18.6298,73.7997,8.0,26.6,88.1,10.0,21.7,56.0,105.7
2022-07-30,Pimpri-Chinchwad,18.6298,73.7997,17.0,27.1,94.4,8.5,5.0,48.7,99.8
2022-07-31,Pimpri-Chinchwad,18.6298,73.7997,14.3,28.4,98.0,15.0,8.7,50.5,101.7
2022-08-01,Pimpri-Chinchwad,18.6298,73.7997,8.0,26.5,98.0,14.7,10.0,63.0,103.7
2022-08-02,Pimpri-Chinchwad,18.6298,73.7997,8.0,27.6,98.0,13.2,5.8,72.0,105.2
2022-08-03,Pimpri-Chinchwad,18.6298,73.7997,13.1,27.6,95.5,10.2,4.5,70.5,109.9
2022-08-04,Pimpri-Chinchwad,18.6298,73.7997,21.1,25.9,85.8,15.6,0.0,85.1,105.2
2022-08-05,Pimpri-Chinchwad,18.6298,73.7997,16.6,26.8,98.0,11.3,2.7,64.1,102.8
2022-08-06,Pimpri-Chinchwad,18.6298,73.7997,18.4,25.6,95.1,11.4,3.9,54.9,98.0
2022-08-07,Pimpri-Chinchwad,18.6298,73.7997,15.7,27.4,98.0,14.8,8.5,52.6,101.7
2022-08-08,Pimpri-Chinchwad,18.6298,73.7997,11.2,26.4,98.0,13.3,17.2,60.2,103.5
2022-08-09,Pimpri-Chinchwad,18.6298,73.7997,29.8,24.1,90.9,16.3,0.0,74.5,106.0
2022-08-10,Pimpri-Chinchwad,18.6298,73.7997,22.8,25.6,98.0,12.4,5.5,75.1,101.4
2022-08-11,Pimpri-Chinchwad,18.6298,73.7997,36.5,27.3,81.2,11.1,0.0,74.5,107.1
2022-08-12,Pimpri-Chinchwad,18.6298,73.7997,31.1,24.9,80.4,10.6,0.0,80.9,102.7
2022-08-13,Pimpri-Chinchwad,18.6298,73.7997,10.3,25.6,98.0,8.1,7.2,41.5,101.5
2022-08-14,Pimpri-Chinchwad,18.6298,73.7997,8.0,25.5,94.5,11.2,18.7,42.4,100.6
2022-08-15,Pimpri-Chinchwad,18.6298,73.7997,24.2,23.5,80.7,14.0,0.0,81.4,109.7
2022-08-16,Pimpri-Chinchwad,18.6298,73.7997,12.2,25.2,89.0,12.9,8.5,74.3,105.8
2022-08-17,Pimpri-Chinchwad,18.6298,73.7997,8.0,22.8,98.0,11.7,30.0,61.7,110.3
2022-08-18,Pimpri-Chinchwad,18.6298,73.7997,35.4,23.6,72.8,9.6,0.0,80.2,106.8
2022-08-19,Pimpri-Chinchwad,18.6298,73.7997,27.5,25.5,75.9,12.0,0.0,64.4,109.0
2022-08-20,Pimpri-Chinchwad,18.6298,73.7997,8.0,24.5,93.0,13.5,11.8,54.1,100.9
2022-08-21,Pimpri-Chinchwad,18.6298,73.7997,8.0,23.6,98.0,12.3,11.6,55.5,102.3
2022-08-22,Pimpri-Chinchwad,18.6298,73.7997,17.0,24.4,89.4,11.7,2.1,69.6,108.4
2022-08-23,Pimpri-Chinchwad,18.6298,73.7997,40.2,23.7,72.6,9.7,0.0,87.1,107.7
2022-08-24,Pimpri-Chinchwad,18.6298,73.7997,15.1,23.6,87.7,13.0,7.5,71.2,106.7
2022-08-25,Pimpri-Chinchwad,18.6298,73.7997,12.2,24.3,98.0,4.9,19.1,53.5,104.6
2022-08-26,Pimpri-Chinchwad,18.6298,73.7997,42.1,22.5,60.2,11.9,0.0,75.9,105.0
2022-08-27,Pimpri-Chinchwad,18.6298,73.7997,29.5,23.3,68.6,16.2,0.0,52.4,104.2
2022-08-28,Pimpri-Chinchwad,18.6298,73.7997,47.7,22.7,86.6,8.0,0.0,61.8,104.8
2022-08-29,Pimpri-Chinchwad,18.6298,73.7997,8.0,21.1,90.3,10.4,18.7,67.4,103.9
2022-08-30,Pimpri-Chinchwad,18.6298,73.7997,22.3,21.8,81.2,10.8,9.4,66.3,103.5
2022-08-31,Pimpri-Chinchwad,18.6298,73.7997,56.7,24.6,70.8,9.8,0.0,81.5,103.1
2022-09-01,Pimpri-Chinchwad,18.6298,73.7997,53.1,23.1,70.7,12.8,0.0,78.7,107.5
2022-09-02,Pimpri-Chinchwad,18.6298,73.7997,47.2,20.9,73.9,11.6,0.0,69.9,103.1
2022-09-03,Pimpri-Chinchwad,18.6298,73.7997,49.6,20.6,78.2,10.8,0.0,55.2,103.4
2022-09-04,Pimpri-Chinchwad,18.6298,73.7997,28.7,22.1,85.3,12.1,4.6,56.3,102.8
2022-09-05,Pimpri-Chinchwad,18.6298,73.7997,13.8,24.0,79.9,10.4,14.2,65.1,104.0
2022-09-06,Pimpri-Chinchwad,18.6298,73.7997,8.0,21.8,85.9,16.7,18.9,62.9,109.3
2022-09-07,Pimpri-Chinchwad,18.6298,73.7997,19.9,23.5,77.8,10.5,7.5,70.4,101.7
2022-09-08,Pimpri-Chinchwad,18.6298,73.7997,17.7,22.2,75.4,10.5,7.4,65.0,109.5
2022-09-09,Pimpri-Chinchwad,18.6298,73.7997,55.4,22.3,56.1,6.7,0.0,62.8,106.2
2022-09-10,Pimpri-Chinchwad,18.6298,73.7997,33.8,20.0,71.4,8.9,1.3,56.6,96.2
2022-09-11,Pimpri-Chinchwad,18.6298,73.7997,8.0,22.6,74.0,12.2,22.1,35.0,105.4
2022-09-12,Pimpri-Chinchwad,18.6298,73.7997,49.9,21.0,56.9,7.2,0.0,69.0,107.8
2022-09-13,Pimpri-Chinchwad,18.6298,73.7997,8.0,22.3,78.7,5.5,37.6,46.4,104.3
2022-09-14,Pimpri-Chinchwad,18.6298,73.7997,20.3,20.2,70.5,9.8,6.0,62.8,103.0
2022-09-15,Pimpri-Chinchwad,18.6298,73.7997,48.8,21.3,45.1,12.4,0.0,76.1,101.5
2022-09-16,Pimpri-Chinchwad,18.6298,73.7997,53.3,21.4,54.9,9.6,0.0,72.9,111.4
2022-09-17,Pimpri-Chinchwad,18.6298,73.7997,54.7,20.7,57.1,8.8,0.0,54.7,99.1
2022-09-18,Pimpri-Chinchwad,18.6298,73.7997,57.0,21.2,55.8,5.7,0.0,49.4,98.2
2022-09-19,Pimpri-Chinchwad,18.6298,73.7997,17.5,20.3,80.8,10.2,16.9,62.3,106.1
2022-09-20,Pimpri-Chinchwad,18.6298,73.7997,62.5,19.8,54.6,10.6,0.0,75.9,101.3
2022-09-21,Pimpri-Chinchwad,18.6298,73.7997,62.3,22.4,61.4,5.6,0.0,73.7,102.9
2022-09-22,Pimpri-Chinchwad,18.6298,73.7997,65.7,21.6,56.3,11.4,0.0,78.1,107.9
2022-09-23,Pimpri-Chinchwad,18.6298,73.7997,63.3,19.4,55.6,10.6,0.0,78.8,106.6
2022-09-24,Pimpri-Chinchwad,18.6298,73.7997,61.8,20.9,51.1,11.3,0.0,54.7,100.4
2022-09-25,Pimpri-Chinchwad,18.6298,73.7997,64.4,19.2,54.4,10.1,0.0,46.7,101.4
2022-09-26,Pimpri-Chinchwad,18.6298,73.7997,65.7,18.6,50.3,10.2,0.0,70.2,104.3
2022-09-27,Pimpri-Chinchwad,18.6298,73.7997,41.5,21.2,69.5,9.9,2.2,72.4,105.2
2022-09-28,Pimpri-Chinchwad,18.6298,73.7997,60.8,17.8,51.9,10.5,0.0,70.1,103.5
2022-09-29,Pimpri-Chinchwad,18.6298,73.7997,58.6,20.9,47.9,5.1,0.0,68.7,103.9
2022-09-30,Pimpri-Chinchwad,18.6298,73.7997,60.2,19.4,57.1,5.6,0.0,74.3,103.9
2022-10-01,Pimpri-Chinchwad,18.6298,73.7997,66.9,19.3,53.8,7.1,0.0,68.2,99.6
2022-10-02,Pimpri-Chinchwad,18.6298,73.7997,24.6,20.0,64.0,8.3,7.7,49.7,104.0
2022-10-03,Pimpri-Chinchwad,18.6298,73.7997,73.1,20.1,51.5,9.3,0.0,74.0,107.3
2022-10-04,Pimpri-Chinchwad,18.6298,73.7997,68.1,18.4,49.9,9.1,0.0,67.4,103.1
2022-10-05,Pimpri-Chinchwad,18.6298,73.7997,81.9,20.1,45.6,10.6,0.0,80.2,102.4
2022-10-06,Pimpri-Chinchwad,18.6298,73.7997,74.2,19.3,49.9,10.6,0.0,78.4,105.0
2022-10-07,Pimpri-Chinchwad,18.6298,73.7997,76.5,17.6,46.0,6.6,0.0,78.0,110.8
2022-10-08,Pimpri-Chinchwad,18.6298,73.7997,65.6,18.9,44.0,8.7,0.0,62.8,98.8
2022-10-09,Pimpri-Chinchwad,18.6298,73.7997,62.7,20.7,40.3,6.5,0.0,53.9,101.0
2022-10-10,Pimpri-Chinchwad,18.6298,73.7997,76.1,21.0,46.3,7.8,0.0,72.5,105.6
2022-10-11,Pimpri-Chinchwad,18.6298,73.7997,78.8,19.7,50.6,8.8,0.0,82.5,105.1
2022-10-12,Pimpri-Chinchwad,18.6298,73.7997,81.1,17.4,43.9,1.3,0.0,77.2,104.3
2022-10-13,Pimpri-Chinchwad,18.6298,73.7997,63.4,19.4,59.7,12.9,0.0,62.9,108.3
2022-10-14,Pimpri-Chinchwad,18.6298,73.7997,75.9,19.7,51.2,9.2,0.0,76.3,106.5
2022-10-15,Pimpri-Chinchwad,18.6298,73.7997,63.5,19.5,53.1,6.8,0.0,53.1,103.5
2022-10-16,Pimpri-Chinchwad,18.6298,73.7997,60.4,19.5,50.3,11.8,0.0,60.5,102.9
2022-10-17,Pimpri-Chinchwad,18.6298,73.7997,70.7,19.0,55.3,7.2,0.0,76.0,107.6
2022-10-18,Pimpri-Chinchwad,18.6298,73.7997,74.3,18.4,41.8,8.2,0.0,65.3,109.4
2022-10-19,Pimpri-Chinchwad,18.6298,73.7997,80.7,17.7,32.6,6.9,0.0,75.3,108.7
2022-10-20,Pimpri-Chinchwad,18.6298,73.7997,36.1,16.1,57.9,11.1,7.7,71.2,111.2
2022-10-21,Pimpri-Chinchwad,18.6298,73.7997,84.4,18.8,47.7,7.6,0.0,75.8,108.4
2022-10-22,Pimpri-Chinchwad,18.6298,73.7997,82.8,18.6,45.3,8.0,0.0,58.9,99.7
2022-10-23,Pimpri-Chinchwad,18.6298,73.7997,45.0,19.0,60.7,10.1,3.4,61.8,103.5
2022-10-24,Pimpri-Chinchwad,18.6298,73.7997,86.6,16.7,50.6,8.8,0.0,76.1,107.2
2022-10-25,Pimpri-Chinchwad,18.6298,73.7997,94.7,19.0,45.7,7.5,0.0,74.1,110.2
2022-10-26,Pimpri-Chinchwad,18.6298,73.7997,88.0,20.7,47.5,9.8,0.0,79.7,103.0
2022-10-27,Pimpri-Chinchwad,18.6298,73.7997,84.0,18.3,38.6,12.6,0.0,85.2,106.8
2022-10-28,Pimpri-Chinchwad,18.6298,73.7997,77.8,18.1,37.5,8.1,0.0,78.6,103.7
2022-10-29,Pimpri-Chinchwad,18.6298,73.7997,68.2,18.5,50.8,7.6,0.0,57.0,102.7
2022-10-30,Pimpri-Chinchwad,18.6298,73.7997,31.9,20.5,58.0,7.7,11.1,52.6,100.9
2022-10-31,Pimpri-Chinchwad,18.6298,73.7997,91.0,16.9,39.1,9.9,0.0,75.3,106.6
2022-11-01,Pimpri-Chinchwad,18.6298,73.7997,85.1,18.3,38.9,6.1,0.0,74.1,101.9
2022-11-02,Pimpri-Chinchwad,18.6298,73.7997,88.8,17.1,38.5,6.7,0.0,84.8,107.4
2022-11-03,Pimpri-Chinchwad,18.6298,73.7997,15.9,17.4,53.0,4.1,15.6,62.5,105.9
2022-11-04,Pimpri-Chinchwad,18.6298,73.7997,90.3,18.0,34.9,4.7,0.0,79.8,105.8
2022-11-05,Pimpri-Chinchwad,18.6298,73.7997,83.8,19.6,33.6,6.0,0.0,55.4,106.3
2022-11-06,Pimpri-Chinchwad,18.6298,73.7997,89.4,20.2,39.9,6.9,0.0,48.6,100.4
2022-11-07,Pimpri-Chinchwad,18.6298,73.7997,102.4,18.5,37.7,10.5,0.0,73.1,106.3
2022-11-08,Pimpri-Chinchwad,18.6298,73.7997,99.3,17.5,46.0,8.0,0.0,71.3,105.7
2022-11-09,Pimpri-Chinchwad,18.6298,73.7997,97.6,21.0,41.7,5.0,0.0,76.9,105.9
2022-11-10,Pimpri-Chinchwad,18.6298,73.7997,92.6,17.5,41.3,5.4,0.0,74.5,111.0
2022-11-11,Pimpri-Chinchwad,18.6298,73.7997,91.2,17.3,36.1,9.5,0.0,68.9,105.6
2022-11-12,Pimpri-Chinchwad,18.6298,73.7997,83.0,15.9,39.0,9.0,0.0,63.4,100.0
2022-11-13,Pimpri-Chinchwad,18.6298,73.7997,43.3,19.7,56.2,6.7,6.8,58.1,106.1
2022-11-14,Pimpri-Chinchwad,18.6298,73.7997,96.3,19.2,42.8,5.7,0.0,81.9,104.6
2022-11-15,Pimpri-Chinchwad,18.6298,73.7997,102.5,20.9,38.5,8.8,0.0,75.2,101.4
2022-11-16,Pimpri-Chinchwad,18.6298,73.7997,98.1,16.4,44.2,4.5,0.0,73.8,103.5
2022-11-17,Pimpri-Chinchwad,18.6298,73.7997,47.5,19.8,53.6,7.3,7.4,73.8,102.3
2022-11-18,Pimpri-Chinchwad,18.6298,73.7997,95.2,18.2,42.4,11.0,0.0,71.1,100.9
2022-11-19,Pimpri-Chinchwad,18.6298,73.7997,93.1,19.1,35.7,6.8,0.0,56.7,100.5
2022-11-20,Pimpri-Chinchwad,18.6298,73.7997,92.1,16.2,28.9,4.8,0.0,55.1,101.2
2022-11-21,Pimpri-Chinchwad,18.6298,73.7997,105.1,19.9,39.2,7.1,0.0,66.7,108.4
2022-11-22,Pimpri-Chinchwad,18.6298,73.7997,102.1,19.1,41.3,5.3,0.0,74.6,107.0
2022-11-23,Pimpri-Chinchwad,18.6298,73.7997,102.9,18.2,40.3,3.4,0.0,71.8,106.9
2022-11-24,Pimpri-Chinchwad,18.6298,73.7997,114.7,19.0,39.4,7.5,0.0,72.8,103.2
2022-11-25,Pimpri-Chinchwad,18.6298,73.7997,118.6,17.4,35.4,8.3,0.0,75.8,107.6
2022-11-26,Pimpri-Chinchwad,18.6298,73.7997,110.9,17.6,32.9,5.4,0.0,62.4,104.9
2022-11-27,Pimpri-Chinchwad,18.6298,73.7997,103.7,17.8,39.5,5.2,0.0,51.8,102.4
2022-11-28,Pimpri-Chinchwad,18.6298,73.7997,119.3,16.2,38.7,4.0,0.0,72.3,106.5
2022-11-29,Pimpri-Chinchwad,18.6298,73.7997,118.1,19.5,33.6,5.6,0.0,70.2,102.2
2022-11-30,Pimpri-Chinchwad,18.6298,73.7997,116.6,19.9,41.8,4.7,0.0,69.8,108.0
2022-12-01,Pimpri-Chinchwad,18.6298,73.7997,115.8,17.7,31.7,3.8,0.0,71.0,109.9
2022-12-02,Pimpri-Chinchwad,18.6298,73.7997,119.1,19.0,33.0,9.6,0.0,73.0,106.2
2022-12-03,Pimpri-Chinchwad,18.6298,73.7997,98.1,18.3,43.9,6.7,0.0,58.9,99.9
2022-12-04,Pimpri-Chinchwad,18.6298,73.7997,108.1,19.1,39.9,6.8,0.0,57.6,101.0
2022-12-05,Pimpri-Chinchwad,18.6298,73.7997,112.8,18.0,33.6,7.4,0.0,68.7,104.3
2022-12-06,Pimpri-Chinchwad,18.6298,73.7997,122.0,17.8,36.7,7.1,0.0,80.5,104.5
2022-12-07,Pimpri-Chinchwad,18.6298,73.7997,71.6,20.1,50.9,4.7,5.3,76.1,107.0
2022-12-08,Pimpri-Chinchwad,18.6298,73.7997,127.0,18.9,21.3,6.1,0.0,69.5,106.1
2022-12-09,Pimpri-Chinchwad,18.6298,73.7997,123.7,21.4,30.3,4.9,0.0,80.1,107.9
2022-12-10,Pimpri-Chinchwad,18.6298,73.7997,108.8,19.1,34.4,6.3,0.0,57.6,102.3
2022-12-11,Pimpri-Chinchwad,18.6298,73.7997,110.1,18.0,32.8,6.1,0.0,55.2,99.2
2022-12-12,Pimpri-Chinchwad,18.6298,73.7997,117.5,20.7,35.7,4.6,0.0,75.8,104.1
2022-12-13,Pimpri-Chinchwad,18.6298,73.7997,107.5,20.0,39.9,2.7,0.0,73.9,104.0
2022-12-14,Pimpri-Chinchwad,18.6298,73.7997,128.5,20.2,32.6,5.6,0.0,76.7,104.9
2022-12-15,Pimpri-Chinchwad,18.6298,73.7997,124.3,20.9,28.7,4.9,0.0,74.9,109.9
2022-12-16,Pimpri-Chinchwad,18.6298,73.7997,110.3,18.7,35.5,1.5,0.0,72.3,110.3
2022-12-17,Pimpri-Chinchwad,18.6298,73.7997,107.0,19.4,32.2,6.2,0.0,45.9,103.5
2022-12-18,Pimpri-Chinchwad,18.6298,73.7997,121.9,19.5,32.9,7.1,0.0,58.6,101.7
2022-12-19,Pimpri-Chinchwad,18.6298,73.7997,124.0,18.2,32.1,10.2,0.0,72.1,102.0
2022-12-20,Pimpri-Chinchwad,18.6298,73.7997,122.8,19.5,44.7,4.3,0.0,77.9,106.0
2022-12-21,Pimpri-Chinchwad,18.6298,73.7997,122.3,21.5,22.1,4.0,0.0,76.4,103.4
2022-12-22,Pimpri-Chinchwad,18.6298,73.7997,120.6,20.3,31.3,2.8,0.0,72.3,109.5
2022-12-23,Pimpri-Chinchwad,18.6298,73.7997,124.4,18.5,33.1,5.4,0.0,79.1,101.4
2022-12-24,Pimpri-Chinchwad,18.6298,73.7997,125.5,18.3,29.1,5.4,0.0,57.0,102.4
2022-12-25,Pimpri-Chinchwad,18.6298,73.7997,115.3,22.3,37.5,3.3,0.0,56.8,99.2
2022-12-26,Pimpri-Chinchwad,18.6298,73.7997,124.9,20.3,36.9,4.6,0.0,73.3,105.4
2022-12-27,Pimpri-Chinchwad,18.6298,73.7997,122.5,19.7,32.6,1.2,0.0,82.4,107.1
2022-12-28,Pimpri-Chinchwad,18.6298,73.7997,131.4,20.2,31.4,6.8,0.0,70.4,108.0
2022-12-29,Pimpri-Chinchwad,18.6298,73.7997,124.6,18.9,32.1,3.3,0.0,72.4,105.2
2022-12-30,Pimpri-Chinchwad,18.6298,73.7997,128.7,22.5,32.0,4.8,0.0,67.8,107.3
2022-12-31,Pimpri-Chinchwad,18.6298,73.7997,113.2,20.4,32.1,2.0,0.0,59.6,99.7
2023-01-01,Pimpri-Chinchwad,18.6298,73.7997,108.8,22.6,31.5,3.7,0.0,53.1,102.0
2023-01-02,Pimpri-Chinchwad,18.6298,73.7997,123.1,21.1,33.6,4.2,0.0,71.6,107.9
2023-01-03,Pimpri-Chinchwad,18.6298,73.7997,127.6,22.9,36.1,4.8,0.0,71.4,106.2
2023-01-04,Pimpri-Chinchwad,18.6298,73.7997,131.2,21.6,26.1,5.7,0.0,74.3,104.1
2023-01-05,Pimpri-Chinchwad,18.6298,73.7997,136.9,22.4,27.0,7.6,0.0,67.7,104.7
2023-01-06,Pimpri-Chinchwad,18.6298,73.7997,133.4,22.4,23.4,6.2,0.0,62.8,107.9
2023-01-07,Pimpri-Chinchwad,18.6298,73.7997,122.1,22.3,36.5,6.7,0.0,58.3,98.7
2023-01-08,Pimpri-Chinchwad,18.6298,73.7997,124.7,22.1,33.4,7.6,0.0,45.4,99.0
2023-01-09,Pimpri-Chinchwad,18.6298,73.7997,131.2,21.5,34.6,5.9,0.0,78.3,106.9
2023-01-10,Pimpri-Chinchwad,18.6298,73.7997,131.1,24.2,24.9,4.6,0.0,81.8,104.3
2023-01-11,Pimpri-Chinchwad,18.6298,73.7997,132.3,21.0,41.0,6.7,0.0,73.2,101.8
2023-01-12,Pimpri-Chinchwad,18.6298,73.7997,151.9,22.2,29.0,6.9,0.0,80.5,108.8
2023-01-13,Pimpri-Chinchwad,18.6298,73.7997,149.2,22.3,32.8,6.0,0.0,73.9,102.7
2023-01-14,Pimpri-Chinchwad,18.6298,73.7997,125.9,22.9,36.3,1.8,0.0,64.0,100.9
2023-01-15,Pimpri-Chinchwad,18.6298,73.7997,122.9,22.0,27.1,3.0,0.0,53.7,99.9
2023-01-16,Pimpri-Chinchwad,18.6298,73.7997,133.0,23.0,29.3,4.2,0.0,62.2,104.7
2023-01-17,Pimpri-Chinchwad,18.6298,73.7997,145.0,22.6,32.9,6.3,0.0,73.6,103.2
2023-01-18,Pimpri-Chinchwad,18.6298,73.7997,140.9,21.0,46.3,4.7,0.0,82.5,107.2
2023-01-19,Pimpri-Chinchwad,18.6298,73.7997,146.9,23.0,33.5,7.0,0.0,76.7,105.7
2023-01-20,Pimpri-Chinchwad,18.6298,73.7997,141.2,21.8,40.1,7.3,0.0,71.4,107.9
2023-01-21,Pimpri-Chinchwad,18.6298,73.7997,130.5,21.2,38.1,7.1,0.0,57.6,99.9
2023-01-22,Pimpri-Chinchwad,18.6298,73.7997,129.7,23.5,33.9,7.1,0.0,60.9,106.7
2023-01-23,Pimpri-Chinchwad,18.6298,73.7997,123.0,24.1,27.2,2.7,0.0,73.6,100.6
2023-01-24,Pimpri-Chinchwad,18.6298,73.7997,133.4,24.2,37.5,5.7,0.0,87.1,101.4
2023-01-25,Pimpri-Chinchwad,18.6298,73.7997,122.4,24.4,24.7,3.5,0.0,71.4,109.8
2023-01-26,Pimpri-Chinchwad,18.6298,73.7997,112.3,21.5,40.3,1.5,0.0,79.0,106.6
2023-01-27,Pimpri-Chinchwad,18.6298,73.7997,121.5,22.4,33.3,4.2,0.0,77.8,106.3
2023-01-28,Pimpri-Chinchwad,18.6298,73.7997,122.5,26.5,19.1,7.5,0.0,52.5,102.5
2023-01-29,Pimpri-Chinchwad,18.6298,73.7997,116.8,23.0,30.7,5.7,0.0,53.9,102.8
2023-01-30,Pimpri-Chinchwad,18.6298,73.7997,138.9,25.1,35.8,8.9,0.0,79.1,106.1
2023-01-31,Pimpri-Chinchwad,18.6298,73.7997,130.5,23.7,31.4,5.2,0.0,74.7,103.0
2023-02-01,Pimpri-Chinchwad,18.6298,73.7997,137.3,24.7,36.2,9.8,0.0,75.7,107.4
2023-02-02,Pimpri-Chinchwad,18.6298,73.7997,122.3,24.0,28.5,5.3,0.0,65.8,107.1
2023-02-03,Pimpri-Chinchwad,18.6298,73.7997,134.4,25.6,26.3,5.0,0.0,77.3,109.0
2023-02-04,Pimpri-Chinchwad,18.6298,73.7997,112.8,25.2,32.5,2.4,0.0,57.4,105.8
2023-02-05,Pimpri-Chinchwad,18.6298,73.7997,119.4,24.6,33.1,7.2,0.0,55.7,102.2
2023-02-06,Pimpri-Chinchwad,18.6298,73.7997,122.6,24.0,31.3,4.0,0.0,75.8,102.3
2023-02-07,Pimpri-Chinchwad,18.6298,73.7997,118.1,25.7,39.3,3.7,0.0,72.0,109.8
2023-02-08,Pimpri-Chinchwad,18.6298,73.7997,125.2,24.1,29.0,7.6,0.0,71.0,102.9
2023-02-09,Pimpri-Chinchwad,18.6298,73.7997,123.2,26.2,34.9,7.4,0.0,72.8,106.2
2023-02-10,Pimpri-Chinchwad,18.6298,73.7997,122.8,28.9,33.8,7.4,0.0,71.7,104.8
2023-02-11,Pimpri-Chinchwad,18.6298,73.7997,119.2,27.5,25.8,4.4,0.0,66.9,100.3
2023-02-12,Pimpri-Chinchwad,18.6298,73.7997,119.7,26.9,27.1,5.1,0.0,60.6,103.3
2023-02-13,Pimpri-Chinchwad,18.6298,73.7997,128.8,26.1,33.8,5.1,0.0,69.2,106.0
2023-02-14,Pimpri-Chinchwad,18.6298,73.7997,137.6,24.0,43.8,6.8,0.0,84.2,106.7
2023-02-15,Pimpri-Chinchwad,18.6298,73.7997,139.7,24.8,36.9,8.4,0.0,71.8,103.4
2023-02-16,Pimpri-Chinchwad,18.6298,73.7997,137.8,28.1,25.5,6.0,0.0,74.1,105.0
2023-02-17,Pimpri-Chinchwad,18.6298,73.7997,146.5,25.7,18.7,9.3,0.0,78.5,103.5
2023-02-18,Pimpri-Chinchwad,18.6298,73.7997,110.9,26.0,38.1,7.2,0.0,46.2,100.9
2023-02-19,Pimpri-Chinchwad,18.6298,73.7997,114.0,26.7,34.0,4.9,0.0,54.8,101.1
2023-02-20,Pimpri-Chinchwad,18.6298,73.7997,120.6,25.8,40.4,7.1,0.0,71.1,110.0
2023-02-21,Pimpri-Chinchwad,18.6298,73.7997,119.8,25.7,30.4,8.9,0.0,75.0,104.8
2023-02-22,Pimpri-Chinchwad,18.6298,73.7997,124.7,27.3,36.7,9.5,0.0,75.9,100.1
2023-02-23,Pimpri-Chinchwad,18.6298,73.7997,116.0,26.4,39.3,7.9,0.0,73.6,108.9
2023-02-24,Pimpri-Chinchwad,18.6298,73.7997,116.7,26.7,33.0,5.7,0.0,73.4,106.5
2023-02-25,Pimpri-Chinchwad,18.6298,73.7997,103.7,26.8,33.2,5.2,0.0,61.3,101.1
2023-02-26,Pimpri-Chinchwad,18.6298,73.7997,109.6,28.4,35.6,6.8,0.0,57.5,100.3
2023-02-27,Pimpri-Chinchwad,18.6298,73.7997,123.7,27.7,38.4,9.1,0.0,74.2,103.0
2023-02-28,Pimpri-Chinchwad,18.6298,73.7997,123.3,27.8,35.7,6.6,0.0,74.7,110.2
2023-03-01,Pimpri-Chinchwad,18.6298,73.7997,126.0,28.9,40.8,6.7,0.0,83.2,105.5
2023-03-02,Pimpri-Chinchwad,18.6298,73.7997,117.6,28.1,33.8,6.0,0.0,74.9,101.1
2023-03-03,Pimpri-Chinchwad,18.6298,73.7997,124.8,28.1,29.6,5.2,0.0,71.4,106.2
2023-03-04,Pimpri-Chinchwad,18.6298,73.7997,106.0,29.1,46.3,5.6,0.0,46.5,104.4
2023-03-05,Pimpri-Chinchwad,18.6298,73.7997,101.7,29.5,33.6,6.3,0.0,48.8,101.8
2023-03-06,Pimpri-Chinchwad,18.6298,73.7997,114.2,28.6,33.9,9.5,0.0,71.7,103.1
2023-03-07,Pimpri-Chinchwad,18.6298,73.7997,106.9,29.0,36.6,5.6,0.0,73.5,102.9
2023-03-08,Pimpri-Chinchwad,18.6298,73.7997,104.3,28.1,37.4,6.2,0.0,71.2,103.1
2023-03-09,Pimpri-Chinchwad,18.6298,73.7997,98.4,28.1,35.3,4.4,0.0,75.8,109.2
2023-03-10,Pimpri-Chinchwad,18.6298,73.7997,58.0,30.2,52.3,7.6,4.1,69.1,105.2
2023-03-11,Pimpri-Chinchwad,18.6298,73.7997,87.4,29.9,37.3,9.0,0.0,51.4,97.2
2023-03-12,Pimpri-Chinchwad,18.6298,73.7997,82.8,30.0,38.6,9.5,0.0,59.1,102.4
2023-03-13,Pimpri-Chinchwad,18.6298,73.7997,98.1,29.9,26.1,6.7,0.0,80.8,105.8
2023-03-14,Pimpri-Chinchwad,18.6298,73.7997,86.4,29.7,47.4,7.5,0.0,68.5,104.3
2023-03-15,Pimpri-Chinchwad,18.6298,73.7997,90.2,30.6,37.4,6.1,0.0,75.2,102.8
2023-03-16,Pimpri-Chinchwad,18.6298,73.7997,75.1,31.0,41.2,7.5,0.0,64.5,102.7
2023-03-17,Pimpri-Chinchwad,18.6298,73.7997,83.6,31.1,31.6,7.1,0.0,66.6,108.1
2023-03-18,Pimpri-Chinchwad,18.6298,73.7997,79.1,30.0,36.3,6.7,0.0,53.1,102.0
2023-03-19,Pimpri-Chinchwad,18.6298,73.7997,83.7,31.9,35.5,6.9,0.0,61.7,102.6
2023-03-20,Pimpri-Chinchwad,18.6298,73.7997,89.5,30.6,46.3,7.6,0.0,70.1,106.0
2023-03-21,Pimpri-Chinchwad,18.6298,73.7997,98.7,31.1,36.2,6.1,0.0,69.9,106.2
2023-03-22,Pimpri-Chinchwad,18.6298,73.7997,98.1,30.8,43.1,6.3,0.0,74.2,104.2
2023-03-23,Pimpri-Chinchwad,18.6298,73.7997,104.8,30.9,36.2,10.2,0.0,74.2,104.9
2023-03-24,Pimpri-Chinchwad,18.6298,73.7997,105.5,29.8,37.3,12.2,0.0,70.1,108.3
2023-03-25,Pimpri-Chinchwad,18.6298,73.7997,89.4,31.6,38.5,4.5,0.0,65.9,104.9
2023-03-26,Pimpri-Chinchwad,18.6298,73.7997,82.3,34.3,46.3,4.4,0.0,54.7,98.3
2023-03-27,Pimpri-Chinchwad,18.6298,73.7997,98.4,30.5,30.6,5.0,0.0,74.6,104.9
2023-03-28,Pimpri-Chinchwad,18.6298,73.7997,94.0,31.1,33.6,6.8,0.0,72.0,107.5
2023-03-29,Pimpri-Chinchwad,18.6298,73.7997,93.5,30.6,30.6,8.8,0.0,76.2,110.1
2023-03-30,Pimpri-Chinchwad,18.6298,73.7997,95.5,30.6,35.0,8.2,0.0,80.2,109.9
2023-03-31,Pimpri-Chinchwad,18.6298,73.7997,42.0,33.1,51.6,7.4,5.7,79.5,103.4
2023-04-01,Pimpri-Chinchwad,18.6298,73.7997,74.3,30.6,32.7,8.2,0.0,52.2,104.6
2023-04-02,Pimpri-Chinchwad,18.6298,73.7997,73.3,30.9,37.2,5.8,0.0,61.5,101.5
2023-04-03,Pimpri-Chinchwad,18.6298,73.7997,87.2,29.6,30.9,6.7,0.0,76.7,108.0
2023-04-04,Pimpri-Chinchwad,18.6298,73.7997,88.2,30.7,36.1,7.2,0.0,78.9,107.4
2023-04-05,Pimpri-Chinchwad,18.6298,73.7997,85.4,29.6,47.3,4.1,0.0,73.5,102.2
2023-04-06,Pimpri-Chinchwad,18.6298,73.7997,81.4,32.5,43.4,5.0,0.0,73.1,106.8
2023-04-07,Pimpri-Chinchwad,18.6298,73.7997,79.6,35.2,42.4,5.1,0.0,78.7,107.9
2023-04-08,Pimpri-Chinchwad,18.6298,73.7997,78.9,31.5,36.6,8.9,0.0,60.8,101.3
2023-04-09,Pimpri-Chinchwad,18.6298,73.7997,76.4,30.0,34.0,7.9,0.0,63.8,100.8
2023-04-10,Pimpri-Chinchwad,18.6298,73.7997,78.2,33.1,36.1,8.6,0.0,75.0,101.5
2023-04-11,Pimpri-Chinchwad,18.6298,73.7997,68.9,31.2,41.7,3.8,0.0,73.5,107.1
2023-04-12,Pimpri-Chinchwad,18.6298,73.7997,31.2,33.7,61.4,4.5,7.8,57.8,105.9
2023-04-13,Pimpri-Chinchwad,18.6298,73.7997,79.8,31.9,46.6,8.8,0.0,65.9,103.1
2023-04-14,Pimpri-Chinchwad,18.6298,73.7997,74.3,31.5,45.3,2.0,0.0,72.0,104.6
2023-04-15,Pimpri-Chinchwad,18.6298,73.7997,76.7,32.1,38.6,10.0,0.0,50.5,101.8
2023-04-16,Pimpri-Chinchwad,18.6298,73.7997,74.3,33.3,42.4,3.9,0.0,60.1,100.0
2023-04-17,Pimpri-Chinchwad,18.6298,73.7997,71.6,32.1,40.7,9.2,0.0,67.4,105.4
2023-04-18,Pimpri-Chinchwad,18.6298,73.7997,69.6,31.9,41.4,5.8,0.0,71.5,101.0
2023-04-19,Pimpri-Chinchwad,18.6298,73.7997,67.0,32.3,52.6,9.6,0.0,71.7,108.8
2023-04-20,Pimpri-Chinchwad,18.6298,73.7997,76.4,31.0,33.6,14.0,0.0,80.0,105.4
2023-04-21,Pimpri-Chinchwad,18.6298,73.7997,74.0,33.1,41.3,3.0,0.0,71.0,102.7
2023-04-22,Pimpri-Chinchwad,18.6298,73.7997,77.5,30.5,48.6,8.9,0.0,58.3,95.3
2023-04-23,Pimpri-Chinchwad,18.6298,73.7997,71.4,32.1,35.2,3.9,0.0,57.0,104.0
2023-04-24,Pimpri-Chinchwad,18.6298,73.7997,78.8,33.6,39.4,8.4,0.0,78.5,106.8
2023-04-25,Pimpri-Chinchwad,18.6298,73.7997,75.5,33.1,40.0,7.2,0.0,78.3,105.9
2023-04-26,Pimpri-Chinchwad,18.6298,73.7997,70.7,33.5,41.6,7.8,0.0,73.8,107.6
2023-04-27,Pimpri-Chinchwad,18.6298,73.7997,73.2,32.7,34.8,5.8,0.0,65.5,107.6
2023-04-28,Pimpri-Chinchwad,18.6298,73.7997,74.7,34.2,45.8,9.2,0.0,72.8,105.9
2023-04-29,Pimpri-Chinchwad,18.6298,73.7997,60.5,34.0,46.3,4.7,0.0,55.9,100.8
2023-04-30,Pimpri-Chinchwad,18.6298,73.7997,65.9,33.4,45.5,10.1,0.0,57.4,100.4
2023-05-01,Pimpri-Chinchwad,18.6298,73.7997,27.1,34.0,53.7,6.8,7.7,66.5,106.5
2023-05-02,Pimpri-Chinchwad,18.6298,73.7997,75.4,33.8,43.6,4.8,0.0,79.7,108.9
2023-05-03,Pimpri-Chinchwad,18.6298,73.7997,82.3,32.4,38.8,10.8,0.0,74.1,105.1
2023-05-04,Pimpri-Chinchwad,18.6298,73.7997,82.1,31.3,41.7,7.5,0.0,69.4,109.1
2023-05-05,Pimpri-Chinchwad,18.6298,73.7997,76.4,33.5,54.2,11.5,0.0,71.7,106.3
2023-05-06,Pimpri-Chinchwad,18.6298,73.7997,74.5,33.6,44.1,10.1,0.0,65.6,102.4
2023-05-07,Pimpri-Chinchwad,18.6298,73.7997,75.3,34.3,37.8,6.1,0.0,59.3,107.4
2023-05-08,Pimpri-Chinchwad,18.6298,73.7997,83.1,31.9,44.7,7.5,0.0,79.2,109.5
2023-05-09,Pimpri-Chinchwad,18.6298,73.7997,83.0,31.9,37.2,8.0,0.0,68.8,109.6
2023-05-10,Pimpri-Chinchwad,18.6298,73.7997,80.0,33.6,38.1,10.8,0.0,70.6,103.4
2023-05-11,Pimpri-Chinchwad,18.6298,73.7997,81.6,32.9,39.0,8.6,0.0,70.6,110.9
2023-05-12,Pimpri-Chinchwad,18.6298,73.7997,73.8,30.7,42.2,8.1,0.0,74.9,105.2
2023-05-13,Pimpri-Chinchwad,18.6298,73.7997,63.1,33.4,49.3,7.4,0.0,55.1,100.8
2023-05-14,Pimpri-Chinchwad,18.6298,73.7997,67.3,30.8,47.6,7.7,0.0,53.6,96.0
2023-05-15,Pimpri-Chinchwad,18.6298,73.7997,78.5,31.8,47.5,10.4,0.0,72.2,106.2
2023-05-16,Pimpri-Chinchwad,18.6298,73.7997,21.7,34.6,54.6,7.9,15.6,62.2,102.7
2023-05-17,Pimpri-Chinchwad,18.6298,73.7997,85.3,35.1,42.6,7.1,0.0,73.1,106.4
2023-05-18,Pimpri-Chinchwad,18.6298,73.7997,84.3,31.5,46.9,6.8,0.0,79.6,102.5
2023-05-19,Pimpri-Chinchwad,18.6298,73.7997,79.0,32.5,42.6,6.8,0.0,66.4,109.9
2023-05-20,Pimpri-Chinchwad,18.6298,73.7997,66.7,32.9,44.6,5.1,0.0,57.7,102.8
2023-05-21,Pimpri-Chinchwad,18.6298,73.7997,76.3,35.0,48.5,6.5,0.0,62.9,107.1
2023-05-22,Pimpri-Chinchwad,18.6298,73.7997,80.1,32.2,44.8,11.0,0.0,73.1,102.8
2023-05-23,Pimpri-Chinchwad,18.6298,73.7997,86.4,32.2,48.0,7.6,0.0,71.4,109.3
2023-05-24,Pimpri-Chinchwad,18.6298,73.7997,88.9,34.6,55.1,9.5,0.0,78.6,100.9
2023-05-25,Pimpri-Chinchwad,18.6298,73.7997,54.6,32.3,61.6,3.2,3.9,67.1,105.9
2023-05-26,Pimpri-Chinchwad,18.6298,73.7997,68.2,33.6,53.6,9.3,0.0,73.9,103.8
2023-05-27,Pimpri-Chinchwad,18.6298,73.7997,50.0,30.9,50.9,7.9,0.0,50.8,100.3
2023-05-28,Pimpri-Chinchwad,18.6298,73.7997,60.6,32.4,41.1,7.3,0.0,46.6,100.1
2023-05-29,Pimpri-Chinchwad,18.6298,73.7997,72.9,30.6,43.2,8.6,0.0,73.2,103.1
2023-05-30,Pimpri-Chinchwad,18.6298,73.7997,71.0,31.3,45.0,7.3,0.0,67.7,102.3
2023-05-31,Pimpri-Chinchwad,18.6298,73.7997,27.3,33.5,60.2,4.1,9.3,69.3,104.3
2023-06-01,Pimpri-Chinchwad,18.6298,73.7997,9.3,32.4,64.5,10.2,20.0,69.6,105.7
2023-06-02,Pimpri-Chinchwad,18.6298,73.7997,35.9,32.0,68.4,8.9,6.3,80.1,108.3
2023-06-03,Pimpri-Chinchwad,18.6298,73.7997,65.4,31.5,57.0,7.9,0.0,56.5,102.1
2023-06-04,Pimpri-Chinchwad,18.6298,73.7997,68.5,32.1,52.7,6.6,0.0,61.1,104.3
2023-06-05,Pimpri-Chinchwad,18.6298,73.7997,74.6,32.6,49.4,5.6,0.0,76.0,101.7
2023-06-06,Pimpri-Chinchwad,18.6298,73.7997,72.5,33.4,41.7,9.1,0.0,72.1,104.3
2023-06-07,Pimpri-Chinchwad,18.6298,73.7997,70.1,29.0,53.0,11.9,0.0,64.4,107.2
2023-06-08,Pimpri-Chinchwad,18.6298,73.7997,76.0,31.1,53.3,9.2,0.0,82.1,106.3
2023-06-09,Pimpri-Chinchwad,18.6298,73.7997,64.4,32.2,54.6,6.0,0.0,68.8,103.2
2023-06-10,Pimpri-Chinchwad,18.6298,73.7997,64.8,31.8,64.7,9.3,0.0,62.9,103.7
2023-06-11,Pimpri-Chinchwad,18.6298,73.7997,67.3,32.4,60.9,8.8,0.0,58.7,100.1
2023-06-12,Pimpri-Chinchwad,18.6298,73.7997,30.6,32.1,74.2,10.7,10.1,64.1,103.5
2023-06-13,Pimpri-Chinchwad,18.6298,73.7997,70.7,31.4,51.0,10.3,0.0,75.6,106.6
2023-06-14,Pimpri-Chinchwad,18.6298,73.7997,80.2,31.0,53.9,3.2,0.0,84.7,105.4
2023-06-15,Pimpri-Chinchwad,18.6298,73.7997,62.5,31.3,56.5,10.3,0.0,81.7,104.1
2023-06-16,Pimpri-Chinchwad,18.6298,73.7997,67.9,32.9,53.7,7.3,0.0,71.4,104.0
2023-06-17,Pimpri-Chinchwad,18.6298,73.7997,56.0,30.6,60.7,6.5,0.0,52.4,98.7
2023-06-18,Pimpri-Chinchwad,18.6298,73.7997,60.0,31.3,60.6,9.0,0.0,56.5,100.4
2023-06-19,Pimpri-Chinchwad,18.6298,73.7997,64.0,31.5,54.1,10.3,0.0,73.2,108.2
2023-06-20,Pimpri-Chinchwad,18.6298,73.7997,58.0,33.1,66.1,6.3,0.0,80.0,106.0
2023-06-21,Pimpri-Chinchwad,18.6298,73.7997,52.8,30.8,61.3,11.0,0.0,77.7,107.8
2023-06-22,Pimpri-Chinchwad,18.6298,73.7997,57.8,32.2,52.8,11.2,0.0,65.5,106.7
2023-06-23,Pimpri-Chinchwad,18.6298,73.7997,33.7,32.4,76.9,9.9,4.4,74.1,103.9
2023-06-24,Pimpri-Chinchwad,18.6298,73.7997,47.5,30.8,64.2,8.1,0.0,55.1,97.3
2023-06-25,Pimpri-Chinchwad,18.6298,73.7997,23.2,30.5,83.4,8.0,5.9,53.2,99.1
2023-06-26,Pimpri-Chinchwad,18.6298,73.7997,18.3,30.3,77.5,12.0,11.1,69.7,103.7
2023-06-27,Pimpri-Chinchwad,18.6298,73.7997,27.7,30.3,84.0,7.1,12.6,73.7,103.5
2023-06-28,Pimpri-Chinchwad,18.6298,73.7997,45.1,31.5,66.5,12.3,0.0,78.9,107.9
2023-06-29,Pimpri-Chinchwad,18.6298,73.7997,44.4,30.7,74.7,9.9,2.7,68.9,107.8
2023-06-30,Pimpri-Chinchwad,18.6298,73.7997,21.7,30.6,74.9,10.1,14.5,66.4,110.9
2023-07-01,Pimpri-Chinchwad,18.6298,73.7997,33.5,28.8,88.3,7.0,5.8,50.8,99.5
2023-07-02,Pimpri-Chinchwad,18.6298,73.7997,43.8,28.9,74.3,10.2,0.0,47.6,105.4
2023-07-03,Pimpri-Chinchwad,18.6298,73.7997,46.9,32.6,70.6,11.8,0.0,73.5,109.4
2023-07-04,Pimpri-Chinchwad,18.6298,73.7997,19.2,29.7,92.2,7.9,13.1,76.7,104.8
2023-07-05,Pimpri-Chinchwad,18.6298,73.7997,8.0,28.8,90.7,11.7,20.6,55.1,106.6
2023-07-06,Pimpri-Chinchwad,18.6298,73.7997,37.9,31.4,74.5,10.9,0.0,73.9,108.5
2023-07-07,Pimpri-Chinchwad,18.6298,73.7997,16.5,29.9,82.1,9.6,13.4,67.0,105.3
2023-07-08,Pimpri-Chinchwad,18.6298,73.7997,29.1,30.1,81.0,12.6,0.0,57.4,101.1
2023-07-09,Pimpri-Chinchwad,18.6298,73.7997,24.4,29.2,90.7,6.6,4.9,48.7,99.8
2023-07-10,Pimpri-Chinchwad,18.6298,73.7997,36.1,28.8,71.7,11.8,0.0,66.9,99.5
2023-07-11,Pimpri-Chinchwad,18.6298,73.7997,10.4,28.9,85.9,14.4,7.6,63.3,105.6
2023-07-12,Pimpri-Chinchwad,18.6298,73.7997,41.2,27.3,76.1,14.1,0.0,80.7,103.6
2023-07-13,Pimpri-Chinchwad,18.6298,73.7997,14.2,28.8,82.1,12.0,9.9,64.1,102.7
2023-07-14,Pimpri-Chinchwad,18.6298,73.7997,32.4,29.1,79.5,10.7,0.0,71.5,106.5
2023-07-15,Pimpri-Chinchwad,18.6298,73.7997,33.8,30.9,71.8,10.1,0.0,66.5,97.8
2023-07-16,Pimpri-Chinchwad,18.6298,73.7997,27.6,28.6,78.9,10.8,0.0,52.3,103.4
2023-07-17,Pimpri-Chinchwad,18.6298,73.7997,13.4,25.6,89.9,12.6,7.8,71.8,106.6
2023-07-18,Pimpri-Chinchwad,18.6298,73.7997,18.3,28.2,91.7,9.9,7.6,75.5,104.4
2023-07-19,Pimpri-Chinchwad,18.6298,73.7997,34.6,31.5,74.7,13.1,0.0,79.1,105.2
2023-07-20,Pimpri-Chinchwad,18.6298,73.7997,26.7,29.1,78.1,15.9,0.0,67.3,102.4
2023-07-21,Pimpri-Chinchwad,18.6298,73.7997,13.7,27.0,98.0,11.6,7.6,66.6,107.3
2023-07-22,Pimpri-Chinchwad,18.6298,73.7997,8.0,28.5,98.0,9.1,22.3,46.4,101.9
2023-07-23,Pimpri-Chinchwad,18.6298,73.7997,8.0,26.8,96.8,9.1,21.2,55.0,102.1
2023-07-24,Pimpri-Chinchwad,18.6298,73.7997,28.0,25.9,80.3,13.4,0.0,70.2,106.7
2023-07-25,Pimpri-Chinchwad,18.6298,73.7997,36.7,27.0,84.9,11.7,0.0,71.5,103.8
2023-07-26,Pimpri-Chinchwad,18.6298,73.7997,26.9,27.4,86.6,13.6,0.8,75.7,101.6
2023-07-27,Pimpri-Chinchwad,18.6298,73.7997,26.4,24.9,92.1,10.8,6.1,74.1,107.8
2023-07-28,Pimpri-Chinchwad,18.6298,73.7997,18.5,25.7,96.0,13.6,14.9,70.0,107.1
2023-07-29,Pimpri-Chinchwad,18.6298,73.7997,26.7,27.0,87.5,11.6,6.9,48.3,100.1
2023-07-30,Pimpri-Chinchwad,18.6298,73.7997,17.5,26.3,98.0,10.5,18.3,44.2,102.4
2023-07-31,Pimpri-Chinchwad,18.6298,73.7997,37.5,27.2,92.2,11.2,0.0,75.1,108.5
2023-08-01,Pimpri-Chinchwad,18.6298,73.7997,25.0,25.1,97.3,9.6,6.0,77.3,108.2
2023-08-02,Pimpri-Chinchwad,18.6298,73.7997,12.0,27.3,86.4,16.0,10.1,67.8,104.0
2023-08-03,Pimpri-Chinchwad,18.6298,73.7997,8.0,24.9,98.0,11.8,23.4,62.2,101.7
2023-08-04,Pimpri-Chinchwad,18.6298,73.7997,18.0,28.1,92.5,13.3,2.6,67.6,102.1
2023-08-05,Pimpri-Chinchwad,18.6298,73.7997,16.2,24.0,93.6,10.9,7.1,61.8,100.6
2023-08-06,Pimpri-Chinchwad,18.6298,73.7997,27.5,24.6,98.0,9.9,2.4,55.6,105.1
2023-08-07,Pimpri-Chinchwad,18.6298,73.7997,22.5,26.3,98.0,11.5,4.6,77.1,103.6
2023-08-08,Pimpri-Chinchwad,18.6298,73.7997,32.5,27.7,79.2,14.2,0.0,74.1,103.9
2023-08-09,Pimpri-Chinchwad,18.6298,73.7997,14.1,25.9,93.2,10.9,7.1,70.9,103.9
2023-08-10,Pimpri-Chinchwad,18.6298,73.7997,19.4,26.1,96.8,10.2,1.4,65.8,104.1
2023-08-11,Pimpri-Chinchwad,18.6298,73.7997,8.0,25.3,93.9,12.2,4.0,61.2,105.4
2023-08-12,Pimpri-Chinchwad,18.6298,73.7997,19.5,23.9,75.2,12.9,0.0,62.3,98.2
2023-08-13,Pimpri-Chinchwad,18.6298,73.7997,8.0,24.4,93.7,15.1,10.4,51.2,104.1
2023-08-14,Pimpri-Chinchwad,18.6298,73.7997,21.8,23.4,81.8,12.5,0.0,75.0,105.0
2023-08-15,Pimpri-Chinchwad,18.6298,73.7997,27.0,23.2,78.8,13.0,0.0,67.8,111.6
2023-08-16,Pimpri-Chinchwad,18.6298,73.7997,27.8,25.1,72.3,13.1,0.0,69.5,102.5
2023-08-17,Pimpri-Chinchwad,18.6298,73.7997,19.7,23.2,98.0,9.3,2.7,77.9,109.4
2023-08-18,Pimpri-Chinchwad,18.6298,73.7997,48.1,24.8,64.8,9.7,0.0,82.7,108.9
2023-08-19,Pimpri-Chinchwad,18.6298,73.7997,19.8,22.7,90.8,9.4,8.4,48.7,100.4
2023-08-20,Pimpri-Chinchwad,18.6298,73.7997,8.0,24.5,89.4,8.8,18.0,50.3,100.4
2023-08-21,Pimpri-Chinchwad,18.6298,73.7997,8.0,23.4,92.8,13.0,15.5,67.2,103.1
2023-08-22,Pimpri-Chinchwad,18.6298,73.7997,8.0,25.6,94.3,12.0,30.2,58.3,103.1
2023-08-23,Pimpri-Chinchwad,18.6298,73.7997,22.0,24.1,96.6,11.5,4.3,81.1,105.4
2023-08-24,Pimpri-Chinchwad,18.6298,73.7997,35.5,25.1,86.8,6.1,3.8,69.8,105.5
2023-08-25,Pimpri-Chinchwad,18.6298,73.7997,19.7,22.6,92.8,15.3,6.4,77.0,101.4
2023-08-26,Pimpri-Chinchwad,18.6298,73.7997,28.2,23.4,90.2,9.3,8.7,53.6,107.1
2023-08-27,Pimpri-Chinchwad,18.6298,73.7997,38.4,22.1,65.1,15.2,0.0,55.9,100.8
2023-08-28,Pimpri-Chinchwad,18.6298,73.7997,49.7,22.6,82.5,8.1,0.0,80.9,105.6
2023-08-29,Pimpri-Chinchwad,18.6298,73.7997,24.3,22.7,80.2,9.3,11.5,69.7,103.8
2023-08-30,Pimpri-Chinchwad,18.6298,73.7997,58.2,22.0,73.8,6.4,0.0,73.5,104.7
2023-08-31,Pimpri-Chinchwad,18.6298,73.7997,37.7,21.3,88.0,11.5,5.3,78.3,104.5
2023-09-01,Pimpri-Chinchwad,18.6298,73.7997,41.6,20.9,86.8,8.5,2.7,78.9,105.4
2023-09-02,Pimpri-Chinchwad,18.6298,73.7997,40.7,19.7,67.2,8.5,0.9,61.6,101.4
2023-09-03,Pimpri-Chinchwad,18.6298,73.7997,8.0,21.1,88.2,7.8,21.6,25.7,103.4
2023-09-04,Pimpri-Chinchwad,18.6298,73.7997,8.0,23.0,75.5,12.0,21.2,65.6,106.0
2023-09-05,Pimpri-Chinchwad,18.6298,73.7997,13.4,20.2,82.3,11.8,15.8,67.2,107.2
2023-09-06,Pimpri-Chinchwad,18.6298,73.7997,18.1,20.4,79.1,13.9,13.4,67.1,105.4
2023-09-07,Pimpri-Chinchwad,18.6298,73.7997,55.9,24.1,62.9,8.9,0.0,77.0,106.0
2023-09-08,Pimpri-Chinchwad,18.6298,73.7997,24.7,21.1,82.7,10.6,13.8,68.4,104.8
2023-09-09,Pimpri-Chinchwad,18.6298,73.7997,37.7,22.1,85.3,7.5,3.6,57.6,103.9
2023-09-10,Pimpri-Chinchwad,18.6298,73.7997,18.7,22.4,77.5,9.3,9.9,49.7,102.2
2023-09-11,Pimpri-Chinchwad,18.6298,73.7997,53.0,22.3,67.4,8.9,0.0,81.5,105.0
2023-09-12,Pimpri-Chinchwad,18.6298,73.7997,9.7,19.6,78.1,10.8,13.8,71.0,104.9
2023-09-13,Pimpri-Chinchwad,18.6298,73.7997,54.0,21.0,57.7,11.8,0.0,76.7,105.1
2023-09-14,Pimpri-Chinchwad,18.6298,73.7997,33.1,19.2,75.2,11.7,4.0,74.5,105.5
2023-09-15,Pimpri-Chinchwad,18.6298,73.7997,35.8,24.0,74.3,7.9,6.2,76.7,105.3
2023-09-16,Pimpri-Chinchwad,18.6298,73.7997,53.6,19.0,56.7,11.5,0.0,61.1,100.0
2023-09-17,Pimpri-Chinchwad,18.6298,73.7997,38.4,19.6,76.6,9.4,1.6,54.6,103.3
2023-09-18,Pimpri-Chinchwad,18.6298,73.7997,33.8,19.5,75.0,8.7,2.2,77.8,107.5
2023-09-19,Pimpri-Chinchwad,18.6298,73.7997,8.0,18.9,65.3,7.9,24.0,62.9,109.9
2023-09-20,Pimpri-Chinchwad,18.6298,73.7997,63.9,22.2,49.4,8.1,0.0,83.6,103.9
2023-09-21,Pimpri-Chinchwad,18.6298,73.7997,53.4,23.4,59.1,12.7,0.0,79.5,107.1
2023-09-22,Pimpri-Chinchwad,18.6298,73.7997,57.4,19.8,52.3,9.7,0.0,70.9,100.6
2023-09-23,Pimpri-Chinchwad,18.6298,73.7997,57.0,18.7,57.3,9.4,0.0,67.7,103.5
2023-09-24,Pimpri-Chinchwad,18.6298,73.7997,26.7,17.5,74.2,8.5,10.0,40.5,97.8
2023-09-25,Pimpri-Chinchwad,18.6298,73.7997,62.1,19.8,48.4,13.8,0.0,77.2,102.9
2023-09-26,Pimpri-Chinchwad,18.6298,73.7997,26.5,19.6,62.1,11.5,8.6,66.2,106.2
2023-09-27,Pimpri-Chinchwad,18.6298,73.7997,62.7,19.1,62.0,7.4,0.0,83.4,103.8
2023-09-28,Pimpri-Chinchwad,18.6298,73.7997,61.4,20.1,54.9,8.2,0.0,75.3,103.5
2023-09-29,Pimpri-Chinchwad,18.6298,73.7997,64.9,20.2,50.5,8.3,0.0,70.0,104.2
2023-09-30,Pimpri-Chinchwad,18.6298,73.7997,61.5,20.1,47.5,8.9,0.0,54.7,103.2
2023-10-01,Pimpri-Chinchwad,18.6298,73.7997,23.7,19.2,64.1,7.2,9.5,47.7,99.1
2023-10-02,Pimpri-Chinchwad,18.6298,73.7997,70.8,18.2,45.2,9.4,0.0,72.5,105.3
2023-10-03,Pimpri-Chinchwad,18.6298,73.7997,64.3,20.2,55.2,11.4,0.0,72.4,104.5
2023-10-04,Pimpri-Chinchwad,18.6298,73.7997,74.0,19.4,46.4,5.8,0.0,70.2,107.4
2023-10-05,Pimpri-Chinchwad,18.6298,73.7997,71.5,20.4,55.4,6.1,0.0,75.4,107.5
2023-10-06,Pimpri-Chinchwad,18.6298,73.7997,25.8,20.2,62.5,7.4,11.2,70.4,100.8
2023-10-07,Pimpri-Chinchwad,18.6298,73.7997,67.9,17.4,43.9,7.4,0.0,51.0,104.0
2023-10-08,Pimpri-Chinchwad,18.6298,73.7997,65.3,17.4,46.6,12.3,0.0,47.7,99.9
2023-10-09,Pimpri-Chinchwad,18.6298,73.7997,80.9,18.1,35.3,10.2,0.0,75.6,106.0
2023-10-10,Pimpri-Chinchwad,18.6298,73.7997,76.9,17.7,47.5,10.1,0.0,76.7,103.1
2023-10-11,Pimpri-Chinchwad,18.6298,73.7997,79.7,19.8,46.9,7.6,0.0,77.7,106.3
2023-10-12,Pimpri-Chinchwad,18.6298,73.7997,76.5,19.2,51.5,7.5,0.0,76.8,111.8
2023-10-13,Pimpri-Chinchwad,18.6298,73.7997,74.9,20.1,37.7,5.2,0.0,81.9,105.7
2023-10-14,Pimpri-Chinchwad,18.6298,73.7997,58.7,19.2,52.6,9.6,0.0,61.0,100.3
2023-10-15,Pimpri-Chinchwad,18.6298,73.7997,58.2,18.9,50.6,9.0,0.0,69.4,100.8
2023-10-16,Pimpri-Chinchwad,18.6298,73.7997,75.8,20.0,52.5,10.6,0.0,89.5,101.7
2023-10-17,Pimpri-Chinchwad,18.6298,73.7997,8.0,19.1,60.7,7.5,20.5,54.9,109.0
2023-10-18,Pimpri-Chinchwad,18.6298,73.7997,70.9,18.6,50.8,7.6,0.0,63.0,106.2
2023-10-19,Pimpri-Chinchwad,18.6298,73.7997,74.2,20.2,38.1,8.2,0.0,74.0,102.8
2023-10-20,Pimpri-Chinchwad,18.6298,73.7997,26.9,18.6,63.7,9.6,12.4,70.3,102.9
2023-10-21,Pimpri-Chinchwad,18.6298,73.7997,63.2,18.0,41.0,4.8,0.0,55.6,101.4
2023-10-22,Pimpri-Chinchwad,18.6298,73.7997,70.6,17.3,36.3,9.2,0.0,59.5,103.7
2023-10-23,Pimpri-Chinchwad,18.6298,73.7997,17.3,19.1,53.7,7.6,20.1,62.6,102.5
2023-10-24,Pimpri-Chinchwad,18.6298,73.7997,84.4,19.7,44.1,5.5,0.0,70.5,108.2
2023-10-25,Pimpri-Chinchwad,18.6298,73.7997,80.8,18.2,39.7,3.4,0.0,71.3,105.2
2023-10-26,Pimpri-Chinchwad,18.6298,73.7997,72.6,19.8,45.4,7.3,0.0,73.0,103.1
2023-10-27,Pimpri-Chinchwad,18.6298,73.7997,76.2,15.8,34.2,10.4,0.0,78.2,104.2
2023-10-28,Pimpri-Chinchwad,18.6298,73.7997,81.0,18.1,32.4,10.8,0.0,53.6,105.8
2023-10-29,Pimpri-Chinchwad,18.6298,73.7997,72.1,18.1,49.6,8.1,0.0,54.6,97.9
2023-10-30,Pimpri-Chinchwad,18.6298,73.7997,82.3,17.2,47.0,11.3,0.0,76.9,103.6
2023-10-31,Pimpri-Chinchwad,18.6298,73.7997,88.0,20.9,37.0,7.2,0.0,73.0,107.8
2023-11-01,Pimpri-Chinchwad,18.6298,73.7997,83.4,18.0,42.0,9.2,0.0,79.6,105.9
2023-11-02,Pimpri-Chinchwad,18.6298,73.7997,82.0,17.6,46.9,6.3,0.0,69.4,103.4
2023-11-03,Pimpri-Chinchwad,18.6298,73.7997,83.0,18.1,43.6,6.1,0.0,68.3,107.8
2023-11-04,Pimpri-Chinchwad,18.6298,73.7997,81.4,15.6,42.1,5.8,0.0,57.5,103.9
2023-11-05,Pimpri-Chinchwad,18.6298,73.7997,76.4,17.1,46.6,2.9,0.0,58.0,102.2
2023-11-06,Pimpri-Chinchwad,18.6298,73.7997,82.5,19.2,37.2,9.6,0.0,69.7,103.9
2023-11-07,Pimpri-Chinchwad,18.6298,73.7997,34.5,17.2,55.8,5.7,8.6,76.4,104.3
2023-11-08,Pimpri-Chinchwad,18.6298,73.7997,93.8,17.0,40.3,5.3,0.0,83.6,106.1
2023-11-09,Pimpri-Chinchwad,18.6298,73.7997,90.6,19.6,38.8,4.5,0.0,70.9,102.1
2023-11-10,Pimpri-Chinchwad,18.6298,73.7997,99.1,19.6,38.1,6.4,0.0,81.4,108.7
2023-11-11,Pimpri-Chinchwad,18.6298,73.7997,90.8,18.6,40.2,10.3,0.0,44.1,105.7
2023-11-12,Pimpri-Chinchwad,18.6298,73.7997,94.4,17.5,39.8,10.9,0.0,61.4,100.8
2023-11-13,Pimpri-Chinchwad,18.6298,73.7997,94.6,17.7,34.1,3.3,0.0,69.7,106.3
2023-11-14,Pimpri-Chinchwad,18.6298,73.7997,97.8,17.1,43.2,5.9,0.0,78.9,108.4
2023-11-15,Pimpri-Chinchwad,18.6298,73.7997,100.9,16.9,34.1,4.5,0.0,69.2,110.3
2023-11-16,Pimpri-Chinchwad,18.6298,73.7997,106.1,16.8,37.7,8.5,0.0,73.7,109.3
2023-11-17,Pimpri-Chinchwad,18.6298,73.7997,98.3,17.3,37.1,7.0,0.0,69.9,101.1
2023-11-18,Pimpri-Chinchwad,18.6298,73.7997,83.3,16.9,40.2,5.2,0.0,54.9,100.6
2023-11-19,Pimpri-Chinchwad,18.6298,73.7997,102.0,16.2,27.6,6.5,0.0,65.1,102.7
2023-11-20,Pimpri-Chinchwad,18.6298,73.7997,97.4,18.4,42.5,5.4,0.0,73.5,104.2
2023-11-21,Pimpri-Chinchwad,18.6298,73.7997,112.4,18.5,34.4,9.5,0.0,84.6,109.9
2023-11-22,Pimpri-Chinchwad,18.6298,73.7997,114.0,20.2,43.7,7.3,0.0,72.1,109.5
2023-11-23,Pimpri-Chinchwad,18.6298,73.7997,120.1,17.4,35.1,7.5,0.0,81.5,103.4
2023-11-24,Pimpri-Chinchwad,18.6298,73.7997,108.6,18.6,37.0,1.2,0.0,65.9,105.0
2023-11-25,Pimpri-Chinchwad,18.6298,73.7997,65.1,18.7,61.7,6.0,3.7,52.7,99.5
2023-11-26,Pimpri-Chinchwad,18.6298,73.7997,111.9,18.0,35.5,10.2,0.0,53.3,100.9
2023-11-27,Pimpri-Chinchwad,18.6298,73.7997,117.9,19.3,42.9,8.7,0.0,81.7,104.8
2023-11-28,Pimpri-Chinchwad,18.6298,73.7997,110.4,19.3,36.8,2.3,0.0,74.9,107.8
2023-11-29,Pimpri-Chinchwad,18.6298,73.7997,115.9,18.9,38.5,5.3,0.0,63.6,103.2
2023-11-30,Pimpri-Chinchwad,18.6298,73.7997,108.6,18.2,36.6,3.5,0.0,67.4,98.9
2023-12-01,Pimpri-Chinchwad,18.6298,73.7997,115.2,18.1,40.3,9.2,0.0,68.9,101.4
2023-12-02,Pimpri-Chinchwad,18.6298,73.7997,105.1,17.0,32.5,6.3,0.0,60.7,98.8
2023-12-03,Pimpri-Chinchwad,18.6298,73.7997,106.9,17.7,30.8,4.2,0.0,60.0,99.8
2023-12-04,Pimpri-Chinchwad,18.6298,73.7997,114.5,18.0,32.4,5.8,0.0,72.5,105.9
2023-12-05,Pimpri-Chinchwad,18.6298,73.7997,108.8,17.4,35.9,1.2,0.0,71.3,102.7
2023-12-06,Pimpri-Chinchwad,18.6298,73.7997,108.3,19.4,34.2,3.4,0.0,77.6,102.4
2023-12-07,Pimpri-Chinchwad,18.6298,73.7997,111.8,20.3,38.7,5.6,0.0,68.4,103.1
2023-12-08,Pimpri-Chinchwad,18.6298,73.7997,114.5,17.9,41.5,7.2,0.0,76.3,102.6
2023-12-09,Pimpri-Chinchwad,18.6298,73.7997,101.9,19.4,30.0,1.6,0.0,57.9,100.0
2023-12-10,Pimpri-Chinchwad,18.6298,73.7997,107.7,17.8,31.0,4.7,0.0,54.6,99.9
2023-12-11,Pimpri-Chinchwad,18.6298,73.7997,125.5,18.8,27.4,7.4,0.0,76.0,107.1
2023-12-12,Pimpri-Chinchwad,18.6298,73.7997,109.1,18.4,44.6,2.5,0.0,74.5,102.9
2023-12-13,Pimpri-Chinchwad,18.6298,73.7997,116.4,20.0,35.8,5.8,0.0,76.5,104.5
2023-12-14,Pimpri-Chinchwad,18.6298,73.7997,117.4,18.5,36.6,5.4,0.0,67.3,104.0
2023-12-15,Pimpri-Chinchwad,18.6298,73.7997,128.8,20.6,27.3,8.7,0.0,77.1,107.4
2023-12-16,Pimpri-Chinchwad,18.6298,73.7997,109.5,19.2,33.9,4.8,0.0,61.1,101.0
2023-12-17,Pimpri-Chinchwad,18.6298,73.7997,111.9,18.8,36.3,4.9,0.0,57.6,104.0
2023-12-18,Pimpri-Chinchwad,18.6298,73.7997,134.6,18.2,32.4,6.9,0.0,77.0,102.5
2023-12-19,Pimpri-Chinchwad,18.6298,73.7997,121.3,20.1,38.9,2.5,0.0,73.5,105.3
2023-12-20,Pimpri-Chinchwad,18.6298,73.7997,123.8,20.9,45.0,4.7,0.0,78.5,104.0
2023-12-21,Pimpri-Chinchwad,18.6298,73.7997,125.6,20.2,28.6,4.2,0.0,74.3,102.3
2023-12-22,Pimpri-Chinchwad,18.6298,73.7997,115.6,22.7,28.1,4.8,0.0,68.3,105.2
2023-12-23,Pimpri-Chinchwad,18.6298,73.7997,114.2,21.8,28.8,6.7,0.0,60.1,105.7
2023-12-24,Pimpri-Chinchwad,18.6298,73.7997,102.1,19.8,41.1,6.1,0.0,47.8,99.3
2023-12-25,Pimpri-Chinchwad,18.6298,73.7997,114.9,19.9,38.2,3.5,0.0,75.4,105.1
2023-12-26,Pimpri-Chinchwad,18.6298,73.7997,113.7,20.9,32.2,5.2,0.0,72.1,102.1
2023-12-27,Pimpri-Chinchwad,18.6298,73.7997,127.7,19.5,33.0,7.9,0.0,71.8,101.8
2023-12-28,Pimpri-Chinchwad,18.6298,73.7997,123.7,22.0,28.6,3.2,0.0,74.9,103.4
2023-12-29,Pimpri-Chinchwad,18.6298,73.7997,125.4,21.1,37.1,5.2,0.0,70.5,104.3
2023-12-30,Pimpri-Chinchwad,18.6298,73.7997,115.1,21.1,30.7,4.5,0.0,58.6,100.4
2023-12-31,Pimpri-Chinchwad,18.6298,73.7997,116.4,21.7,31.2,4.7,0.0,56.3,100.8
2024-01-01,Pimpri-Chinchwad,18.6298,73.7997,118.8,23.0,35.5,1.6,0.0,70.9,101.3
2024-01-02,Pimpri-Chinchwad,18.6298,73.7997,138.9,21.3,31.4,7.6,0.0,80.7,103.8
2024-01-03,Pimpri-Chinchwad,18.6298,73.7997,129.4,21.0,31.1,3.2,0.0,75.0,106.7
2024-01-04,Pimpri-Chinchwad,18.6298,73.7997,132.8,23.1,32.3,6.8,0.0,77.2,102.0
2024-01-05,Pimpri-Chinchwad,18.6298,73.7997,129.0,22.5,36.2,3.5,0.0,81.1,104.5
2024-01-06,Pimpri-Chinchwad,18.6298,73.7997,122.8,21.1,40.4,3.5,0.0,63.0,102.1
2024-01-07,Pimpri-Chinchwad,18.6298,73.7997,133.2,21.6,35.1,7.2,0.0,58.9,99.4
2024-01-08,Pimpri-Chinchwad,18.6298,73.7997,144.6,21.9,36.1,6.7,0.0,72.5,106.3
2024-01-09,Pimpri-Chinchwad,18.6298,73.7997,135.3,22.3,31.1,5.1,0.0,66.9,101.6
2024-01-10,Pimpri-Chinchwad,18.6298,73.7997,142.9,20.3,28.5,6.2,0.0,75.0,107.6
2024-01-11,Pimpri-Chinchwad,18.6298,73.7997,133.7,20.2,35.3,4.1,0.0,79.5,106.3
2024-01-12,Pimpri-Chinchwad,18.6298,73.7997,124.8,21.1,32.9,4.7,0.0,75.8,105.5
2024-01-13,Pimpri-Chinchwad,18.6298,73.7997,99.0,21.1,24.9,3.4,0.0,38.8,104.2
2024-01-14,Pimpri-Chinchwad,18.6298,73.7997,119.9,21.6,30.4,6.5,0.0,60.4,100.6
2024-01-15,Pimpri-Chinchwad,18.6298,73.7997,125.0,23.3,31.6,3.3,0.0,78.7,103.9
2024-01-16,Pimpri-Chinchwad,18.6298,73.7997,143.3,22.4,29.4,7.7,0.0,72.5,108.8
2024-01-17,Pimpri-Chinchwad,18.6298,73.7997,140.5,23.0,39.4,4.1,0.0,78.9,110.0
2024-01-18,Pimpri-Chinchwad,18.6298,73.7997,133.7,21.4,34.4,4.7,0.0,77.1,103.7
2024-01-19,Pimpri-Chinchwad,18.6298,73.7997,135.2,22.4,38.9,6.2,0.0,70.6,105.1
2024-01-20,Pimpri-Chinchwad,18.6298,73.7997,125.0,23.8,33.4,4.8,0.0,62.4,104.0
2024-01-21,Pimpri-Chinchwad,18.6298,73.7997,118.1,24.0,32.5,4.1,0.0,49.7,101.2
2024-01-22,Pimpri-Chinchwad,18.6298,73.7997,138.6,22.5,27.4,4.7,0.0,73.7,106.9
2024-01-23,Pimpri-Chinchwad,18.6298,73.7997,144.6,23.7,32.2,6.5,0.0,73.2,107.4
2024-01-24,Pimpri-Chinchwad,18.6298,73.7997,128.0,26.3,32.2,3.4,0.0,69.9,104.0
2024-01-25,Pimpri-Chinchwad,18.6298,73.7997,139.9,23.7,25.4,4.5,0.0,75.5,106.4
2024-01-26,Pimpri-Chinchwad,18.6298,73.7997,130.5,23.0,29.6,4.8,0.0,80.6,105.4
2024-01-27,Pimpri-Chinchwad,18.6298,73.7997,128.9,23.8,30.7,6.5,0.0,62.2,98.4
2024-01-28,Pimpri-Chinchwad,18.6298,73.7997,120.3,24.2,34.4,4.6,0.0,59.6,98.9
2024-01-29,Pimpri-Chinchwad,18.6298,73.7997,132.3,24.1,34.7,8.4,0.0,65.5,103.8
2024-01-30,Pimpri-Chinchwad,18.6298,73.7997,118.3,24.3,29.6,4.5,0.0,67.3,107.7
2024-01-31,Pimpri-Chinchwad,18.6298,73.7997,121.6,22.8,34.9,4.4,0.0,74.8,107.8
2024-02-01,Pimpri-Chinchwad,18.6298,73.7997,130.5,23.5,31.7,4.5,0.0,73.8,107.3
2024-02-02,Pimpri-Chinchwad,18.6298,73.7997,122.2,24.6,18.4,2.3,0.0,71.5,106.5
2024-02-03,Pimpri-Chinchwad,18.6298,73.7997,120.3,24.7,30.4,2.8,0.0,65.5,102.4
2024-02-04,Pimpri-Chinchwad,18.6298,73.7997,114.9,24.3,38.3,3.9,0.0,56.5,102.1
2024-02-05,Pimpri-Chinchwad,18.6298,73.7997,143.1,24.9,24.5,7.2,0.0,76.7,106.4
2024-02-06,Pimpri-Chinchwad,18.6298,73.7997,133.9,25.3,33.6,4.9,0.0,78.9,106.6
2024-02-07,Pimpri-Chinchwad,18.6298,73.7997,119.5,26.5,41.1,4.0,0.0,74.3,101.9
2024-02-08,Pimpri-Chinchwad,18.6298,73.7997,137.4,25.4,29.4,7.5,0.0,87.0,103.4
2024-02-09,Pimpri-Chinchwad,18.6298,73.7997,134.8,26.1,33.3,8.2,0.0,69.3,102.8
2024-02-10,Pimpri-Chinchwad,18.6298,73.7997,128.2,25.1,26.9,7.6,0.0,53.0,104.2
2024-02-11,Pimpri-Chinchwad,18.6298,73.7997,110.5,26.6,41.7,3.4,0.0,51.3,105.5
2024-02-12,Pimpri-Chinchwad,18.6298,73.7997,136.0,26.5,33.2,4.2,0.0,81.8,100.0
2024-02-13,Pimpri-Chinchwad,18.6298,73.7997,45.0,27.2,49.0,8.8,15.7,70.2,109.3
2024-02-14,Pimpri-Chinchwad,18.6298,73.7997,131.7,27.2,40.7,5.7,0.0,71.3,105.6
2024-02-15,Pimpri-Chinchwad,18.6298,73.7997,127.5,27.1,37.3,4.7,0.0,69.7,107.9
2024-02-16,Pimpri-Chinchwad,18.6298,73.7997,138.2,26.4,29.8,6.7,0.0,80.9,106.7
2024-02-17,Pimpri-Chinchwad,18.6298,73.7997,126.6,27.0,31.0,7.3,0.0,57.8,105.0
2024-02-18,Pimpri-Chinchwad,18.6298,73.7997,106.2,28.1,36.9,4.2,0.0,63.1,101.9
2024-02-19,Pimpri-Chinchwad,18.6298,73.7997,119.1,26.2,31.4,5.8,0.0,73.7,102.0
2024-02-20,Pimpri-Chinchwad,18.6298,73.7997,126.1,26.3,24.1,7.3,0.0,76.6,105.1
2024-02-21,Pimpri-Chinchwad,18.6298,73.7997,112.1,27.4,34.5,3.2,0.0,75.5,106.7
2024-02-22,Pimpri-Chinchwad,18.6298,73.7997,115.5,27.8,27.5,5.5,0.0,70.9,104.9
2024-02-23,Pimpri-Chinchwad,18.6298,73.7997,102.8,26.5,43.2,3.3,0.0,73.3,107.0
2024-02-24,Pimpri-Chinchwad,18.6298,73.7997,85.8,27.5,36.1,3.6,0.0,50.1,101.2
2024-02-25,Pimpri-Chinchwad,18.6298,73.7997,102.5,27.6,30.8,4.5,0.0,58.5,99.9
2024-02-26,Pimpri-Chinchwad,18.6298,73.7997,118.6,25.2,32.0,6.6,0.0,77.8,102.7
2024-02-27,Pimpri-Chinchwad,18.6298,73.7997,106.9,27.7,26.2,5.1,0.0,79.0,104.4
2024-02-28,Pimpri-Chinchwad,18.6298,73.7997,105.1,27.9,30.3,4.5,0.0,77.3,105.9
2024-02-29,Pimpri-Chinchwad,18.6298,73.7997,107.3,28.0,41.0,5.9,0.0,73.4,100.5
2024-03-01,Pimpri-Chinchwad,18.6298,73.7997,106.5,30.0,47.3,3.6,0.0,81.8,103.4
2024-03-02,Pimpri-Chinchwad,18.6298,73.7997,105.9,27.0,39.9,6.8,0.0,60.5,96.4
2024-03-03,Pimpri-Chinchwad,18.6298,73.7997,113.8,27.6,36.0,8.2,0.0,62.9,99.9
2024-03-04,Pimpri-Chinchwad,18.6298,73.7997,112.3,25.5,34.4,5.8,0.0,81.3,108.4
2024-03-05,Pimpri-Chinchwad,18.6298,73.7997,106.5,28.2,32.0,5.6,0.0,73.4,102.4
2024-03-06,Pimpri-Chinchwad,18.6298,73.7997,103.4,28.4,47.2,6.8,0.0,75.9,107.2
2024-03-07,Pimpri-Chinchwad,18.6298,73.7997,97.2,28.4,36.1,2.1,0.0,77.9,112.5
2024-03-08,Pimpri-Chinchwad,18.6298,73.7997,90.6,30.4,47.8,7.2,0.0,68.3,109.0
2024-03-09,Pimpri-Chinchwad,18.6298,73.7997,85.5,30.3,44.3,12.4,0.0,50.4,101.7
2024-03-10,Pimpri-Chinchwad,18.6298,73.7997,86.2,29.4,28.8,6.0,0.0,49.5,103.5
2024-03-11,Pimpri-Chinchwad,18.6298,73.7997,98.3,29.0,34.4,6.1,0.0,73.5,102.0
2024-03-12,Pimpri-Chinchwad,18.6298,73.7997,105.3,30.8,34.5,7.8,0.0,72.3,101.5
2024-03-13,Pimpri-Chinchwad,18.6298,73.7997,105.4,29.6,37.6,9.7,0.0,66.8,105.5
2024-03-14,Pimpri-Chinchwad,18.6298,73.7997,108.9,28.8,37.9,8.4,0.0,74.7,106.4
2024-03-15,Pimpri-Chinchwad,18.6298,73.7997,96.4,27.8,53.3,2.2,0.0,73.5,108.1
2024-03-16,Pimpri-Chinchwad,18.6298,73.7997,100.0,29.5,33.1,7.6,0.0,61.9,100.0
2024-03-17,Pimpri-Chinchwad,18.6298,73.7997,17.8,31.0,54.8,11.7,19.9,56.1,101.9
2024-03-18,Pimpri-Chinchwad,18.6298,73.7997,97.7,32.9,41.9,7.9,0.0,76.3,105.8
2024-03-19,Pimpri-Chinchwad,18.6298,73.7997,101.3,30.4,39.0,4.3,0.0,70.5,105.1
2024-03-20,Pimpri-Chinchwad,18.6298,73.7997,91.9,29.5,39.7,7.3,0.0,77.2,105.2
2024-03-21,Pimpri-Chinchwad,18.6298,73.7997,81.6,29.1,34.1,4.2,0.0,74.0,103.3
2024-03-22,Pimpri-Chinchwad,18.6298,73.7997,89.7,31.2,40.0,9.2,0.0,72.8,106.1
2024-03-23,Pimpri-Chinchwad,18.6298,73.7997,77.3,28.6,42.2,4.9,0.0,51.7,101.9
2024-03-24,Pimpri-Chinchwad,18.6298,73.7997,74.2,31.4,41.4,7.0,0.0,53.7,100.3
2024-03-25,Pimpri-Chinchwad,18.6298,73.7997,79.8,31.8,42.8,5.2,0.0,73.1,107.1
2024-03-26,Pimpri-Chinchwad,18.6298,73.7997,80.3,31.5,47.1,5.9,0.0,78.0,108.0
2024-03-27,Pimpri-Chinchwad,18.6298,73.7997,88.3,30.8,44.9,10.0,0.0,76.6,107.1
2024-03-28,Pimpri-Chinchwad,18.6298,73.7997,96.1,31.8,40.7,7.2,0.0,83.1,102.8
2024-03-29,Pimpri-Chinchwad,18.6298,73.7997,100.9,31.4,34.6,5.9,0.0,77.4,105.6
2024-03-30,Pimpri-Chinchwad,18.6298,73.7997,79.0,30.4,37.6,4.8,0.0,58.1,99.1
2024-03-31,Pimpri-Chinchwad,18.6298,73.7997,70.2,33.6,39.7,3.4,0.0,54.5,101.6
2024-04-01,Pimpri-Chinchwad,18.6298,73.7997,72.1,31.0,42.1,4.7,0.0,68.8,103.1
2024-04-02,Pimpri-Chinchwad,18.6298,73.7997,86.0,32.5,38.6,7.4,0.0,71.2,108.6
2024-04-03,Pimpri-Chinchwad,18.6298,73.7997,88.3,28.7,36.5,9.2,0.0,70.5,107.4
2024-04-04,Pimpri-Chinchwad,18.6298,73.7997,83.5,33.2,35.3,6.2,0.0,61.2,108.3
2024-04-05,Pimpri-Chinchwad,18.6298,73.7997,88.6,33.5,33.1,10.4,0.0,69.0,108.0
2024-04-06,Pimpri-Chinchwad,18.6298,73.7997,79.8,31.9,40.3,5.9,0.0,64.0,100.7
2024-04-07,Pimpri-Chinchwad,18.6298,73.7997,73.9,32.6,34.3,6.9,0.0,57.8,100.3
2024-04-08,Pimpri-Chinchwad,18.6298,73.7997,83.0,32.6,36.7,5.2,0.0,72.1,109.8
2024-04-09,Pimpri-Chinchwad,18.6298,73.7997,82.3,31.3,39.9,9.4,0.0,76.0,105.0
2024-04-10,Pimpri-Chinchwad,18.6298,73.7997,74.4,32.7,35.2,11.6,0.0,64.2,102.0
2024-04-11,Pimpri-Chinchwad,18.6298,73.7997,79.6,31.2,43.9,3.9,0.0,75.4,107.9
2024-04-12,Pimpri-Chinchwad,18.6298,73.7997,79.3,31.5,45.8,6.8,0.0,80.4,105.8
2024-04-13,Pimpri-Chinchwad,18.6298,73.7997,75.3,33.6,39.4,10.0,0.0,55.4,105.2
2024-04-14,Pimpri-Chinchwad,18.6298,73.7997,68.9,33.5,40.1,4.6,0.0,47.1,102.0
2024-04-15,Pimpri-Chinchwad,18.6298,73.7997,82.0,31.5,45.0,8.7,0.0,71.9,105.3
2024-04-16,Pimpri-Chinchwad,18.6298,73.7997,87.0,31.5,38.8,10.0,0.0,80.4,109.2
2024-04-17,Pimpri-Chinchwad,18.6298,73.7997,78.5,31.7,38.5,7.7,0.0,75.3,101.6
2024-04-18,Pimpri-Chinchwad,18.6298,73.7997,75.8,33.4,48.4,8.6,0.0,66.9,103.9
2024-04-19,Pimpri-Chinchwad,18.6298,73.7997,82.5,31.4,46.9,11.1,0.0,85.8,103.2
2024-04-20,Pimpri-Chinchwad,18.6298,73.7997,72.7,33.0,45.5,11.5,0.0,49.7,95.9
2024-04-21,Pimpri-Chinchwad,18.6298,73.7997,78.8,33.5,47.2,7.4,0.0,54.8,103.6
2024-04-22,Pimpri-Chinchwad,18.6298,73.7997,81.4,32.6,32.7,6.5,0.0,68.8,104.0
2024-04-23,Pimpri-Chinchwad,18.6298,73.7997,80.6,33.9,49.4,5.7,0.0,68.8,107.7
2024-04-24,Pimpri-Chinchwad,18.6298,73.7997,73.1,32.4,44.6,9.5,0.0,71.7,106.4
2024-04-25,Pimpri-Chinchwad,18.6298,73.7997,75.5,32.5,47.8,4.8,0.0,77.2,106.9
2024-04-26,Pimpri-Chinchwad,18.6298,73.7997,77.0,31.6,44.7,7.1,0.0,80.5,104.3
2024-04-27,Pimpri-Chinchwad,18.6298,73.7997,76.0,34.1,43.1,7.8,0.0,54.1,99.5
2024-04-28,Pimpri-Chinchwad,18.6298,73.7997,73.2,31.9,41.6,6.6,0.0,50.9,101.6
2024-04-29,Pimpri-Chinchwad,18.6298,73.7997,83.9,33.3,44.8,8.2,0.0,76.4,107.7
2024-04-30,Pimpri-Chinchwad,18.6298,73.7997,73.8,32.8,41.5,12.8,0.0,76.5,105.3
2024-05-01,Pimpri-Chinchwad,18.6298,73.7997,72.8,31.7,47.5,7.4,0.0,75.2,103.6
2024-05-02,Pimpri-Chinchwad,18.6298,73.7997,73.7,32.2,35.3,6.8,0.0,75.4,102.4
2024-05-03,Pimpri-Chinchwad,18.6298,73.7997,86.4,34.6,40.7,9.7,0.0,73.4,105.9
2024-05-04,Pimpri-Chinchwad,18.6298,73.7997,70.3,33.2,53.7,8.1,0.0,56.5,100.0
2024-05-05,Pimpri-Chinchwad,18.6298,73.7997,74.1,31.8,40.4,10.6,0.0,55.1,101.2
2024-05-06,Pimpri-Chinchwad,18.6298,73.7997,81.5,33.4,42.5,8.0,0.0,79.4,104.8
2024-05-07,Pimpri-Chinchwad,18.6298,73.7997,76.2,32.8,39.4,7.2,0.0,85.1,104.3
2024-05-08,Pimpri-Chinchwad,18.6298,73.7997,71.3,37.1,45.6,4.2,0.0,74.9,106.1
2024-05-09,Pimpri-Chinchwad,18.6298,73.7997,76.3,33.3,40.4,4.5,0.0,74.0,106.8
2024-05-10,Pimpri-Chinchwad,18.6298,73.7997,78.0,32.5,43.3,4.1,0.0,75.3,110.3
2024-05-11,Pimpri-Chinchwad,18.6298,73.7997,58.5,34.7,48.6,8.5,0.0,52.7,103.3
2024-05-12,Pimpri-Chinchwad,18.6298,73.7997,63.8,30.8,41.1,5.1,0.0,59.8,105.4
2024-05-13,Pimpri-Chinchwad,18.6298,73.7997,74.3,33.1,48.7,10.3,0.0,76.2,103.4
2024-05-14,Pimpri-Chinchwad,18.6298,73.7997,76.1,35.4,49.0,7.9,0.0,71.9,101.4
2024-05-15,Pimpri-Chinchwad,18.6298,73.7997,83.3,32.8,50.4,7.4,0.0,78.5,105.4
2024-05-16,Pimpri-Chinchwad,18.6298,73.7997,76.5,30.9,46.0,6.2,0.0,74.1,107.5
2024-05-17,Pimpri-Chinchwad,18.6298,73.7997,75.4,32.5,61.8,9.1,0.0,69.1,107.2
2024-05-18,Pimpri-Chinchwad,18.6298,73.7997,43.7,34.7,66.1,6.3,5.0,55.3,104.4
2024-05-19,Pimpri-Chinchwad,18.6298,73.7997,33.2,33.3,62.7,6.0,11.6,51.4,95.1
2024-05-20,Pimpri-Chinchwad,18.6298,73.7997,83.8,31.9,41.9,10.4,0.0,78.8,108.5
2024-05-21,Pimpri-Chinchwad,18.6298,73.7997,70.7,32.0,46.1,8.7,0.0,78.2,106.2
2024-05-22,Pimpri-Chinchwad,18.6298,73.7997,72.1,32.1,54.0,7.6,0.0,73.5,101.5
2024-05-23,Pimpri-Chinchwad,18.6298,73.7997,18.4,33.2,70.7,9.4,14.3,64.5,107.2
2024-05-24,Pimpri-Chinchwad,18.6298,73.7997,69.1,34.4,54.8,8.1,0.0,74.0,105.8
2024-05-25,Pimpri-Chinchwad,18.6298,73.7997,58.6,34.0,51.7,8.9,0.0,57.8,102.4
2024-05-26,Pimpri-Chinchwad,18.6298,73.7997,72.0,33.2,41.8,6.5,0.0,58.4,103.9
2024-05-27,Pimpri-Chinchwad,18.6298,73.7997,69.4,31.0,50.8,12.4,0.0,75.5,106.5
2024-05-28,Pimpri-Chinchwad,18.6298,73.7997,79.6,31.0,42.6,7.1,0.0,73.5,101.7
2024-05-29,Pimpri-Chinchwad,18.6298,73.7997,18.5,33.2,56.7,11.4,16.3,70.8,105.0
2024-05-30,Pimpri-Chinchwad,18.6298,73.7997,66.4,30.9,50.7,8.0,0.0,70.6,101.4
2024-05-31,Pimpri-Chinchwad,18.6298,73.7997,77.1,32.2,52.5,10.0,0.0,86.4,107.0
2024-06-01,Pimpri-Chinchwad,18.6298,73.7997,66.6,32.8,54.8,9.9,0.0,59.8,104.9
2024-06-02,Pimpri-Chinchwad,18.6298,73.7997,61.4,31.0,53.2,10.8,0.0,50.4,98.3
2024-06-03,Pimpri-Chinchwad,18.6298,73.7997,64.1,31.1,53.9,6.9,0.0,74.9,103.7
2024-06-04,Pimpri-Chinchwad,18.6298,73.7997,18.7,32.1,61.7,10.7,10.8,72.4,103.2
2024-06-05,Pimpri-Chinchwad,18.6298,73.7997,8.0,32.8,66.6,12.3,23.3,60.6,104.3
2024-06-06,Pimpri-Chinchwad,18.6298,73.7997,61.3,33.4,45.1,8.2,0.0,66.5,106.4
2024-06-07,Pimpri-Chinchwad,18.6298,73.7997,61.5,32.8,43.1,8.8,0.0,68.8,104.3
2024-06-08,Pimpri-Chinchwad,18.6298,73.7997,8.0,32.1,72.3,7.8,20.3,48.6,103.0
2024-06-09,Pimpri-Chinchwad,18.6298,73.7997,36.6,31.1,65.4,8.2,2.1,46.2,104.1
2024-06-10,Pimpri-Chinchwad,18.6298,73.7997,64.2,30.6,59.1,12.4,0.0,66.8,108.2
2024-06-11,Pimpri-Chinchwad,18.6298,73.7997,29.8,31.2,75.8,7.0,9.3,72.0,102.6
2024-06-12,Pimpri-Chinchwad,18.6298,73.7997,29.9,32.2,67.7,7.2,7.4,69.2,108.9
2024-06-13,Pimpri-Chinchwad,18.6298,73.7997,69.9,32.1,59.4,12.3,0.0,70.5,109.1
2024-06-14,Pimpri-Chinchwad,18.6298,73.7997,67.0,29.1,53.7,10.4,0.0,71.5,109.3
2024-06-15,Pimpri-Chinchwad,18.6298,73.7997,56.5,30.6,48.4,13.5,0.0,48.6,101.0
2024-06-16,Pimpri-Chinchwad,18.6298,73.7997,55.8,32.9,58.9,8.4,0.0,58.4,99.5
2024-06-17,Pimpri-Chinchwad,18.6298,73.7997,27.2,31.5,71.5,9.6,6.8,66.6,102.9
2024-06-18,Pimpri-Chinchwad,18.6298,73.7997,58.8,29.6,57.3,8.1,0.0,71.3,102.6
2024-06-19,Pimpri-Chinchwad,18.6298,73.7997,59.4,34.0,70.0,9.8,0.0,75.7,105.4
2024-06-20,Pimpri-Chinchwad,18.6298,73.7997,65.7,31.1,53.2,6.1,0.0,72.7,107.5
2024-06-21,Pimpri-Chinchwad,18.6298,73.7997,34.8,31.5,78.4,11.1,6.5,67.2,108.7
2024-06-22,Pimpri-Chinchwad,18.6298,73.7997,20.0,31.4,72.2,10.4,17.3,37.4,100.2
2024-06-23,Pimpri-Chinchwad,18.6298,73.7997,30.2,30.4,82.4,9.7,7.7,54.0,101.3
2024-06-24,Pimpri-Chinchwad,18.6298,73.7997,60.2,29.9,65.0,9.1,0.0,74.4,105.1
2024-06-25,Pimpri-Chinchwad,18.6298,73.7997,62.1,33.2,66.1,8.2,0.0,71.4,103.8
2024-06-26,Pimpri-Chinchwad,18.6298,73.7997,51.4,31.8,60.2,11.5,0.0,68.8,107.2
2024-06-27,Pimpri-Chinchwad,18.6298,73.7997,66.1,31.5,61.7,7.8,0.0,74.1,106.3
2024-06-28,Pimpri-Chinchwad,18.6298,73.7997,53.3,31.1,70.9,11.3,0.0,76.4,105.8
2024-06-29,Pimpri-Chinchwad,18.6298,73.7997,39.7,29.1,75.8,14.5,0.0,56.5,102.3
2024-06-30,Pimpri-Chinchwad,18.6298,73.7997,11.8,31.7,85.0,13.4,9.9,59.2,102.9
2024-07-01,Pimpri-Chinchwad,18.6298,73.7997,44.9,29.1,63.8,7.5,0.0,77.5,106.9
2024-07-02,Pimpri-Chinchwad,18.6298,73.7997,28.9,30.3,85.7,9.5,4.4,71.2,103.3
2024-07-03,Pimpri-Chinchwad,18.6298,73.7997,29.3,27.9,96.8,11.5,9.4,73.0,107.6
2024-07-04,Pimpri-Chinchwad,18.6298,73.7997,49.0,27.3,70.9,10.6,0.0,74.2,106.0
2024-07-05,Pimpri-Chinchwad,18.6298,73.7997,50.0,30.1,78.4,8.0,0.0,74.2,104.3
2024-07-06,Pimpri-Chinchwad,18.6298,73.7997,29.0,28.6,83.0,11.6,3.6,60.7,102.0
2024-07-07,Pimpri-Chinchwad,18.6298,73.7997,17.6,27.1,87.1,10.9,14.6,44.2,102.3
2024-07-08,Pimpri-Chinchwad,18.6298,73.7997,27.5,30.0,91.1,14.8,11.0,68.6,108.1
2024-07-09,Pimpri-Chinchwad,18.6298,73.7997,28.2,31.8,90.6,10.6,14.7,72.6,102.8
2024-07-10,Pimpri-Chinchwad,18.6298,73.7997,30.0,30.8,85.4,13.5,5.4,72.9,108.7
2024-07-11,Pimpri-Chinchwad,18.6298,73.7997,51.3,28.7,70.8,8.7,0.0,72.2,105.5
2024-07-12,Pimpri-Chinchwad,18.6298,73.7997,46.7,28.9,80.4,9.2,0.0,65.5,104.1
2024-07-13,Pimpri-Chinchwad,18.6298,73.7997,24.2,29.8,96.9,12.8,3.7,42.8,100.1
2024-07-14,Pimpri-Chinchwad,18.6298,73.7997,8.0,30.0,98.0,13.6,18.2,57.3,98.9
2024-07-15,Pimpri-Chinchwad,18.6298,73.7997,11.5,28.1,98.0,9.5,10.4,70.3,101.0
2024-07-16,Pimpri-Chinchwad,18.6298,73.7997,12.9,28.5,93.2,11.5,14.8,63.7,107.1
2024-07-17,Pimpri-Chinchwad,18.6298,73.7997,23.5,28.7,91.5,8.8,11.0,70.2,110.4
2024-07-18,Pimpri-Chinchwad,18.6298,73.7997,36.6,28.8,85.2,11.2,0.0,69.3,101.4
2024-07-19,Pimpri-Chinchwad,18.6298,73.7997,34.3,27.9,82.5,13.3,0.0,72.3,103.0
2024-07-20,Pimpri-Chinchwad,18.6298,73.7997,32.1,27.8,89.4,10.8,1.6,50.5,103.3
2024-07-21,Pimpri-Chinchwad,18.6298,73.7997,8.0,29.5,89.5,11.2,27.9,35.0,101.3
2024-07-22,Pimpri-Chinchwad,18.6298,73.7997,23.3,29.1,97.5,9.5,2.0,62.5,107.5
2024-07-23,Pimpri-Chinchwad,18.6298,73.7997,12.4,28.1,94.5,10.5,22.8,54.6,105.1
2024-07-24,Pimpri-Chinchwad,18.6298,73.7997,33.0,29.5,80.6,15.4,0.0,79.1,103.9
2024-07-25,Pimpri-Chinchwad,18.6298,73.7997,28.6,26.9,86.3,12.0,0.0,69.1,104.8
2024-07-26,Pimpri-Chinchwad,18.6298,73.7997,33.5,29.1,85.0,9.9,0.0,76.7,99.4
2024-07-27,Pimpri-Chinchwad,18.6298,73.7997,33.1,27.7,88.1,11.3,0.0,60.8,98.5
2024-07-28,Pimpri-Chinchwad,18.6298,73.7997,12.2,30.9,86.9,8.8,4.9,53.6,103.8
2024-07-29,Pimpri-Chinchwad,18.6298,73.7997,29.7,25.4,83.0,9.9,0.0,72.5,108.4
2024-07-30,Pimpri-Chinchwad,18.6298,73.7997,10.9,25.9,98.0,14.7,5.9,71.7,108.9
2024-07-31,Pimpri-Chinchwad,18.6298,73.7997,8.0,27.1,89.3,11.7,12.8,65.5,106.5
2024-08-01,Pimpri-Chinchwad,18.6298,73.7997,11.5,26.9,93.7,15.8,3.7,78.1,99.8
2024-08-02,Pimpri-Chinchwad,18.6298,73.7997,8.0,28.6,92.8,11.8,18.7,74.0,103.8
2024-08-03,Pimpri-Chinchwad,18.6298,73.7997,11.4,25.4,97.1,11.9,8.5,59.0,104.7
2024-08-04,Pimpri-Chinchwad,18.6298,73.7997,13.8,27.1,98.0,13.3,3.4,43.5,105.5
2024-08-05,Pimpri-Chinchwad,18.6298,73.7997,31.0,27.3,92.0,6.6,0.0,71.8,108.8
2024-08-06,Pimpri-Chinchwad,18.6298,73.7997,20.8,26.6,77.7,12.4,0.0,74.0,104.8
2024-08-07,Pimpri-Chinchwad,18.6298,73.7997,8.0,24.5,98.0,11.9,13.3,69.7,102.1
2024-08-08,Pimpri-Chinchwad,18.6298,73.7997,8.0,27.2,98.0,14.9,18.2,56.2,105.3
2024-08-09,Pimpri-Chinchwad,18.6298,73.7997,27.3,26.9,83.1,13.8,0.0,65.3,105.4
2024-08-10,Pimpri-Chinchwad,18.6298,73.7997,8.0,26.0,98.0,9.6,18.3,53.4,105.3
2024-08-11,Pimpri-Chinchwad,18.6298,73.7997,8.0,25.4,97.2,14.3,19.4,43.5,102.0
2024-08-12,Pimpri-Chinchwad,18.6298,73.7997,17.9,25.3,98.0,11.3,3.3,64.9,105.4
2024-08-13,Pimpri-Chinchwad,18.6298,73.7997,24.0,24.8,98.0,10.0,4.0,66.5,105.6
2024-08-14,Pimpri-Chinchwad,18.6298,73.7997,12.2,25.5,89.4,12.1,15.3,68.3,106.4
2024-08-15,Pimpri-Chinchwad,18.6298,73.7997,33.0,24.7,83.3,11.3,0.0,69.9,107.0
2024-08-16,Pimpri-Chinchwad,18.6298,73.7997,16.9,23.5,83.4,14.7,0.0,75.2,103.6
2024-08-17,Pimpri-Chinchwad,18.6298,73.7997,19.3,23.1,80.1,12.3,0.0,51.1,98.8
2024-08-18,Pimpri-Chinchwad,18.6298,73.7997,11.9,23.3,98.0,12.0,3.4,45.6,104.8
2024-08-19,Pimpri-Chinchwad,18.6298,73.7997,24.6,24.4,78.5,13.3,0.0,81.1,101.3
2024-08-20,Pimpri-Chinchwad,18.6298,73.7997,26.5,24.0,78.0,13.6,0.0,76.0,109.5
2024-08-21,Pimpri-Chinchwad,18.6298,73.7997,26.2,24.1,77.1,13.0,1.0,71.9,100.6
2024-08-22,Pimpri-Chinchwad,18.6298,73.7997,35.1,24.3,65.9,14.2,0.0,71.4,103.9
2024-08-23,Pimpri-Chinchwad,18.6298,73.7997,28.0,22.9,90.0,12.5,4.4,79.1,107.8
2024-08-24,Pimpri-Chinchwad,18.6298,73.7997,8.0,25.3,86.5,11.5,30.8,43.6,101.4
2024-08-25,Pimpri-Chinchwad,18.6298,73.7997,8.4,23.0,83.3,13.6,11.1,56.2,98.1
2024-08-26,Pimpri-Chinchwad,18.6298,73.7997,12.3,22.7,95.8,10.9,5.5,68.3,106.5
2024-08-27,Pimpri-Chinchwad,18.6298,73.7997,18.0,23.7,90.5,11.1,3.9,72.3,105.6
2024-08-28,Pimpri-Chinchwad,18.6298,73.7997,14.3,20.8,87.2,14.4,3.3,74.4,104.9
2024-08-29,Pimpri-Chinchwad,18.6298,73.7997,19.8,21.9,83.9,14.1,5.9,68.3,103.8
2024-08-30,Pimpri-Chinchwad,18.6298,73.7997,45.5,23.9,72.5,10.8,0.0,73.5,105.3
2024-08-31,Pimpri-Chinchwad,18.6298,73.7997,25.2,20.6,90.3,9.8,7.8,49.2,99.9
2024-09-01,Pimpri-Chinchwad,18.6298,73.7997,13.7,23.9,80.6,13.5,13.1,51.5,107.5
2024-09-02,Pimpri-Chinchwad,18.6298,73.7997,15.2,24.2,84.0,12.1,8.7,63.0,104.8
2024-09-03,Pimpri-Chinchwad,18.6298,73.7997,39.4,21.8,72.7,11.1,0.0,76.9,104.5
2024-09-04,Pimpri-Chinchwad,18.6298,73.7997,48.7,22.5,58.0,9.7,0.0,75.6,104.0
2024-09-05,Pimpri-Chinchwad,18.6298,73.7997,55.5,23.4,66.7,11.0,0.0,73.0,109.8
2024-09-06,Pimpri-Chinchwad,18.6298,73.7997,19.2,21.4,79.1,10.2,15.6,68.4,101.3
2024-09-07,Pimpri-Chinchwad,18.6298,73.7997,19.9,22.9,79.9,8.8,10.9,48.7,102.3
2024-09-08,Pimpri-Chinchwad,18.6298,73.7997,47.6,20.9,62.4,10.3,0.0,52.6,100.8
2024-09-09,Pimpri-Chinchwad,18.6298,73.7997,27.9,21.0,79.9,10.5,6.0,73.7,101.8
2024-09-10,Pimpri-Chinchwad,18.6298,73.7997,61.8,20.5,73.1,9.2,0.0,76.9,103.4
2024-09-11,Pimpri-Chinchwad,18.6298,73.7997,64.1,21.8,61.2,11.6,0.0,71.5,106.2
2024-09-12,Pimpri-Chinchwad,18.6298,73.7997,59.6,22.7,63.6,12.3,0.0,71.0,103.2
2024-09-13,Pimpri-Chinchwad,18.6298,73.7997,57.0,20.9,71.4,11.6,0.0,73.1,106.0
2024-09-14,Pimpri-Chinchwad,18.6298,73.7997,58.4,19.5,58.1,9.1,0.0,53.2,105.7
2024-09-15,Pimpri-Chinchwad,18.6298,73.7997,16.9,19.7,84.2,11.1,17.6,54.8,101.8
2024-09-16,Pimpri-Chinchwad,18.6298,73.7997,59.9,21.3,59.5,9.6,0.0,75.6,101.8
2024-09-17,Pimpri-Chinchwad,18.6298,73.7997,24.9,23.0,82.8,6.9,8.7,69.7,103.3
2024-09-18,Pimpri-Chinchwad,18.6298,73.7997,59.9,21.1,62.0,10.7,0.0,69.3,104.7
2024-09-19,Pimpri-Chinchwad,18.6298,73.7997,35.6,20.1,74.2,9.5,5.5,75.0,104.5
2024-09-20,Pimpri-Chinchwad,18.6298,73.7997,62.1,21.4,56.7,14.4,0.0,70.9,105.8
2024-09-21,Pimpri-Chinchwad,18.6298,73.7997,66.8,20.1,53.3,12.0,0.0,52.7,102.2
2024-09-22,Pimpri-Chinchwad,18.6298,73.7997,44.3,19.8,71.2,10.5,3.6,58.1,105.7
2024-09-23,Pimpri-Chinchwad,18.6298,73.7997,25.6,19.0,74.8,9.5,14.3,68.8,105.4
2024-09-24,Pimpri-Chinchwad,18.6298,73.7997,79.8,21.8,54.6,9.3,0.0,61.5,102.5
2024-09-25,Pimpri-Chinchwad,18.6298,73.7997,41.6,17.0,67.6,6.9,9.3,68.6,108.3
2024-09-26,Pimpri-Chinchwad,18.6298,73.7997,71.7,20.9,52.4,5.3,0.0,74.6,108.6
2024-09-27,Pimpri-Chinchwad,18.6298,73.7997,66.7,19.3,58.1,7.0,0.0,72.3,106.0
2024-09-28,Pimpri-Chinchwad,18.6298,73.7997,67.7,19.3,58.7,8.6,0.0,56.8,100.8
2024-09-29,Pimpri-Chinchwad,18.6298,73.7997,35.7,21.7,63.8,4.4,4.9,44.5,103.0
2024-09-30,Pimpri-Chinchwad,18.6298,73.7997,61.7,18.7,48.3,7.5,0.0,59.8,104.9
2024-10-01,Pimpri-Chinchwad,18.6298,73.7997,68.9,18.7,53.1,8.0,0.0,69.1,100.3
2024-10-02,Pimpri-Chinchwad,18.6298,73.7997,66.7,19.3,58.4,8.1,0.5,75.2,106.8
2024-10-03,Pimpri-Chinchwad,18.6298,73.7997,64.9,19.9,56.1,7.1,0.0,57.9,107.6
2024-10-04,Pimpri-Chinchwad,18.6298,73.7997,76.9,18.8,43.7,7.7,0.0,69.8,109.0
2024-10-05,Pimpri-Chinchwad,18.6298,73.7997,61.6,17.3,48.2,11.8,0.0,46.4,99.6
2024-10-06,Pimpri-Chinchwad,18.6298,73.7997,60.0,18.1,44.5,9.6,0.0,54.8,102.0
2024-10-07,Pimpri-Chinchwad,18.6298,73.7997,65.4,20.6,47.4,7.1,0.0,83.8,106.0
2024-10-08,Pimpri-Chinchwad,18.6298,73.7997,66.4,19.1,56.4,8.1,0.0,72.9,105.6
2024-10-09,Pimpri-Chinchwad,18.6298,73.7997,73.8,19.5,40.9,8.1,0.0,73.5,105.7
2024-10-10,Pimpri-Chinchwad,18.6298,73.7997,73.1,18.6,39.6,6.6,0.0,78.2,105.5
2024-10-11,Pimpri-Chinchwad,18.6298,73.7997,67.6,18.0,43.3,6.6,0.0,74.1,105.9
2024-10-12,Pimpri-Chinchwad,18.6298,73.7997,13.4,20.8,63.5,10.1,13.2,48.3,103.3
2024-10-13,Pimpri-Chinchwad,18.6298,73.7997,71.0,18.5,49.9,7.2,0.0,60.6,104.5
2024-10-14,Pimpri-Chinchwad,18.6298,73.7997,47.6,18.1,63.7,5.8,3.2,74.8,103.5
2024-10-15,Pimpri-Chinchwad,18.6298,73.7997,69.2,19.9,52.2,7.9,0.0,75.4,105.0
2024-10-16,Pimpri-Chinchwad,18.6298,73.7997,21.3,17.7,52.2,8.2,9.7,68.5,104.3
2024-10-17,Pimpri-Chinchwad,18.6298,73.7997,67.2,17.8,51.7,4.0,0.0,72.3,104.0
2024-10-18,Pimpri-Chinchwad,18.6298,73.7997,75.1,18.5,43.9,7.8,0.0,78.6,101.4
2024-10-19,Pimpri-Chinchwad,18.6298,73.7997,77.3,18.4,48.8,9.6,0.0,54.3,101.5
2024-10-20,Pimpri-Chinchwad,18.6298,73.7997,81.8,18.7,38.2,8.7,0.0,62.2,102.6
2024-10-21,Pimpri-Chinchwad,18.6298,73.7997,79.7,20.8,44.6,12.2,0.0,68.8,105.0
2024-10-22,Pimpri-Chinchwad,18.6298,73.7997,87.0,18.7,45.5,10.2,0.0,81.2,105.4
2024-10-23,Pimpri-Chinchwad,18.6298,73.7997,85.7,15.4,49.8,10.5,0.0,76.4,106.4
2024-10-24,Pimpri-Chinchwad,18.6298,73.7997,84.4,18.6,35.8,13.2,0.0,69.2,108.9
2024-10-25,Pimpri-Chinchwad,18.6298,73.7997,93.8,18.2,43.7,9.1,0.0,76.5,104.4
2024-10-26,Pimpri-Chinchwad,18.6298,73.7997,82.6,18.2,37.8,7.8,0.0,52.7,98.5
2024-10-27,Pimpri-Chinchwad,18.6298,73.7997,81.4,18.4,45.5,9.4,0.0,56.2,101.2
2024-10-28,Pimpri-Chinchwad,18.6298,73.7997,89.1,18.1,46.6,6.3,0.0,71.6,110.1
2024-10-29,Pimpri-Chinchwad,18.6298,73.7997,87.3,18.0,48.9,7.6,0.0,73.3,102.5
2024-10-30,Pimpri-Chinchwad,18.6298,73.7997,98.2,18.8,39.6,6.0,0.0,78.7,107.0
2024-10-31,Pimpri-Chinchwad,18.6298,73.7997,90.6,17.4,46.7,8.1,0.0,76.6,108.3
2024-11-01,Pimpri-Chinchwad,18.6298,73.7997,42.4,16.9,63.6,5.9,8.7,64.0,99.5
2024-11-02,Pimpri-Chinchwad,18.6298,73.7997,84.8,21.7,33.3,5.8,0.0,50.7,102.4
2024-11-03,Pimpri-Chinchwad,18.6298,73.7997,89.2,17.2,44.4,7.9,0.0,57.4,102.9
2024-11-04,Pimpri-Chinchwad,18.6298,73.7997,92.4,18.1,45.9,6.8,0.0,75.7,104.7
2024-11-05,Pimpri-Chinchwad,18.6298,73.7997,87.1,16.2,39.6,3.2,0.0,70.6,103.8
2024-11-06,Pimpri-Chinchwad,18.6298,73.7997,97.2,18.1,34.6,4.1,0.0,82.0,103.9
2024-11-07,Pimpri-Chinchwad,18.6298,73.7997,39.3,16.9,60.1,4.6,11.2,72.5,104.6
2024-11-08,Pimpri-Chinchwad,18.6298,73.7997,91.0,17.5,34.2,5.1,0.0,70.9,104.6
2024-11-09,Pimpri-Chinchwad,18.6298,73.7997,43.0,19.3,54.1,7.6,7.6,48.6,100.2
2024-11-10,Pimpri-Chinchwad,18.6298,73.7997,93.7,18.6,39.6,7.2,0.0,54.9,100.5
2024-11-11,Pimpri-Chinchwad,18.6298,73.7997,100.1,18.7,43.2,8.8,0.0,72.3,108.4
2024-11-12,Pimpri-Chinchwad,18.6298,73.7997,100.9,15.9,36.2,8.2,0.0,80.3,102.4
2024-11-13,Pimpri-Chinchwad,18.6298,73.7997,103.1,20.2,35.8,8.8,0.0,78.9,101.0
2024-11-14,Pimpri-Chinchwad,18.6298,73.7997,104.6,16.6,39.5,7.8,0.0,74.2,108.4
2024-11-15,Pimpri-Chinchwad,18.6298,73.7997,95.0,19.9,43.8,6.9,0.0,77.4,104.9
2024-11-16,Pimpri-Chinchwad,18.6298,73.7997,89.9,19.3,50.0,8.7,0.0,60.1,100.4
2024-11-17,Pimpri-Chinchwad,18.6298,73.7997,99.9,18.8,30.9,8.3,0.0,56.3,101.1
2024-11-18,Pimpri-Chinchwad,18.6298,73.7997,94.3,17.1,39.8,7.1,0.0,76.0,105.9
2024-11-19,Pimpri-Chinchwad,18.6298,73.7997,103.6,18.3,32.6,8.9,0.0,77.0,104.1
2024-11-20,Pimpri-Chinchwad,18.6298,73.7997,99.0,17.6,42.9,1.6,0.0,76.4,106.7
2024-11-21,Pimpri-Chinchwad,18.6298,73.7997,105.9,18.2,32.9,5.7,0.0,70.1,103.0
2024-11-22,Pimpri-Chinchwad,18.6298,73.7997,46.7,17.9,49.1,5.6,10.0,65.6,104.6
2024-11-23,Pimpri-Chinchwad,18.6298,73.7997,101.1,15.8,34.3,8.4,0.0,54.6,95.9
2024-11-24,Pimpri-Chinchwad,18.6298,73.7997,98.2,19.6,36.7,9.2,0.0,52.5,104.3
2024-11-25,Pimpri-Chinchwad,18.6298,73.7997,90.0,18.2,38.5,3.1,0.0,66.6,105.0
2024-11-26,Pimpri-Chinchwad,18.6298,73.7997,111.7,17.8,39.2,8.8,0.0,77.4,107.1
2024-11-27,Pimpri-Chinchwad,18.6298,73.7997,109.9,17.7,36.5,3.6,0.0,75.7,106.6
2024-11-28,Pimpri-Chinchwad,18.6298,73.7997,112.6,18.9,29.8,3.6,0.0,67.3,106.8
2024-11-29,Pimpri-Chinchwad,18.6298,73.7997,110.1,17.4,39.9,5.4,0.0,72.8,105.4
2024-11-30,Pimpri-Chinchwad,18.6298,73.7997,105.8,15.8,35.8,5.2,0.0,55.1,102.4
2024-12-01,Pimpri-Chinchwad,18.6298,73.7997,92.2,19.1,41.7,2.7,0.0,56.9,99.0
2024-12-02,Pimpri-Chinchwad,18.6298,73.7997,107.1,19.3,32.2,7.0,0.0,68.6,102.5
2024-12-03,Pimpri-Chinchwad,18.6298,73.7997,113.0,18.5,27.6,7.1,0.0,67.2,105.1
2024-12-04,Pimpri-Chinchwad,18.6298,73.7997,42.6,17.4,50.3,7.8,11.0,71.1,103.7
2024-12-05,Pimpri-Chinchwad,18.6298,73.7997,118.6,18.9,41.8,4.7,0.0,66.3,109.0
2024-12-06,Pimpri-Chinchwad,18.6298,73.7997,120.1,17.1,35.9,5.5,0.0,72.8,106.3
2024-12-07,Pimpri-Chinchwad,18.6298,73.7997,104.8,17.7,34.0,5.5,0.0,54.4,99.6
2024-12-08,Pimpri-Chinchwad,18.6298,73.7997,110.4,18.1,30.5,8.9,0.0,55.4,100.7
2024-12-09,Pimpri-Chinchwad,18.6298,73.7997,104.1,20.1,43.5,1.2,0.0,75.3,105.7
2024-12-10,Pimpri-Chinchwad,18.6298,73.7997,127.0,18.7,29.4,3.5,0.0,82.0,105.2
2024-12-11,Pimpri-Chinchwad,18.6298,73.7997,124.9,18.7,30.8,5.4,0.0,66.0,106.1
2024-12-12,Pimpri-Chinchwad,18.6298,73.7997,127.7,21.6,37.1,3.2,0.0,78.4,105.6
2024-12-13,Pimpri-Chinchwad,18.6298,73.7997,120.2,19.8,24.9,4.8,0.0,61.4,101.9
2024-12-14,Pimpri-Chinchwad,18.6298,73.7997,113.5,19.8,40.4,5.0,0.0,63.0,96.0
2024-12-15,Pimpri-Chinchwad,18.6298,73.7997,107.8,19.1,37.0,3.9,0.0,45.8,100.5
2024-12-16,Pimpri-Chinchwad,18.6298,73.7997,129.5,18.9,38.3,5.3,0.0,86.2,106.8
2024-12-17,Pimpri-Chinchwad,18.6298,73.7997,123.0,17.0,36.5,6.4,0.0,72.1,104.5
2024-12-18,Pimpri-Chinchwad,18.6298,73.7997,124.5,20.9,32.8,4.7,0.0,80.5,108.5
2024-12-19,Pimpri-Chinchwad,18.6298,73.7997,122.8,20.4,28.1,4.2,0.0,79.4,105.3
2024-12-20,Pimpri-Chinchwad,18.6298,73.7997,122.6,19.7,32.6,4.7,0.0,71.8,108.8
2024-12-21,Pimpri-Chinchwad,18.6298,73.7997,111.4,19.8,28.4,5.0,0.0,54.2,104.3
2024-12-22,Pimpri-Chinchwad,18.6298,73.7997,43.7,21.0,50.6,1.5,10.6,46.5,104.0
2024-12-23,Pimpri-Chinchwad,18.6298,73.7997,128.1,18.3,37.1,5.9,0.0,77.9,102.4
2024-12-24,Pimpri-Chinchwad,18.6298,73.7997,59.3,19.6,55.3,4.1,7.9,67.9,105.4
2024-12-25,Pimpri-Chinchwad,18.6298,73.7997,126.8,19.0,34.7,7.5,0.0,69.9,108.5
2024-12-26,Pimpri-Chinchwad,18.6298,73.7997,128.3,22.6,37.4,6.1,0.0,76.7,106.1
2024-12-27,Pimpri-Chinchwad,18.6298,73.7997,128.6,21.6,31.2,7.2,0.0,69.5,106.8
2024-12-28,Pimpri-Chinchwad,18.6298,73.7997,108.3,18.0,30.2,2.9,0.0,54.4,97.9
2024-12-29,Pimpri-Chinchwad,18.6298,73.7997,121.2,18.9,34.9,4.1,0.0,56.5,106.2
2024-12-30,Pimpri-Chinchwad,18.6298,73.7997,117.4,20.7,30.6,2.4,0.0,70.8,103.4
2024-12-31,Pimpri-Chinchwad,18.6298,73.7997,130.1,20.4,33.8,3.4,0.0,71.5,100.4
2022-01-01,Katraj,18.4575,73.8677,86.5,22.5,25.8,2.7,0.0,50.0,20.7
2022-01-02,Katraj,18.4575,73.8677,75.9,20.2,42.1,3.0,0.0,52.5,20.8
2022-01-03,Katraj,18.4575,73.8677,108.2,22.4,33.9,6.1,0.0,62.8,23.5
2022-01-04,Katraj,18.4575,73.8677,120.2,19.6,34.6,6.5,0.0,72.3,25.4
2022-01-05,Katraj,18.4575,73.8677,104.1,22.7,28.8,2.8,0.0,66.0,27.1
2022-01-06,Katraj,18.4575,73.8677,124.2,21.0,35.8,6.1,0.0,64.6,27.8
2022-01-07,Katraj,18.4575,73.8677,113.5,20.4,30.2,3.7,0.0,63.7,28.3
2022-01-08,Katraj,18.4575,73.8677,101.2,21.5,30.7,4.8,0.0,49.1,17.5
2022-01-09,Katraj,18.4575,73.8677,110.2,22.2,35.1,7.6,0.0,52.5,17.9
2022-01-10,Katraj,18.4575,73.8677,125.2,21.3,23.9,6.3,0.0,67.5,24.1
2022-01-11,Katraj,18.4575,73.8677,110.0,22.7,40.0,6.3,0.0,66.4,25.0
2022-01-12,Katraj,18.4575,73.8677,46.0,21.5,47.9,8.5,6.7,59.7,24.2
2022-01-13,Katraj,18.4575,73.8677,91.0,23.0,38.4,3.3,0.0,62.8,23.4
2022-01-14,Katraj,18.4575,73.8677,96.9,22.9,26.6,2.7,0.0,64.3,24.0
2022-01-15,Katraj,18.4575,73.8677,94.6,22.4,27.4,3.3,0.0,52.7,22.0
2022-01-16,Katraj,18.4575,73.8677,98.8,22.1,26.2,4.2,0.0,53.7,17.5
2022-01-17,Katraj,18.4575,73.8677,87.5,22.9,33.3,1.2,0.0,70.6,30.7
2022-01-18,Katraj,18.4575,73.8677,94.8,23.5,32.3,4.3,0.0,66.6,24.9
2022-01-19,Katraj,18.4575,73.8677,96.0,25.5,29.7,3.6,0.0,68.5,27.4
2022-01-20,Katraj,18.4575,73.8677,112.3,24.2,27.0,6.3,0.0,65.8,23.3
2022-01-21,Katraj,18.4575,73.8677,112.7,24.4,25.7,5.4,0.0,57.9,26.2
2022-01-22,Katraj,18.4575,73.8677,87.1,27.1,31.9,3.5,0.0,49.3,21.1
2022-01-23,Katraj,18.4575,73.8677,106.7,24.1,29.8,5.9,0.0,48.5,22.9
2022-01-24,Katraj,18.4575,73.8677,110.5,24.2,28.8,6.2,0.0,61.4,24.3
2022-01-25,Katraj,18.4575,73.8677,95.2,24.6,40.0,3.2,0.0,63.8,28.7
2022-01-26,Katraj,18.4575,73.8677,90.7,22.7,31.9,3.8,0.0,67.3,21.1
2022-01-27,Katraj,18.4575,73.8677,85.7,23.5,38.7,1.2,0.0,60.9,27.2
2022-01-28,Katraj,18.4575,73.8677,95.0,23.5,29.7,2.6,0.0,63.0,25.1
2022-01-29,Katraj,18.4575,73.8677,79.5,25.0,33.7,3.3,0.0,58.1,18.3
2022-01-30,Katraj,18.4575,73.8677,85.7,24.2,32.2,5.0,0.0,42.4,25.7
2022-01-31,Katraj,18.4575,73.8677,90.2,24.7,24.1,3.0,0.0,65.7,29.4
2022-02-01,Katraj,18.4575,73.8677,12.7,25.9,54.8,3.8,15.1,53.2,19.6
2022-02-02,Katraj,18.4575,73.8677,83.5,25.8,32.0,2.4,0.0,62.8,25.2
2022-02-03,Katraj,18.4575,73.8677,99.3,24.7,36.5,5.3,0.0,65.6,26.6
2022-02-04,Katraj,18.4575,73.8677,46.0,24.2,44.1,5.8,3.0,60.1,25.9
2022-02-05,Katraj,18.4575,73.8677,93.9,26.5,32.1,5.8,0.0,53.3,24.6
2022-02-06,Katraj,18.4575,73.8677,100.6,26.2,28.7,5.0,0.0,57.2,24.1
2022-02-07,Katraj,18.4575,73.8677,92.9,23.5,39.3,1.9,0.0,70.8,25.5
2022-02-08,Katraj,18.4575,73.8677,104.1,25.2,34.8,3.8,0.0,71.7,30.5
2022-02-09,Katraj,18.4575,73.8677,97.9,25.9,35.2,4.3,0.0,59.7,27.1
2022-02-10,Katraj,18.4575,73.8677,91.8,26.7,40.2,4.3,0.0,65.4,23.9
2022-02-11,Katraj,18.4575,73.8677,100.2,27.0,39.3,5.3,0.0,68.9,23.4
2022-02-12,Katraj,18.4575,73.8677,108.5,26.4,37.5,8.0,0.0,54.8,23.9
2022-02-13,Katraj,18.4575,73.8677,109.5,26.9,26.7,6.8,0.0,59.2,18.8
2022-02-14,Katraj,18.4575,73.8677,97.3,26.4,30.4,3.3,0.0,71.9,23.8
2022-02-15,Katraj,18.4575,73.8677,116.9,25.6,29.0,6.6,0.0,71.1,24.2
2022-02-16,Katraj,18.4575,73.8677,109.6,26.2,37.8,6.6,0.0,79.8,25.7
2022-02-17,Katraj,18.4575,73.8677,96.7,26.7,35.1,3.7,0.0,67.1,24.3
2022-02-18,Katraj,18.4575,73.8677,113.6,26.8,27.4,7.1,0.0,65.2,21.5
2022-02-19,Katraj,18.4575,73.8677,100.4,24.7,33.6,5.1,0.0,51.3,23.7
2022-02-20,Katraj,18.4575,73.8677,82.9,26.6,27.2,2.6,0.0,45.8,19.8
2022-02-21,Katraj,18.4575,73.8677,119.8,27.3,34.5,6.4,0.0,66.9,29.8
2022-02-22,Katraj,18.4575,73.8677,116.1,27.0,26.7,6.0,0.0,58.0,25.6
2022-02-23,Katraj,18.4575,73.8677,105.0,27.2,37.7,5.1,0.0,64.0,28.0
2022-02-24,Katraj,18.4575,73.8677,100.2,28.2,37.1,5.5,0.0,66.0,26.4
2022-02-25,Katraj,18.4575,73.8677,89.5,26.4,44.9,4.2,0.0,71.3,28.1
2022-02-26,Katraj,18.4575,73.8677,28.4,25.9,54.7,6.9,9.8,51.0,22.2
2022-02-27,Katraj,18.4575,73.8677,88.5,27.5,33.5,5.6,0.0,45.6,21.4
2022-02-28,Katraj,18.4575,73.8677,99.6,29.0,39.9,6.1,0.0,77.0,27.5
2022-03-01,Katraj,18.4575,73.8677,108.3,30.2,29.0,6.5,0.0,67.3,31.0
2022-03-02,Katraj,18.4575,73.8677,89.0,29.2,31.3,3.5,0.0,67.8,24.1
2022-03-03,Katraj,18.4575,73.8677,88.4,26.7,37.9,4.1,0.0,58.5,26.8
2022-03-04,Katraj,18.4575,73.8677,73.1,28.3,25.6,1.5,0.0,63.5,24.8
2022-03-05,Katraj,18.4575,73.8677,96.2,29.0,36.4,7.1,0.0,55.6,22.1
2022-03-06,Katraj,18.4575,73.8677,80.8,29.0,31.6,3.6,0.0,51.2,20.9
2022-03-07,Katraj,18.4575,73.8677,99.8,29.5,37.4,6.3,0.0,67.1,19.4
2022-03-08,Katraj,18.4575,73.8677,107.5,27.9,31.7,6.9,0.0,67.7,24.3
2022-03-09,Katraj,18.4575,73.8677,97.5,29.2,39.3,7.4,0.0,59.4,27.3
2022-03-10,Katraj,18.4575,73.8677,82.9,29.7,37.5,3.8,0.0,66.1,22.9
2022-03-11,Katraj,18.4575,73.8677,99.1,30.3,44.5,6.1,0.0,73.6,27.1
2022-03-12,Katraj,18.4575,73.8677,99.4,28.5,37.7,9.6,0.0,55.8,21.3
2022-03-13,Katraj,18.4575,73.8677,100.8,29.1,34.0,9.8,0.0,49.8,20.3
2022-03-14,Katraj,18.4575,73.8677,101.0,26.4,36.8,8.4,0.0,74.4,27.1
2022-03-15,Katraj,18.4575,73.8677,84.4,29.0,31.5,7.1,0.0,60.3,26.5
2022-03-16,Katraj,18.4575,73.8677,67.3,29.3,40.4,4.5,0.0,61.7,25.9
2022-03-17,Katraj,18.4575,73.8677,88.6,28.8,41.5,8.0,0.0,75.9,27.3
2022-03-18,Katraj,18.4575,73.8677,79.9,30.3,51.0,6.2,0.0,69.5,25.3
2022-03-19,Katraj,18.4575,73.8677,83.0,30.1,35.7,7.7,0.0,49.0,16.7
2022-03-20,Katraj,18.4575,73.8677,79.1,27.6,37.6,5.4,0.0,50.1,19.9
2022-03-21,Katraj,18.4575,73.8677,86.7,30.6,36.3,6.3,0.0,62.6,20.3
2022-03-22,Katraj,18.4575,73.8677,84.2,29.4,40.4,7.1,0.0,68.0,26.4
2022-03-23,Katraj,18.4575,73.8677,86.2,31.2,41.4,7.3,0.0,67.6,27.0
2022-03-24,Katraj,18.4575,73.8677,87.4,29.1,39.3,7.8,0.0,66.7,27.2
2022-03-25,Katraj,18.4575,73.8677,72.2,30.8,45.2,5.7,0.0,60.8,26.0
2022-03-26,Katraj,18.4575,73.8677,68.5,30.5,36.8,4.2,0.0,51.7,23.2
2022-03-27,Katraj,18.4575,73.8677,24.0,31.3,60.0,10.2,6.6,44.5,16.9
2022-03-28,Katraj,18.4575,73.8677,83.8,31.2,42.9,12.0,0.0,61.7,24.5
2022-03-29,Katraj,18.4575,73.8677,79.9,30.8,40.3,7.9,0.0,72.9,21.3
2022-03-30,Katraj,18.4575,73.8677,79.9,29.4,38.9,4.4,0.0,77.4,23.9
2022-03-31,Katraj,18.4575,73.8677,82.2,29.5,52.8,5.6,0.0,76.3,28.8
2022-04-01,Katraj,18.4575,73.8677,89.7,30.7,36.7,8.2,0.0,69.9,27.5
2022-04-02,Katraj,18.4575,73.8677,78.9,31.4,42.4,9.9,0.0,49.1,22.5
2022-04-03,Katraj,18.4575,73.8677,59.7,30.8,37.3,4.8,0.0,50.0,20.3
2022-04-04,Katraj,18.4575,73.8677,75.5,32.4,50.1,7.0,0.0,68.6,22.3
2022-04-05,Katraj,18.4575,73.8677,80.4,31.3,45.7,7.7,0.0,64.5,25.3
2022-04-06,Katraj,18.4575,73.8677,90.5,30.6,38.0,9.0,0.0,73.2,27.6
2022-04-07,Katraj,18.4575,73.8677,62.5,31.5,44.1,6.7,0.0,56.4,25.8
2022-04-08,Katraj,18.4575,73.8677,60.5,32.2,42.9,4.2,0.0,65.1,20.8
2022-04-09,Katraj,18.4575,73.8677,69.3,32.3,39.1,8.6,0.0,54.4,21.1
2022-04-10,Katraj,18.4575,73.8677,67.3,34.3,45.6,9.7,0.0,46.2,16.0
2022-04-11,Katraj,18.4575,73.8677,69.5,31.3,43.9,7.3,0.0,65.4,26.8
2022-04-12,Katraj,18.4575,73.8677,71.2,32.1,43.1,8.3,0.0,69.6,23.1
2022-04-13,Katraj,18.4575,73.8677,72.7,32.7,41.9,6.5,0.0,74.2,21.7
2022-04-14,Katraj,18.4575,73.8677,62.3,32.2,44.3,5.8,0.0,60.1,26.8
2022-04-15,Katraj,18.4575,73.8677,67.6,31.7,43.4,9.6,0.0,59.8,26.2
2022-04-16,Katraj,18.4575,73.8677,62.7,30.5,42.6,8.3,0.0,45.7,21.4
2022-04-17,Katraj,18.4575,73.8677,71.8,31.8,39.1,8.5,0.0,42.7,26.3
2022-04-18,Katraj,18.4575,73.8677,74.8,31.2,50.8,10.5,0.0,59.3,26.4
2022-04-19,Katraj,18.4575,73.8677,74.8,30.4,37.2,5.4,0.0,61.7,23.2
2022-04-20,Katraj,18.4575,73.8677,75.3,31.6,44.6,6.4,0.0,72.8,26.1
2022-04-21,Katraj,18.4575,73.8677,81.3,31.3,40.9,7.9,0.0,65.0,24.1
2022-04-22,Katraj,18.4575,73.8677,63.6,33.3,51.3,6.4,0.0,66.8,28.0
2022-04-23,Katraj,18.4575,73.8677,76.5,33.4,38.1,9.1,0.0,45.6,21.5
2022-04-24,Katraj,18.4575,73.8677,80.9,31.6,38.9,7.2,0.0,53.6,21.7
2022-04-25,Katraj,18.4575,73.8677,81.1,32.4,37.8,5.6,0.0,76.0,21.2
2022-04-26,Katraj,18.4575,73.8677,78.7,30.6,44.3,7.7,0.0,62.2,25.0
2022-04-27,Katraj,18.4575,73.8677,83.0,32.2,35.9,7.9,0.0,75.2,24.7
2022-04-28,Katraj,18.4575,73.8677,77.3,33.3,40.5,9.5,0.0,68.4,22.2
2022-04-29,Katraj,18.4575,73.8677,75.7,33.9,32.2,8.4,0.0,66.7,24.2
2022-04-30,Katraj,18.4575,73.8677,26.5,32.0,59.2,8.5,3.8,50.5,21.9
2022-05-01,Katraj,18.4575,73.8677,8.0,34.2,55.6,8.3,34.1,35.3,20.8
2022-05-02,Katraj,18.4575,73.8677,77.4,31.1,35.7,7.3,0.0,75.9,21.3
2022-05-03,Katraj,18.4575,73.8677,75.9,31.4,48.7,6.2,0.0,69.2,24.1
2022-05-04,Katraj,18.4575,73.8677,10.9,33.8,51.8,8.2,32.7,52.9,23.6
2022-05-05,Katraj,18.4575,73.8677,63.3,35.0,47.5,7.0,0.0,64.5,25.3
2022-05-06,Katraj,18.4575,73.8677,83.3,33.6,40.1,11.1,0.0,70.8,25.0
2022-05-07,Katraj,18.4575,73.8677,59.2,32.9,51.7,10.4,0.0,45.6,19.8
2022-05-08,Katraj,18.4575,73.8677,59.3,30.4,47.6,9.0,0.0,50.9,19.7
2022-05-09,Katraj,18.4575,73.8677,75.8,30.6,38.9,8.5,0.0,81.0,25.0
2022-05-10,Katraj,18.4575,73.8677,16.3,33.2,54.5,7.6,12.6,47.8,27.2
2022-05-11,Katraj,18.4575,73.8677,57.2,32.6,47.3,5.2,0.0,67.8,25.5
2022-05-12,Katraj,18.4575,73.8677,62.3,31.7,43.1,7.3,0.0,68.0,28.4
2022-05-13,Katraj,18.4575,73.8677,58.0,33.1,43.7,8.0,0.0,65.5,27.6
2022-05-14,Katraj,18.4575,73.8677,56.0,33.1,51.1,8.3,0.0,49.4,24.5
2022-05-15,Katraj,18.4575,73.8677,69.0,34.1,41.2,8.8,0.0,50.9,24.2
2022-05-16,Katraj,18.4575,73.8677,66.4,33.1,45.6,9.7,0.0,65.3,28.7
2022-05-17,Katraj,18.4575,73.8677,64.6,34.4,50.1,6.5,0.0,67.7,21.9
2022-05-18,Katraj,18.4575,73.8677,68.0,32.9,49.6,6.5,0.0,64.2,26.4
2022-05-19,Katraj,18.4575,73.8677,74.6,32.8,45.0,10.8,0.0,76.7,27.8
2022-05-20,Katraj,18.4575,73.8677,60.9,34.2,44.6,9.5,0.0,65.3,28.3
2022-05-21,Katraj,18.4575,73.8677,53.1,31.7,37.6,7.2,0.0,53.2,18.9
2022-05-22,Katraj,18.4575,73.8677,52.6,36.2,41.3,7.8,0.0,47.1,22.4
2022-05-23,Katraj,18.4575,73.8677,67.1,33.3,48.4,7.8,0.0,71.3,25.0
2022-05-24,Katraj,18.4575,73.8677,67.9,33.2,46.4,8.1,0.0,70.3,29.4
2022-05-25,Katraj,18.4575,73.8677,61.2,33.4,47.8,9.1,0.0,68.7,21.3
2022-05-26,Katraj,18.4575,73.8677,61.7,35.0,52.9,13.2,0.0,61.5,22.9
2022-05-27,Katraj,18.4575,73.8677,58.3,33.6,42.1,8.6,0.0,62.8,20.3
2022-05-28,Katraj,18.4575,73.8677,60.8,30.7,47.2,9.5,0.0,58.8,21.2
2022-05-29,Katraj,18.4575,73.8677,46.3,34.3,49.7,4.9,0.0,46.6,26.5
2022-05-30,Katraj,18.4575,73.8677,56.7,32.2,45.6,7.3,0.0,69.8,24.7
2022-05-31,Katraj,18.4575,73.8677,56.5,32.6,56.7,10.8,0.0,61.9,25.1
2022-06-01,Katraj,18.4575,73.8677,40.2,30.9,69.5,9.2,1.7,70.8,26.2
2022-06-02,Katraj,18.4575,73.8677,61.9,33.1,51.8,1.2,0.0,63.2,24.5
2022-06-03,Katraj,18.4575,73.8677,60.1,31.6,59.7,9.8,0.0,61.8,25.7
2022-06-04,Katraj,18.4575,73.8677,13.9,32.4,58.7,12.4,8.9,42.4,21.8
2022-06-05,Katraj,18.4575,73.8677,49.9,31.9,51.6,4.6,0.0,47.6,18.7
2022-06-06,Katraj,18.4575,73.8677,18.7,34.5,69.0,11.7,13.9,61.7,24.6
2022-06-07,Katraj,18.4575,73.8677,8.0,34.5,63.0,3.2,19.9,57.0,26.7
2022-06-08,Katraj,18.4575,73.8677,54.5,32.1,54.6,10.6,0.0,61.1,27.1
2022-06-09,Katraj,18.4575,73.8677,8.0,32.1,63.1,8.8,16.2,58.4,28.0
2022-06-10,Katraj,18.4575,73.8677,38.4,31.5,57.6,4.2,0.0,60.9,25.6
2022-06-11,Katraj,18.4575,73.8677,37.3,33.2,60.0,9.8,0.0,53.6,21.7
2022-06-12,Katraj,18.4575,73.8677,8.0,31.4,71.6,11.3,15.8,46.7,22.7
2022-06-13,Katraj,18.4575,73.8677,53.3,31.2,46.6,9.8,0.0,66.5,23.3
2022-06-14,Katraj,18.4575,73.8677,57.9,32.9,51.6,10.3,0.0,68.0,23.2
2022-06-15,Katraj,18.4575,73.8677,56.1,31.0,59.8,8.4,0.0,75.4,24.5
2022-06-16,Katraj,18.4575,73.8677,55.0,31.5,57.7,5.5,0.0,65.8,21.6
2022-06-17,Katraj,18.4575,73.8677,61.9,29.6,44.8,10.7,0.0,61.9,25.8
2022-06-18,Katraj,18.4575,73.8677,44.1,32.2,65.1,12.9,0.0,53.3,23.4
2022-06-19,Katraj,18.4575,73.8677,16.3,33.6,75.2,11.7,4.0,42.7,19.0
2022-06-20,Katraj,18.4575,73.8677,51.4,32.1,56.1,5.6,0.0,65.5,25.9
2022-06-21,Katraj,18.4575,73.8677,51.2,32.9,65.8,6.6,0.0,63.6,23.2
2022-06-22,Katraj,18.4575,73.8677,51.0,30.0,58.1,8.0,0.0,63.1,22.3
2022-06-23,Katraj,18.4575,73.8677,46.2,31.2,58.7,6.6,0.0,65.3,29.9
2022-06-24,Katraj,18.4575,73.8677,46.5,29.7,64.6,9.9,0.0,71.1,22.3
2022-06-25,Katraj,18.4575,73.8677,40.4,30.5,72.4,10.7,0.0,55.9,17.6
2022-06-26,Katraj,18.4575,73.8677,45.5,31.6,72.3,7.1,0.0,55.0,21.3
2022-06-27,Katraj,18.4575,73.8677,9.5,30.7,81.7,11.6,16.4,60.1,25.5
2022-06-28,Katraj,18.4575,73.8677,8.0,28.8,82.9,11.4,16.1,57.3,26.5
2022-06-29,Katraj,18.4575,73.8677,41.4,28.8,70.2,9.1,0.0,54.8,29.8
2022-06-30,Katraj,18.4575,73.8677,43.9,28.6,60.7,10.0,0.0,68.4,22.9
2022-07-01,Katraj,18.4575,73.8677,35.0,30.8,70.9,6.5,0.0,55.2,23.4
2022-07-02,Katraj,18.4575,73.8677,13.1,32.6,79.7,9.8,12.2,34.7,24.8
2022-07-03,Katraj,18.4575,73.8677,13.5,31.6,85.6,10.6,3.8,47.7,23.1
2022-07-04,Katraj,18.4575,73.8677,46.3,27.6,68.6,11.0,0.0,67.9,26.8
2022-07-05,Katraj,18.4575,73.8677,37.1,31.5,72.9,11.5,0.0,64.3,23.3
2022-07-06,Katraj,18.4575,73.8677,43.0,30.8,71.6,11.3,0.0,74.3,27.6
2022-07-07,Katraj,18.4575,73.8677,45.6,27.7,56.3,10.3,0.0,68.9,26.8
2022-07-08,Katraj,18.4575,73.8677,37.2,29.1,73.2,11.5,0.0,65.4,25.3
2022-07-09,Katraj,18.4575,73.8677,30.2,30.7,76.2,13.0,0.0,57.3,19.3
2022-07-10,Katraj,18.4575,73.8677,35.3,29.9,75.8,10.9,0.0,58.2,21.1
2022-07-11,Katraj,18.4575,73.8677,15.5,27.5,88.7,11.8,6.5,65.9,28.9
2022-07-12,Katraj,18.4575,73.8677,26.6,29.7,83.0,10.8,0.0,62.7,22.1
2022-07-13,Katraj,18.4575,73.8677,25.3,26.3,92.0,10.0,3.1,62.3,22.8
2022-07-14,Katraj,18.4575,73.8677,18.1,28.5,93.2,12.4,4.9,56.9,23.2
2022-07-15,Katraj,18.4575,73.8677,8.2,30.0,96.7,10.3,13.4,59.7,23.8
2022-07-16,Katraj,18.4575,73.8677,18.0,28.6,78.9,12.2,0.0,45.1,20.8
2022-07-17,Katraj,18.4575,73.8677,32.1,27.8,73.1,11.6,0.0,48.8,23.2
2022-07-18,Katraj,18.4575,73.8677,10.3,29.4,80.8,10.9,10.3,62.7,26.0
2022-07-19,Katraj,18.4575,73.8677,18.1,29.4,91.1,10.9,11.0,51.2,25.0
2022-07-20,Katraj,18.4575,73.8677,21.4,29.6,97.7,10.6,5.3,57.6,25.5
2022-07-21,Katraj,18.4575,73.8677,35.4,29.0,77.6,8.4,0.0,64.1,26.4
2022-07-22,Katraj,18.4575,73.8677,28.4,29.1,83.7,12.5,0.0,66.3,20.6
2022-07-23,Katraj,18.4575,73.8677,21.7,28.6,95.8,12.2,7.6,44.1,23.5
2022-07-24,Katraj,18.4575,73.8677,8.0,27.9,98.0,13.5,16.2,40.9,18.7
2022-07-25,Katraj,18.4575,73.8677,15.4,27.6,94.2,10.8,3.0,61.6,23.7
2022-07-26,Katraj,18.4575,73.8677,12.2,27.0,83.3,15.7,0.7,59.0,25.7
2022-07-27,Katraj,18.4575,73.8677,22.8,25.7,83.7,11.2,0.0,63.9,24.6
2022-07-28,Katraj,18.4575,73.8677,23.6,25.9,88.9,10.2,0.0,65.5,26.0
2022-07-29,Katraj,18.4575,73.8677,8.0,26.6,88.1,10.0,21.7,54.2,25.2
2022-07-30,Katraj,18.4575,73.8677,13.1,27.1,94.4,8.5,5.0,48.5,20.1
2022-07-31,Katraj,18.4575,73.8677,8.0,28.4,98.0,15.0,8.7,48.2,24.6
2022-08-01,Katraj,18.4575,73.8677,8.0,26.5,98.0,14.7,10.0,65.0,26.6
2022-08-02,Katraj,18.4575,73.8677,8.9,27.6,98.0,13.2,5.8,60.5,25.6
2022-08-03,Katraj,18.4575,73.8677,15.9,27.6,95.5,10.2,4.5,56.5,26.5
2022-08-04,Katraj,18.4575,73.8677,19.6,25.9,85.8,15.6,0.0,73.0,23.0
2022-08-05,Katraj,18.4575,73.8677,24.1,26.8,98.0,11.3,2.7,67.2,30.2
2022-08-06,Katraj,18.4575,73.8677,22.3,25.6,95.1,11.4,3.9,43.7,18.1
2022-08-07,Katraj,18.4575,73.8677,17.6,27.4,98.0,14.8,8.5,47.6,21.1
2022-08-08,Katraj,18.4575,73.8677,15.2,26.4,98.0,13.3,17.2,63.3,24.1
2022-08-09,Katraj,18.4575,73.8677,25.9,24.1,90.9,16.3,0.0,75.2,24.0
2022-08-10,Katraj,18.4575,73.8677,21.4,25.6,98.0,12.4,5.5,65.1,23.7
2022-08-11,Katraj,18.4575,73.8677,39.4,27.3,81.2,11.1,0.0,71.9,22.9
2022-08-12,Katraj,18.4575,73.8677,37.9,24.9,80.4,10.6,0.0,60.6,27.8
2022-08-13,Katraj,18.4575,73.8677,16.1,25.6,98.0,8.1,7.2,46.6,17.8
2022-08-14,Katraj,18.4575,73.8677,8.0,25.5,94.5,11.2,18.7,39.4,23.3
2022-08-15,Katraj,18.4575,73.8677,29.0,23.5,80.7,14.0,0.0,68.3,26.4
2022-08-16,Katraj,18.4575,73.8677,17.0,25.2,89.0,12.9,8.5,70.4,23.8
2022-08-17,Katraj,18.4575,73.8677,8.0,22.8,98.0,11.7,30.0,52.8,26.1
2022-08-18,Katraj,18.4575,73.8677,30.5,23.6,72.8,9.6,0.0,61.9,24.4
2022-08-19,Katraj,18.4575,73.8677,34.8,25.5,75.9,12.0,0.0,60.3,22.0
2022-08-20,Katraj,18.4575,73.8677,8.0,24.5,93.0,13.5,11.8,52.7,18.1
2022-08-21,Katraj,18.4575,73.8677,8.0,23.6,98.0,12.3,11.6,47.1,22.4
2022-08-22,Katraj,18.4575,73.8677,9.9,24.4,89.4,11.7,2.1,67.8,26.3
2022-08-23,Katraj,18.4575,73.8677,23.4,23.7,72.6,9.7,0.0,64.9,25.4
2022-08-24,Katraj,18.4575,73.8677,11.5,23.6,87.7,13.0,7.5,64.2,23.8
2022-08-25,Katraj,18.4575,73.8677,12.4,24.3,98.0,4.9,19.1,52.1,24.3
2022-08-26,Katraj,18.4575,73.8677,41.5,22.5,60.2,11.9,0.0,68.5,24.0
2022-08-27,Katraj,18.4575,73.8677,32.0,23.3,68.6,16.2,0.0,44.5,16.4
2022-08-28,Katraj,18.4575,73.8677,29.8,22.7,86.6,8.0,0.0,48.6,21.0
2022-08-29,Katraj,18.4575,73.8677,8.0,21.1,90.3,10.4,18.7,54.1,26.1
2022-08-30,Katraj,18.4575,73.8677,18.4,21.8,81.2,10.8,9.4,45.6,25.0
2022-08-31,Katraj,18.4575,73.8677,48.5,24.6,70.8,9.8,0.0,64.9,29.2
2022-09-01,Katraj,18.4575,73.8677,43.5,23.1,70.7,12.8,0.0,62.1,22.3
2022-09-02,Katraj,18.4575,73.8677,37.0,20.9,73.9,11.6,0.0,65.5,23.1
2022-09-03,Katraj,18.4575,73.8677,31.4,20.6,78.2,10.8,0.0,50.4,21.1
2022-09-04,Katraj,18.4575,73.8677,13.2,22.1,85.3,12.1,4.6,56.9,21.4
2022-09-05,Katraj,18.4575,73.8677,8.0,24.0,79.9,10.4,14.2,61.0,20.0
2022-09-06,Katraj,18.4575,73.8677,8.0,21.8,85.9,16.7,18.9,58.8,26.3
2022-09-07,Katraj,18.4575,73.8677,15.0,23.5,77.8,10.5,7.5,65.3,25.4
2022-09-08,Katraj,18.4575,73.8677,8.9,22.2,75.4,10.5,7.4,67.3,19.5
2022-09-09,Katraj,18.4575,73.8677,52.3,22.3,56.1,6.7,0.0,68.9,24.5
2022-09-10,Katraj,18.4575,73.8677,27.9,20.0,71.4,8.9,1.3,51.2,18.8
2022-09-11,Katraj,18.4575,73.8677,9.3,22.6,74.0,12.2,22.1,42.9,19.7
2022-09-12,Katraj,18.4575,73.8677,45.7,21.0,56.9,7.2,0.0,54.5,21.5
2022-09-13,Katraj,18.4575,73.8677,8.0,22.3,78.7,5.5,37.6,58.3,25.8
2022-09-14,Katraj,18.4575,73.8677,17.1,20.2,70.5,9.8,6.0,71.5,29.2
2022-09-15,Katraj,18.4575,73.8677,53.4,21.3,45.1,12.4,0.0,67.7,25.5
2022-09-16,Katraj,18.4575,73.8677,50.2,21.4,54.9,9.6,0.0,59.5,19.4
2022-09-17,Katraj,18.4575,73.8677,52.8,20.7,57.1,8.8,0.0,56.5,21.5
2022-09-18,Katraj,18.4575,73.8677,50.2,21.2,55.8,5.7,0.0,46.9,20.3
2022-09-19,Katraj,18.4575,73.8677,17.5,20.3,80.8,10.2,16.9,60.8,22.0
2022-09-20,Katraj,18.4575,73.8677,66.7,19.8,54.6,10.6,0.0,60.2,25.7
2022-09-21,Katraj,18.4575,73.8677,63.2,22.4,61.4,5.6,0.0,77.7,27.0
2022-09-22,Katraj,18.4575,73.8677,64.2,21.6,56.3,11.4,0.0,59.4,23.1
2022-09-23,Katraj,18.4575,73.8677,64.2,19.4,55.6,10.6,0.0,66.9,20.7
2022-09-24,Katraj,18.4575,73.8677,48.0,20.9,51.1,11.3,0.0,39.8,15.8
2022-09-25,Katraj,18.4575,73.8677,49.4,19.2,54.4,10.1,0.0,50.2,19.1
2022-09-26,Katraj,18.4575,73.8677,53.6,18.6,50.3,10.2,0.0,64.5,24.4
2022-09-27,Katraj,18.4575,73.8677,28.0,21.2,69.5,9.9,2.2,71.2,23.5
2022-09-28,Katraj,18.4575,73.8677,54.1,17.8,51.9,10.5,0.0,64.5,23.1
2022-09-29,Katraj,18.4575,73.8677,57.8,20.9,47.9,5.1,0.0,72.3,26.2
2022-09-30,Katraj,18.4575,73.8677,57.2,19.4,57.1,5.6,0.0,61.5,26.0
2022-10-01,Katraj,18.4575,73.8677,59.7,19.3,53.8,7.1,0.0,49.0,21.3
2022-10-02,Katraj,18.4575,73.8677,30.4,20.0,64.0,8.3,7.7,45.2,22.8
2022-10-03,Katraj,18.4575,73.8677,61.7,20.1,51.5,9.3,0.0,69.1,23.2
2022-10-04,Katraj,18.4575,73.8677,56.8,18.4,49.9,9.1,0.0,68.4,22.1
2022-10-05,Katraj,18.4575,73.8677,76.9,20.1,45.6,10.6,0.0,70.2,23.5
2022-10-06,Katraj,18.4575,73.8677,75.0,19.3,49.9,10.6,0.0,67.9,23.3
2022-10-07,Katraj,18.4575,73.8677,69.2,17.6,46.0,6.6,0.0,69.9,19.7
2022-10-08,Katraj,18.4575,73.8677,64.0,18.9,44.0,8.7,0.0,45.9,19.4
2022-10-09,Katraj,18.4575,73.8677,62.7,20.7,40.3,6.5,0.0,52.3,23.6
2022-10-10,Katraj,18.4575,73.8677,60.1,21.0,46.3,7.8,0.0,74.6,26.8
2022-10-11,Katraj,18.4575,73.8677,53.8,19.7,50.6,8.8,0.0,58.2,26.1
2022-10-12,Katraj,18.4575,73.8677,47.5,17.4,43.9,1.3,0.0,69.0,25.1
2022-10-13,Katraj,18.4575,73.8677,56.3,19.4,59.7,12.9,0.0,70.0,28.4
2022-10-14,Katraj,18.4575,73.8677,59.4,19.7,51.2,9.2,0.0,73.9,22.1
2022-10-15,Katraj,18.4575,73.8677,63.2,19.5,53.1,6.8,0.0,54.0,18.4
2022-10-16,Katraj,18.4575,73.8677,66.8,19.5,50.3,11.8,0.0,50.9,23.6
2022-10-17,Katraj,18.4575,73.8677,65.2,19.0,55.3,7.2,0.0,68.8,24.9
2022-10-18,Katraj,18.4575,73.8677,71.0,18.4,41.8,8.2,0.0,62.9,23.1
2022-10-19,Katraj,18.4575,73.8677,75.7,17.7,32.6,6.9,0.0,64.7,26.2
2022-10-20,Katraj,18.4575,73.8677,20.9,16.1,57.9,11.1,7.7,56.1,23.7
2022-10-21,Katraj,18.4575,73.8677,74.7,18.8,47.7,7.6,0.0,74.0,22.7
2022-10-22,Katraj,18.4575,73.8677,69.3,18.6,45.3,8.0,0.0,52.7,18.6
2022-10-23,Katraj,18.4575,73.8677,23.4,19.0,60.7,10.1,3.4,44.1,21.6
2022-10-24,Katraj,18.4575,73.8677,67.4,16.7,50.6,8.8,0.0,68.0,25.3
2022-10-25,Katraj,18.4575,73.8677,70.7,19.0,45.7,7.5,0.0,72.4,28.6
2022-10-26,Katraj,18.4575,73.8677,72.2,20.7,47.5,9.8,0.0,71.6,24.1
2022-10-27,Katraj,18.4575,73.8677,82.9,18.3,38.6,12.6,0.0,62.0,24.0
2022-10-28,Katraj,18.4575,73.8677,76.4,18.1,37.5,8.1,0.0,50.9,28.4
2022-10-29,Katraj,18.4575,73.8677,69.4,18.5,50.8,7.6,0.0,52.4,23.3
2022-10-30,Katraj,18.4575,73.8677,20.6,20.5,58.0,7.7,11.1,40.4,21.2
2022-10-31,Katraj,18.4575,73.8677,85.3,16.9,39.1,9.9,0.0,69.7,20.9
2022-11-01,Katraj,18.4575,73.8677,67.5,18.3,38.9,6.1,0.0,71.4,22.8
2022-11-02,Katraj,18.4575,73.8677,76.5,17.1,38.5,6.7,0.0,72.2,22.2
2022-11-03,Katraj,18.4575,73.8677,18.5,17.4,53.0,4.1,15.6,67.5,24.9
2022-11-04,Katraj,18.4575,73.8677,72.1,18.0,34.9,4.7,0.0,72.8,23.5
2022-11-05,Katraj,18.4575,73.8677,75.5,19.6,33.6,6.0,0.0,59.1,24.8
2022-11-06,Katraj,18.4575,73.8677,76.2,20.2,39.9,6.9,0.0,57.3,16.9
2022-11-07,Katraj,18.4575,73.8677,98.7,18.5,37.7,10.5,0.0,73.9,21.9
2022-11-08,Katraj,18.4575,73.8677,86.7,17.5,46.0,8.0,0.0,66.4,25.4
2022-11-09,Katraj,18.4575,73.8677,78.7,21.0,41.7,5.0,0.0,60.2,26.1
2022-11-10,Katraj,18.4575,73.8677,87.7,17.5,41.3,5.4,0.0,79.0,18.3
2022-11-11,Katraj,18.4575,73.8677,94.9,17.3,36.1,9.5,0.0,66.9,20.5
2022-11-12,Katraj,18.4575,73.8677,89.0,15.9,39.0,9.0,0.0,56.5,20.1
2022-11-13,Katraj,18.4575,73.8677,26.6,19.7,56.2,6.7,6.8,44.3,24.2
2022-11-14,Katraj,18.4575,73.8677,88.5,19.2,42.8,5.7,0.0,71.4,29.5
2022-11-15,Katraj,18.4575,73.8677,83.3,20.9,38.5,8.8,0.0,54.4,23.8
2022-11-16,Katraj,18.4575,73.8677,77.4,16.4,44.2,4.5,0.0,64.5,24.4
2022-11-17,Katraj,18.4575,73.8677,31.3,19.8,53.6,7.3,7.4,62.4,22.7
2022-11-18,Katraj,18.4575,73.8677,103.7,18.2,42.4,11.0,0.0,68.9,26.4
2022-11-19,Katraj,18.4575,73.8677,86.1,19.1,35.7,6.8,0.0,55.8,24.6
2022-11-20,Katraj,18.4575,73.8677,77.6,16.2,28.9,4.8,0.0,44.9,23.9
2022-11-21,Katraj,18.4575,73.8677,93.4,19.9,39.2,7.1,0.0,69.9,24.7
2022-11-22,Katraj,18.4575,73.8677,89.2,19.1,41.3,5.3,0.0,72.7,22.7
2022-11-23,Katraj,18.4575,73.8677,80.8,18.2,40.3,3.4,0.0,78.3,24.8
2022-11-24,Katraj,18.4575,73.8677,98.7,19.0,39.4,7.5,0.0,70.1,28.3
2022-11-25,Katraj,18.4575,73.8677,92.4,17.4,35.4,8.3,0.0,64.3,23.8
2022-11-26,Katraj,18.4575,73.8677,71.7,17.6,32.9,5.4,0.0,44.0,16.3
2022-11-27,Katraj,18.4575,73.8677,72.4,17.8,39.5,5.2,0.0,59.5,19.9
2022-11-28,Katraj,18.4575,73.8677,83.0,16.2,38.7,4.0,0.0,70.3,24.1
2022-11-29,Katraj,18.4575,73.8677,92.9,19.5,33.6,5.6,0.0,66.5,20.2
2022-11-30,Katraj,18.4575,73.8677,86.3,19.9,41.8,4.7,0.0,58.5,25.4
2022-12-01,Katraj,18.4575,73.8677,94.5,17.7,31.7,3.8,0.0,61.9,26.1
2022-12-02,Katraj,18.4575,73.8677,119.9,19.0,33.0,9.6,0.0,69.8,29.4
2022-12-03,Katraj,18.4575,73.8677,91.7,18.3,43.9,6.7,0.0,52.2,17.5
2022-12-04,Katraj,18.4575,73.8677,90.5,19.1,39.9,6.8,0.0,40.7,22.6
2022-12-05,Katraj,18.4575,73.8677,110.9,18.0,33.6,7.4,0.0,69.8,27.2
2022-12-06,Katraj,18.4575,73.8677,108.2,17.8,36.7,7.1,0.0,58.8,26.1
2022-12-07,Katraj,18.4575,73.8677,59.5,20.1,50.9,4.7,5.3,70.7,22.3
2022-12-08,Katraj,18.4575,73.8677,116.3,18.9,21.3,6.1,0.0,67.6,22.1
2022-12-09,Katraj,18.4575,73.8677,106.6,21.4,30.3,4.9,0.0,64.3,25.0
2022-12-10,Katraj,18.4575,73.8677,104.5,19.1,34.4,6.3,0.0,55.4,21.0
2022-12-11,Katraj,18.4575,73.8677,101.9,18.0,32.8,6.1,0.0,52.2,19.4
2022-12-12,Katraj,18.4575,73.8677,106.2,20.7,35.7,4.6,0.0,73.2,28.0
2022-12-13,Katraj,18.4575,73.8677,87.6,20.0,39.9,2.7,0.0,67.0,23.8
2022-12-14,Katraj,18.4575,73.8677,88.1,20.2,32.6,5.6,0.0,67.3,20.1
2022-12-15,Katraj,18.4575,73.8677,99.9,20.9,28.7,4.9,0.0,65.2,24.2
2022-12-16,Katraj,18.4575,73.8677,78.6,18.7,35.5,1.5,0.0,67.9,26.0
2022-12-17,Katraj,18.4575,73.8677,100.9,19.4,32.2,6.2,0.0,58.9,21.7
2022-12-18,Katraj,18.4575,73.8677,100.5,19.5,32.9,7.1,0.0,47.9,21.6
2022-12-19,Katraj,18.4575,73.8677,126.9,18.2,32.1,10.2,0.0,69.8,28.5
2022-12-20,Katraj,18.4575,73.8677,89.7,19.5,44.7,4.3,0.0,62.2,22.0
2022-12-21,Katraj,18.4575,73.8677,96.5,21.5,22.1,4.0,0.0,56.3,23.7
2022-12-22,Katraj,18.4575,73.8677,91.4,20.3,31.3,2.8,0.0,67.6,28.7
2022-12-23,Katraj,18.4575,73.8677,105.2,18.5,33.1,5.4,0.0,68.5,19.9
2022-12-24,Katraj,18.4575,73.8677,98.9,18.3,29.1,5.4,0.0,49.8,20.7
2022-12-25,Katraj,18.4575,73.8677,85.7,22.3,37.5,3.3,0.0,42.9,23.9
2022-12-26,Katraj,18.4575,73.8677,100.8,20.3,36.9,4.6,0.0,68.1,27.8
2022-12-27,Katraj,18.4575,73.8677,80.0,19.7,32.6,1.2,0.0,67.9,26.5
2022-12-28,Katraj,18.4575,73.8677,116.1,20.2,31.4,6.8,0.0,62.2,26.5
2022-12-29,Katraj,18.4575,73.8677,90.7,18.9,32.1,3.3,0.0,59.8,22.2
2022-12-30,Katraj,18.4575,73.8677,102.2,22.5,32.0,4.8,0.0,65.3,28.2
2022-12-31,Katraj,18.4575,73.8677,74.2,20.4,32.1,2.0,0.0,53.7,17.8
2023-01-01,Katraj,18.4575,73.8677,86.7,22.6,31.5,3.7,0.0,52.5,17.9
2023-01-02,Katraj,18.4575,73.8677,99.2,21.1,33.6,4.2,0.0,62.2,25.8
2023-01-03,Katraj,18.4575,73.8677,103.3,22.9,36.1,4.8,0.0,67.3,23.6
2023-01-04,Katraj,18.4575,73.8677,114.0,21.6,26.1,5.7,0.0,71.0,25.3
2023-01-05,Katraj,18.4575,73.8677,125.8,22.4,27.0,7.6,0.0,60.7,25.9
2023-01-06,Katraj,18.4575,73.8677,130.7,22.4,23.4,6.2,0.0,66.9,29.2
2023-01-07,Katraj,18.4575,73.8677,105.5,22.3,36.5,6.7,0.0,57.1,21.9
2023-01-08,Katraj,18.4575,73.8677,100.2,22.1,33.4,7.6,0.0,44.0,19.3
2023-01-09,Katraj,18.4575,73.8677,116.1,21.5,34.6,5.9,0.0,72.4,26.5
2023-01-10,Katraj,18.4575,73.8677,122.0,24.2,24.9,4.6,0.0,74.7,22.7
2023-01-11,Katraj,18.4575,73.8677,108.8,21.0,41.0,6.7,0.0,65.5,27.1
2023-01-12,Katraj,18.4575,73.8677,123.0,22.2,29.0,6.9,0.0,64.9,25.0
2023-01-13,Katraj,18.4575,73.8677,126.9,22.3,32.8,6.0,0.0,71.8,25.8
2023-01-14,Katraj,18.4575,73.8677,77.6,22.9,36.3,1.8,0.0,49.5,16.3
2023-01-15,Katraj,18.4575,73.8677,88.6,22.0,27.1,3.0,0.0,38.6,15.2
2023-01-16,Katraj,18.4575,73.8677,109.4,23.0,29.3,4.2,0.0,66.1,21.0
2023-01-17,Katraj,18.4575,73.8677,124.6,22.6,32.9,6.3,0.0,69.0,29.2
2023-01-18,Katraj,18.4575,73.8677,101.7,21.0,46.3,4.7,0.0,70.3,21.9
2023-01-19,Katraj,18.4575,73.8677,123.5,23.0,33.5,7.0,0.0,62.2,26.6
2023-01-20,Katraj,18.4575,73.8677,122.7,21.8,40.1,7.3,0.0,65.3,23.2
2023-01-21,Katraj,18.4575,73.8677,122.0,21.2,38.1,7.1,0.0,55.3,20.2
2023-01-22,Katraj,18.4575,73.8677,124.7,23.5,33.9,7.1,0.0,50.1,20.7
2023-01-23,Katraj,18.4575,73.8677,103.7,24.1,27.2,2.7,0.0,59.0,28.9
2023-01-24,Katraj,18.4575,73.8677,134.2,24.2,37.5,5.7,0.0,72.8,26.3
2023-01-25,Katraj,18.4575,73.8677,122.2,24.4,24.7,3.5,0.0,65.5,25.8
2023-01-26,Katraj,18.4575,73.8677,104.8,21.5,40.3,1.5,0.0,72.1,28.0
2023-01-27,Katraj,18.4575,73.8677,104.1,22.4,33.3,4.2,0.0,59.6,23.2
2023-01-28,Katraj,18.4575,73.8677,119.6,26.5,19.1,7.5,0.0,49.8,23.5
2023-01-29,Katraj,18.4575,73.8677,97.2,23.0,30.7,5.7,0.0,52.9,23.1
2023-01-30,Katraj,18.4575,73.8677,117.0,25.1,35.8,8.9,0.0,66.2,27.0
2023-01-31,Katraj,18.4575,73.8677,107.1,23.7,31.4,5.2,0.0,60.7,24.4
2023-02-01,Katraj,18.4575,73.8677,125.0,24.7,36.2,9.8,0.0,54.7,23.7
2023-02-02,Katraj,18.4575,73.8677,113.4,24.0,28.5,5.3,0.0,74.2,22.6
2023-02-03,Katraj,18.4575,73.8677,109.1,25.6,26.3,5.0,0.0,67.8,22.8
2023-02-04,Katraj,18.4575,73.8677,81.5,25.2,32.5,2.4,0.0,56.2,18.5
2023-02-05,Katraj,18.4575,73.8677,113.3,24.6,33.1,7.2,0.0,55.0,21.7
2023-02-06,Katraj,18.4575,73.8677,100.1,24.0,31.3,4.0,0.0,69.6,24.2
2023-02-07,Katraj,18.4575,73.8677,95.7,25.7,39.3,3.7,0.0,65.0,25.9
2023-02-08,Katraj,18.4575,73.8677,125.0,24.1,29.0,7.6,0.0,69.0,26.0
2023-02-09,Katraj,18.4575,73.8677,115.5,26.2,34.9,7.4,0.0,73.8,22.2
2023-02-10,Katraj,18.4575,73.8677,120.6,28.9,33.8,7.4,0.0,67.0,22.1
2023-02-11,Katraj,18.4575,73.8677,101.0,27.5,25.8,4.4,0.0,59.9,20.2
2023-02-12,Katraj,18.4575,73.8677,89.5,26.9,27.1,5.1,0.0,42.9,18.9
2023-02-13,Katraj,18.4575,73.8677,100.0,26.1,33.8,5.1,0.0,58.6,22.6
2023-02-14,Katraj,18.4575,73.8677,109.7,24.0,43.8,6.8,0.0,71.5,29.0
2023-02-15,Katraj,18.4575,73.8677,114.7,24.8,36.9,8.4,0.0,62.5,21.0
2023-02-16,Katraj,18.4575,73.8677,114.6,28.1,25.5,6.0,0.0,76.8,29.9
2023-02-17,Katraj,18.4575,73.8677,138.3,25.7,18.7,9.3,0.0,73.3,25.5
2023-02-18,Katraj,18.4575,73.8677,113.7,26.0,38.1,7.2,0.0,58.3,23.3
2023-02-19,Katraj,18.4575,73.8677,93.6,26.7,34.0,4.9,0.0,54.8,23.0
2023-02-20,Katraj,18.4575,73.8677,105.0,25.8,40.4,7.1,0.0,62.0,26.3
2023-02-21,Katraj,18.4575,73.8677,114.2,25.7,30.4,8.9,0.0,58.3,29.0
2023-02-22,Katraj,18.4575,73.8677,128.4,27.3,36.7,9.5,0.0,74.1,22.1
2023-02-23,Katraj,18.4575,73.8677,115.2,26.4,39.3,7.9,0.0,59.1,24.4
2023-02-24,Katraj,18.4575,73.8677,112.0,26.7,33.0,5.7,0.0,74.5,22.7
2023-02-25,Katraj,18.4575,73.8677,88.3,26.8,33.2,5.2,0.0,53.7,16.6
2023-02-26,Katraj,18.4575,73.8677,88.6,28.4,35.6,6.8,0.0,50.0,19.1
2023-02-27,Katraj,18.4575,73.8677,111.5,27.7,38.4,9.1,0.0,68.8,29.5
2023-02-28,Katraj,18.4575,73.8677,95.4,27.8,35.7,6.6,0.0,68.9,24.4
2023-03-01,Katraj,18.4575,73.8677,88.4,28.9,40.8,6.7,0.0,65.6,29.8
2023-03-02,Katraj,18.4575,73.8677,96.2,28.1,33.8,6.0,0.0,73.7,30.0
2023-03-03,Katraj,18.4575,73.8677,97.9,28.1,29.6,5.2,0.0,73.6,32.3
2023-03-04,Katraj,18.4575,73.8677,81.0,29.1,46.3,5.6,0.0,51.2,25.6
2023-03-05,Katraj,18.4575,73.8677,86.5,29.5,33.6,6.3,0.0,47.4,26.7
2023-03-06,Katraj,18.4575,73.8677,113.3,28.6,33.9,9.5,0.0,73.1,25.6
2023-03-07,Katraj,18.4575,73.8677,84.4,29.0,36.6,5.6,0.0,56.5,25.4
2023-03-08,Katraj,18.4575,73.8677,94.7,28.1,37.4,6.2,0.0,68.8,25.5
2023-03-09,Katraj,18.4575,73.8677,88.7,28.1,35.3,4.4,0.0,70.3,24.8
2023-03-10,Katraj,18.4575,73.8677,43.8,30.2,52.3,7.6,4.1,60.4,25.2
2023-03-11,Katraj,18.4575,73.8677,101.7,29.9,37.3,9.0,0.0,55.3,22.7
2023-03-12,Katraj,18.4575,73.8677,93.9,30.0,38.6,9.5,0.0,50.3,19.6
2023-03-13,Katraj,18.4575,73.8677,93.2,29.9,26.1,6.7,0.0,63.9,21.4
2023-03-14,Katraj,18.4575,73.8677,79.8,29.7,47.4,7.5,0.0,71.4,25.7
2023-03-15,Katraj,18.4575,73.8677,69.6,30.6,37.4,6.1,0.0,61.2,23.1
2023-03-16,Katraj,18.4575,73.8677,79.9,31.0,41.2,7.5,0.0,70.9,23.3
2023-03-17,Katraj,18.4575,73.8677,81.5,31.1,31.6,7.1,0.0,56.7,24.4
2023-03-18,Katraj,18.4575,73.8677,70.8,30.0,36.3,6.7,0.0,51.8,19.9
2023-03-19,Katraj,18.4575,73.8677,71.4,31.9,35.5,6.9,0.0,50.6,23.6
2023-03-20,Katraj,18.4575,73.8677,82.3,30.6,46.3,7.6,0.0,63.9,24.4
2023-03-21,Katraj,18.4575,73.8677,89.2,31.1,36.2,6.1,0.0,68.5,27.7
2023-03-22,Katraj,18.4575,73.8677,76.6,30.8,43.1,6.3,0.0,66.2,25.3
2023-03-23,Katraj,18.4575,73.8677,91.1,30.9,36.2,10.2,0.0,71.9,24.6
2023-03-24,Katraj,18.4575,73.8677,96.2,29.8,37.3,12.2,0.0,69.4,25.2
2023-03-25,Katraj,18.4575,73.8677,63.4,31.6,38.5,4.5,0.0,52.7,17.6
2023-03-26,Katraj,18.4575,73.8677,58.4,34.3,46.3,4.4,0.0,51.9,21.6
2023-03-27,Katraj,18.4575,73.8677,72.5,30.5,30.6,5.0,0.0,64.2,26.9
2023-03-28,Katraj,18.4575,73.8677,83.6,31.1,33.6,6.8,0.0,65.1,27.3
2023-03-29,Katraj,18.4575,73.8677,94.6,30.6,30.6,8.8,0.0,67.8,21.4
2023-03-30,Katraj,18.4575,73.8677,83.1,30.6,35.0,8.2,0.0,65.7,21.0
2023-03-31,Katraj,18.4575,73.8677,34.3,33.1,51.6,7.4,5.7,69.3,23.5
2023-04-01,Katraj,18.4575,73.8677,79.6,30.6,32.7,8.2,0.0,50.9,24.3
2023-04-02,Katraj,18.4575,73.8677,64.5,30.9,37.2,5.8,0.0,52.3,21.4
2023-04-03,Katraj,18.4575,73.8677,72.6,29.6,30.9,6.7,0.0,59.6,22.9
2023-04-04,Katraj,18.4575,73.8677,70.1,30.7,36.1,7.2,0.0,71.3,21.2
2023-04-05,Katraj,18.4575,73.8677,63.4,29.6,47.3,4.1,0.0,63.7,23.1
2023-04-06,Katraj,18.4575,73.8677,72.5,32.5,43.4,5.0,0.0,61.4,22.9
2023-04-07,Katraj,18.4575,73.8677,73.9,35.2,42.4,5.1,0.0,74.8,27.1
2023-04-08,Katraj,18.4575,73.8677,73.2,31.5,36.6,8.9,0.0,53.9,23.3
2023-04-09,Katraj,18.4575,73.8677,76.2,30.0,34.0,7.9,0.0,55.3,18.2
2023-04-10,Katraj,18.4575,73.8677,86.7,33.1,36.1,8.6,0.0,68.9,26.7
2023-04-11,Katraj,18.4575,73.8677,63.3,31.2,41.7,3.8,0.0,66.1,26.4
2023-04-12,Katraj,18.4575,73.8677,24.6,33.7,61.4,4.5,7.8,61.3,21.9
2023-04-13,Katraj,18.4575,73.8677,71.4,31.9,46.6,8.8,0.0,70.5,24.6
2023-04-14,Katraj,18.4575,73.8677,55.0,31.5,45.3,2.0,0.0,72.3,25.7
2023-04-15,Katraj,18.4575,73.8677,70.5,32.1,38.6,10.0,0.0,50.1,21.2
2023-04-16,Katraj,18.4575,73.8677,54.4,33.3,42.4,3.9,0.0,60.8,16.5
2023-04-17,Katraj,18.4575,73.8677,69.3,32.1,40.7,9.2,0.0,65.6,25.1
2023-04-18,Katraj,18.4575,73.8677,61.8,31.9,41.4,5.8,0.0,59.6,26.4
2023-04-19,Katraj,18.4575,73.8677,57.4,32.3,52.6,9.6,0.0,58.0,28.7
2023-04-20,Katraj,18.4575,73.8677,67.8,31.0,33.6,14.0,0.0,58.2,23.1
2023-04-21,Katraj,18.4575,73.8677,53.9,33.1,41.3,3.0,0.0,64.5,23.4
2023-04-22,Katraj,18.4575,73.8677,56.5,30.5,48.6,8.9,0.0,49.2,20.3
2023-04-23,Katraj,18.4575,73.8677,64.5,32.1,35.2,3.9,0.0,53.8,21.5
2023-04-24,Katraj,18.4575,73.8677,85.6,33.6,39.4,8.4,0.0,66.5,25.0
2023-04-25,Katraj,18.4575,73.8677,77.5,33.1,40.0,7.2,0.0,70.8,26.3
2023-04-26,Katraj,18.4575,73.8677,84.2,33.5,41.6,7.8,0.0,66.8,22.0
2023-04-27,Katraj,18.4575,73.8677,82.3,32.7,34.8,5.8,0.0,66.7,25.8
2023-04-28,Katraj,18.4575,73.8677,74.5,34.2,45.8,9.2,0.0,63.7,22.9
2023-04-29,Katraj,18.4575,73.8677,49.9,34.0,46.3,4.7,0.0,57.5,20.4
2023-04-30,Katraj,18.4575,73.8677,63.0,33.4,45.5,10.1,0.0,42.7,25.1
2023-05-01,Katraj,18.4575,73.8677,22.9,34.0,53.7,6.8,7.7,64.3,21.3
2023-05-02,Katraj,18.4575,73.8677,64.2,33.8,43.6,4.8,0.0,65.7,24.1
2023-05-03,Katraj,18.4575,73.8677,77.1,32.4,38.8,10.8,0.0,70.5,21.6
2023-05-04,Katraj,18.4575,73.8677,64.5,31.3,41.7,7.5,0.0,66.5,25.2
2023-05-05,Katraj,18.4575,73.8677,62.8,33.5,54.2,11.5,0.0,66.6,27.4
2023-05-06,Katraj,18.4575,73.8677,66.5,33.6,44.1,10.1,0.0,49.1,21.2
2023-05-07,Katraj,18.4575,73.8677,62.6,34.3,37.8,6.1,0.0,57.4,20.5
2023-05-08,Katraj,18.4575,73.8677,66.1,31.9,44.7,7.5,0.0,66.6,28.1
2023-05-09,Katraj,18.4575,73.8677,67.1,31.9,37.2,8.0,0.0,76.4,25.6
2023-05-10,Katraj,18.4575,73.8677,72.5,33.6,38.1,10.8,0.0,68.0,26.8
2023-05-11,Katraj,18.4575,73.8677,64.8,32.9,39.0,8.6,0.0,66.7,26.6
2023-05-12,Katraj,18.4575,73.8677,67.1,30.7,42.2,8.1,0.0,65.9,17.6
2023-05-13,Katraj,18.4575,73.8677,56.2,33.4,49.3,7.4,0.0,53.2,20.6
2023-05-14,Katraj,18.4575,73.8677,55.1,30.8,47.6,7.7,0.0,47.5,18.1
2023-05-15,Katraj,18.4575,73.8677,76.7,31.8,47.5,10.4,0.0,67.3,22.7
2023-05-16,Katraj,18.4575,73.8677,16.4,34.6,54.6,7.9,15.6,58.8,28.5
2023-05-17,Katraj,18.4575,73.8677,67.3,35.1,42.6,7.1,0.0,68.2,23.9
2023-05-18,Katraj,18.4575,73.8677,68.7,31.5,46.9,6.8,0.0,68.4,29.5
2023-05-19,Katraj,18.4575,73.8677,59.5,32.5,42.6,6.8,0.0,68.6,21.3
2023-05-20,Katraj,18.4575,73.8677,56.9,32.9,44.6,5.1,0.0,50.9,18.1
2023-05-21,Katraj,18.4575,73.8677,65.2,35.0,48.5,6.5,0.0,58.2,22.7
2023-05-22,Katraj,18.4575,73.8677,76.5,32.2,44.8,11.0,0.0,68.7,23.9
2023-05-23,Katraj,18.4575,73.8677,56.7,32.2,48.0,7.6,0.0,79.6,25.6
2023-05-24,Katraj,18.4575,73.8677,54.2,34.6,55.1,9.5,0.0,66.8,24.5
2023-05-25,Katraj,18.4575,73.8677,23.9,32.3,61.6,3.2,3.9,69.5,24.4
2023-05-26,Katraj,18.4575,73.8677,59.7,33.6,53.6,9.3,0.0,63.0,24.0
2023-05-27,Katraj,18.4575,73.8677,62.5,30.9,50.9,7.9,0.0,57.4,21.2
2023-05-28,Katraj,18.4575,73.8677,63.2,32.4,41.1,7.3,0.0,46.9,22.4
2023-05-29,Katraj,18.4575,73.8677,64.9,30.6,43.2,8.6,0.0,68.9,28.8
2023-05-30,Katraj,18.4575,73.8677,67.8,31.3,45.0,7.3,0.0,65.3,24.3
2023-05-31,Katraj,18.4575,73.8677,23.6,33.5,60.2,4.1,9.3,64.2,23.8
2023-06-01,Katraj,18.4575,73.8677,17.3,32.4,64.5,10.2,20.0,55.4,23.5
2023-06-02,Katraj,18.4575,73.8677,30.0,32.0,68.4,8.9,6.3,59.5,28.5
2023-06-03,Katraj,18.4575,73.8677,58.6,31.5,57.0,7.9,0.0,49.0,22.5
2023-06-04,Katraj,18.4575,73.8677,55.3,32.1,52.7,6.6,0.0,58.1,16.1
2023-06-05,Katraj,18.4575,73.8677,64.4,32.6,49.4,5.6,0.0,68.9,19.9
2023-06-06,Katraj,18.4575,73.8677,70.1,33.4,41.7,9.1,0.0,60.2,22.7
2023-06-07,Katraj,18.4575,73.8677,73.0,29.0,53.0,11.9,0.0,72.1,25.4
2023-06-08,Katraj,18.4575,73.8677,64.9,31.1,53.3,9.2,0.0,62.1,24.7
2023-06-09,Katraj,18.4575,73.8677,60.5,32.2,54.6,6.0,0.0,70.3,26.1
2023-06-10,Katraj,18.4575,73.8677,53.3,31.8,64.7,9.3,0.0,53.2,20.4
2023-06-11,Katraj,18.4575,73.8677,59.7,32.4,60.9,8.8,0.0,53.5,24.3
2023-06-12,Katraj,18.4575,73.8677,27.6,32.1,74.2,10.7,10.1,70.8,26.7
2023-06-13,Katraj,18.4575,73.8677,64.3,31.4,51.0,10.3,0.0,62.5,25.0
2023-06-14,Katraj,18.4575,73.8677,47.0,31.0,53.9,3.2,0.0,69.7,27.7
2023-06-15,Katraj,18.4575,73.8677,56.2,31.3,56.5,10.3,0.0,72.9,20.7
2023-06-16,Katraj,18.4575,73.8677,46.7,32.9,53.7,7.3,0.0,63.4,24.6
2023-06-17,Katraj,18.4575,73.8677,40.3,30.6,60.7,6.5,0.0,46.7,21.1
2023-06-18,Katraj,18.4575,73.8677,43.1,31.3,60.6,9.0,0.0,49.0,22.3
2023-06-19,Katraj,18.4575,73.8677,45.0,31.5,54.1,10.3,0.0,68.2,20.5
2023-06-20,Katraj,18.4575,73.8677,41.2,33.1,66.1,6.3,0.0,59.5,24.1
2023-06-21,Katraj,18.4575,73.8677,57.3,30.8,61.3,11.0,0.0,69.4,25.8
2023-06-22,Katraj,18.4575,73.8677,54.5,32.2,52.8,11.2,0.0,59.6,26.0
2023-06-23,Katraj,18.4575,73.8677,28.9,32.4,76.9,9.9,4.4,70.9,27.8
2023-06-24,Katraj,18.4575,73.8677,56.3,30.8,64.2,8.1,0.0,53.0,22.7
2023-06-25,Katraj,18.4575,73.8677,31.7,30.5,83.4,8.0,5.9,57.0,20.6
2023-06-26,Katraj,18.4575,73.8677,17.2,30.3,77.5,12.0,11.1,64.4,26.5
2023-06-27,Katraj,18.4575,73.8677,16.6,30.3,84.0,7.1,12.6,58.8,24.3
2023-06-28,Katraj,18.4575,73.8677,46.2,31.5,66.5,12.3,0.0,62.6,25.2
2023-06-29,Katraj,18.4575,73.8677,33.1,30.7,74.7,9.9,2.7,66.5,26.8
2023-06-30,Katraj,18.4575,73.8677,20.7,30.6,74.9,10.1,14.5,59.2,24.7
2023-07-01,Katraj,18.4575,73.8677,12.7,28.8,88.3,7.0,5.8,53.4,21.7
2023-07-02,Katraj,18.4575,73.8677,26.0,28.9,74.3,10.2,0.0,45.8,23.2
2023-07-03,Katraj,18.4575,73.8677,35.2,32.6,70.6,11.8,0.0,76.7,26.6
2023-07-04,Katraj,18.4575,73.8677,8.0,29.7,92.2,7.9,13.1,66.4,27.9
2023-07-05,Katraj,18.4575,73.8677,8.0,28.8,90.7,11.7,20.6,55.3,30.6
2023-07-06,Katraj,18.4575,73.8677,20.7,31.4,74.5,10.9,0.0,75.6,26.6
2023-07-07,Katraj,18.4575,73.8677,8.0,29.9,82.1,9.6,13.4,56.0,23.6
2023-07-08,Katraj,18.4575,73.8677,18.9,30.1,81.0,12.6,0.0,51.4,22.1
2023-07-09,Katraj,18.4575,73.8677,8.0,29.2,90.7,6.6,4.9,41.6,22.0
2023-07-10,Katraj,18.4575,73.8677,29.9,28.8,71.7,11.8,0.0,75.8,26.3
2023-07-11,Katraj,18.4575,73.8677,8.6,28.9,85.9,14.4,7.6,54.6,28.5
2023-07-12,Katraj,18.4575,73.8677,24.6,27.3,76.1,14.1,0.0,59.4,20.6
2023-07-13,Katraj,18.4575,73.8677,14.4,28.8,82.1,12.0,9.9,58.5,28.6
2023-07-14,Katraj,18.4575,73.8677,34.7,29.1,79.5,10.7,0.0,73.2,29.4
2023-07-15,Katraj,18.4575,73.8677,28.5,30.9,71.8,10.1,0.0,55.2,22.2
2023-07-16,Katraj,18.4575,73.8677,20.4,28.6,78.9,10.8,0.0,51.0,22.3
2023-07-17,Katraj,18.4575,73.8677,8.0,25.6,89.9,12.6,7.8,67.8,24.2
2023-07-18,Katraj,18.4575,73.8677,14.8,28.2,91.7,9.9,7.6,62.2,24.8
2023-07-19,Katraj,18.4575,73.8677,26.3,31.5,74.7,13.1,0.0,68.7,26.5
2023-07-20,Katraj,18.4575,73.8677,26.1,29.1,78.1,15.9,0.0,74.9,26.4
2023-07-21,Katraj,18.4575,73.8677,12.6,27.0,98.0,11.6,7.6,61.5,26.6
2023-07-22,Katraj,18.4575,73.8677,13.3,28.5,98.0,9.1,22.3,35.4,22.4
2023-07-23,Katraj,18.4575,73.8677,11.9,26.8,96.8,9.1,21.2,42.2,23.0
2023-07-24,Katraj,18.4575,73.8677,27.0,25.9,80.3,13.4,0.0,70.3,26.8
2023-07-25,Katraj,18.4575,73.8677,28.6,27.0,84.9,11.7,0.0,67.2,22.2
2023-07-26,Katraj,18.4575,73.8677,23.1,27.4,86.6,13.6,0.8,71.2,26.9
2023-07-27,Katraj,18.4575,73.8677,15.0,24.9,92.1,10.8,6.1,62.5,29.4
2023-07-28,Katraj,18.4575,73.8677,8.0,25.7,96.0,13.6,14.9,59.8,24.7
2023-07-29,Katraj,18.4575,73.8677,10.1,27.0,87.5,11.6,6.9,48.8,24.5
2023-07-30,Katraj,18.4575,73.8677,8.0,26.3,98.0,10.5,18.3,42.7,18.5
2023-07-31,Katraj,18.4575,73.8677,16.4,27.2,92.2,11.2,0.0,74.7,24.7
2023-08-01,Katraj,18.4575,73.8677,10.6,25.1,97.3,9.6,6.0,65.4,23.2
2023-08-02,Katraj,18.4575,73.8677,8.0,27.3,86.4,16.0,10.1,60.0,28.2
2023-08-03,Katraj,18.4575,73.8677,8.0,24.9,98.0,11.8,23.4,57.5,28.9
2023-08-04,Katraj,18.4575,73.8677,8.0,28.1,92.5,13.3,2.6,70.3,24.6
2023-08-05,Katraj,18.4575,73.8677,11.5,24.0,93.6,10.9,7.1,50.7,23.7
2023-08-06,Katraj,18.4575,73.8677,21.9,24.6,98.0,9.9,2.4,52.8,24.9
2023-08-07,Katraj,18.4575,73.8677,20.8,26.3,98.0,11.5,4.6,56.8,24.7
2023-08-08,Katraj,18.4575,73.8677,28.2,27.7,79.2,14.2,0.0,54.1,25.1
2023-08-09,Katraj,18.4575,73.8677,19.0,25.9,93.2,10.9,7.1,69.4,26.6
2023-08-10,Katraj,18.4575,73.8677,23.3,26.1,96.8,10.2,1.4,68.1,22.7
2023-08-11,Katraj,18.4575,73.8677,11.7,25.3,93.9,12.2,4.0,64.5,25.1
2023-08-12,Katraj,18.4575,73.8677,19.8,23.9,75.2,12.9,0.0,53.9,26.2
2023-08-13,Katraj,18.4575,73.8677,8.0,24.4,93.7,15.1,10.4,54.8,19.5
2023-08-14,Katraj,18.4575,73.8677,29.0,23.4,81.8,12.5,0.0,73.7,26.9
2023-08-15,Katraj,18.4575,73.8677,33.2,23.2,78.8,13.0,0.0,71.4,26.1
2023-08-16,Katraj,18.4575,73.8677,27.0,25.1,72.3,13.1,0.0,62.2,24.4
2023-08-17,Katraj,18.4575,73.8677,17.8,23.2,98.0,9.3,2.7,61.4,25.4
2023-08-18,Katraj,18.4575,73.8677,30.7,24.8,64.8,9.7,0.0,54.7,29.2
2023-08-19,Katraj,18.4575,73.8677,9.1,22.7,90.8,9.4,8.4,49.4,22.2
2023-08-20,Katraj,18.4575,73.8677,8.0,24.5,89.4,8.8,18.0,46.9,22.6
2023-08-21,Katraj,18.4575,73.8677,10.8,23.4,92.8,13.0,15.5,64.8,28.8
2023-08-22,Katraj,18.4575,73.8677,8.0,25.6,94.3,12.0,30.2,54.9,24.1
2023-08-23,Katraj,18.4575,73.8677,18.1,24.1,96.6,11.5,4.3,63.7,22.2
2023-08-24,Katraj,18.4575,73.8677,23.8,25.1,86.8,6.1,3.8,61.9,29.2
2023-08-25,Katraj,18.4575,73.8677,8.0,22.6,92.8,15.3,6.4,59.3,25.1
2023-08-26,Katraj,18.4575,73.8677,10.0,23.4,90.2,9.3,8.7,45.3,23.0
2023-08-27,Katraj,18.4575,73.8677,34.5,22.1,65.1,15.2,0.0,45.5,18.9
2023-08-28,Katraj,18.4575,73.8677,43.7,22.6,82.5,8.1,0.0,75.4,25.8
2023-08-29,Katraj,18.4575,73.8677,10.8,22.7,80.2,9.3,11.5,54.3,22.1
2023-08-30,Katraj,18.4575,73.8677,30.1,22.0,73.8,6.4,0.0,65.6,25.0
2023-08-31,Katraj,18.4575,73.8677,11.3,21.3,88.0,11.5,5.3,54.3,23.2
2023-09-01,Katraj,18.4575,73.8677,25.4,20.9,86.8,8.5,2.7,66.7,22.6
2023-09-02,Katraj,18.4575,73.8677,25.8,19.7,67.2,8.5,0.9,50.0,20.0
2023-09-03,Katraj,18.4575,73.8677,9.8,21.1,88.2,7.8,21.6,37.8,15.1
2023-09-04,Katraj,18.4575,73.8677,8.0,23.0,75.5,12.0,21.2,51.3,21.9
2023-09-05,Katraj,18.4575,73.8677,8.0,20.2,82.3,11.8,15.8,58.7,26.8
2023-09-06,Katraj,18.4575,73.8677,8.0,20.4,79.1,13.9,13.4,57.2,25.7
2023-09-07,Katraj,18.4575,73.8677,35.0,24.1,62.9,8.9,0.0,65.9,22.1
2023-09-08,Katraj,18.4575,73.8677,8.0,21.1,82.7,10.6,13.8,69.5,26.2
2023-09-09,Katraj,18.4575,73.8677,17.3,22.1,85.3,7.5,3.6,49.5,18.6
2023-09-10,Katraj,18.4575,73.8677,17.7,22.4,77.5,9.3,9.9,48.1,22.6
2023-09-11,Katraj,18.4575,73.8677,47.3,22.3,67.4,8.9,0.0,64.3,24.5
2023-09-12,Katraj,18.4575,73.8677,8.0,19.6,78.1,10.8,13.8,55.8,24.0
2023-09-13,Katraj,18.4575,73.8677,48.3,21.0,57.7,11.8,0.0,66.5,24.6
2023-09-14,Katraj,18.4575,73.8677,31.8,19.2,75.2,11.7,4.0,77.1,31.2
2023-09-15,Katraj,18.4575,73.8677,27.5,24.0,74.3,7.9,6.2,62.1,22.9
2023-09-16,Katraj,18.4575,73.8677,57.6,19.0,56.7,11.5,0.0,52.2,21.4
2023-09-17,Katraj,18.4575,73.8677,27.7,19.6,76.6,9.4,1.6,45.4,22.8
2023-09-18,Katraj,18.4575,73.8677,23.3,19.5,75.0,8.7,2.2,51.7,22.4
2023-09-19,Katraj,18.4575,73.8677,8.0,18.9,65.3,7.9,24.0,50.6,20.8
2023-09-20,Katraj,18.4575,73.8677,49.1,22.2,49.4,8.1,0.0,78.5,23.3
2023-09-21,Katraj,18.4575,73.8677,58.3,23.4,59.1,12.7,0.0,69.6,26.7
2023-09-22,Katraj,18.4575,73.8677,61.7,19.8,52.3,9.7,0.0,74.8,23.9
2023-09-23,Katraj,18.4575,73.8677,55.0,18.7,57.3,9.4,0.0,48.7,20.2
2023-09-24,Katraj,18.4575,73.8677,14.7,17.5,74.2,8.5,10.0,33.6,23.1
2023-09-25,Katraj,18.4575,73.8677,54.1,19.8,48.4,13.8,0.0,61.1,22.8
2023-09-26,Katraj,18.4575,73.8677,20.2,19.6,62.1,11.5,8.6,64.3,24.6
2023-09-27,Katraj,18.4575,73.8677,49.1,19.1,62.0,7.4,0.0,67.8,21.0
2023-09-28,Katraj,18.4575,73.8677,56.5,20.1,54.9,8.2,0.0,66.5,25.6
2023-09-29,Katraj,18.4575,73.8677,60.4,20.2,50.5,8.3,0.0,63.9,25.4
2023-09-30,Katraj,18.4575,73.8677,59.7,20.1,47.5,8.9,0.0,55.1,22.8
2023-10-01,Katraj,18.4575,73.8677,12.9,19.2,64.1,7.2,9.5,43.1,17.9
2023-10-02,Katraj,18.4575,73.8677,62.2,18.2,45.2,9.4,0.0,68.1,24.3
2023-10-03,Katraj,18.4575,73.8677,54.5,20.2,55.2,11.4,0.0,67.6,21.6
2023-10-04,Katraj,18.4575,73.8677,58.9,19.4,46.4,5.8,0.0,64.8,24.2
2023-10-05,Katraj,18.4575,73.8677,59.1,20.4,55.4,6.1,0.0,62.2,28.5
2023-10-06,Katraj,18.4575,73.8677,18.4,20.2,62.5,7.4,11.2,58.9,24.0
2023-10-07,Katraj,18.4575,73.8677,58.8,17.4,43.9,7.4,0.0,59.8,17.4
2023-10-08,Katraj,18.4575,73.8677,72.7,17.4,46.6,12.3,0.0,56.0,19.1
2023-10-09,Katraj,18.4575,73.8677,73.1,18.1,35.3,10.2,0.0,71.7,20.8
2023-10-10,Katraj,18.4575,73.8677,57.4,17.7,47.5,10.1,0.0,62.7,21.6
2023-10-11,Katraj,18.4575,73.8677,57.4,19.8,46.9,7.6,0.0,59.4,26.5
2023-10-12,Katraj,18.4575,73.8677,58.7,19.2,51.5,7.5,0.0,72.1,21.2
2023-10-13,Katraj,18.4575,73.8677,67.4,20.1,37.7,5.2,0.0,71.1,25.6
2023-10-14,Katraj,18.4575,73.8677,63.3,19.2,52.6,9.6,0.0,51.1,20.9
2023-10-15,Katraj,18.4575,73.8677,61.4,18.9,50.6,9.0,0.0,48.5,19.5
2023-10-16,Katraj,18.4575,73.8677,67.6,20.0,52.5,10.6,0.0,59.3,25.4
2023-10-17,Katraj,18.4575,73.8677,13.8,19.1,60.7,7.5,20.5,60.7,22.5
2023-10-18,Katraj,18.4575,73.8677,78.7,18.6,50.8,7.6,0.0,72.5,26.9
2023-10-19,Katraj,18.4575,73.8677,79.0,20.2,38.1,8.2,0.0,63.2,23.1
2023-10-20,Katraj,18.4575,73.8677,17.6,18.6,63.7,9.6,12.4,56.6,23.8
2023-10-21,Katraj,18.4575,73.8677,61.8,18.0,41.0,4.8,0.0,56.6,19.5
2023-10-22,Katraj,18.4575,73.8677,59.5,17.3,36.3,9.2,0.0,47.2,22.5
2023-10-23,Katraj,18.4575,73.8677,8.0,19.1,53.7,7.6,20.1,65.5,26.2
2023-10-24,Katraj,18.4575,73.8677,65.1,19.7,44.1,5.5,0.0,66.1,18.2
2023-10-25,Katraj,18.4575,73.8677,65.3,18.2,39.7,3.4,0.0,64.7,25.4
2023-10-26,Katraj,18.4575,73.8677,72.6,19.8,45.4,7.3,0.0,66.8,20.4
2023-10-27,Katraj,18.4575,73.8677,87.3,15.8,34.2,10.4,0.0,64.7,23.9
2023-10-28,Katraj,18.4575,73.8677,89.8,18.1,32.4,10.8,0.0,56.0,20.5
2023-10-29,Katraj,18.4575,73.8677,77.8,18.1,49.6,8.1,0.0,54.8,19.9
2023-10-30,Katraj,18.4575,73.8677,89.2,17.2,47.0,11.3,0.0,72.0,26.1
2023-10-31,Katraj,18.4575,73.8677,82.4,20.9,37.0,7.2,0.0,67.5,26.6
2023-11-01,Katraj,18.4575,73.8677,70.7,18.0,42.0,9.2,0.0,64.3,22.9
2023-11-02,Katraj,18.4575,73.8677,70.9,17.6,46.9,6.3,0.0,66.6,22.8
2023-11-03,Katraj,18.4575,73.8677,74.9,18.1,43.6,6.1,0.0,64.5,24.7
2023-11-04,Katraj,18.4575,73.8677,70.6,15.6,42.1,5.8,0.0,57.7,16.9
2023-11-05,Katraj,18.4575,73.8677,57.4,17.1,46.6,2.9,0.0,55.4,19.6
2023-11-06,Katraj,18.4575,73.8677,91.5,19.2,37.2,9.6,0.0,66.1,28.2
2023-11-07,Katraj,18.4575,73.8677,26.1,17.2,55.8,5.7,8.6,57.7,21.0
2023-11-08,Katraj,18.4575,73.8677,79.1,17.0,40.3,5.3,0.0,74.3,23.9
2023-11-09,Katraj,18.4575,73.8677,74.5,19.6,38.8,4.5,0.0,67.3,23.3
2023-11-10,Katraj,18.4575,73.8677,85.0,19.6,38.1,6.4,0.0,65.9,29.8
2023-11-11,Katraj,18.4575,73.8677,83.2,18.6,40.2,10.3,0.0,58.1,19.5
2023-11-12,Katraj,18.4575,73.8677,86.2,17.5,39.8,10.9,0.0,47.9,19.6
2023-11-13,Katraj,18.4575,73.8677,69.8,17.7,34.1,3.3,0.0,65.0,22.2
2023-11-14,Katraj,18.4575,73.8677,75.2,17.1,43.2,5.9,0.0,65.4,24.8
2023-11-15,Katraj,18.4575,73.8677,78.8,16.9,34.1,4.5,0.0,60.0,25.5
2023-11-16,Katraj,18.4575,73.8677,89.0,16.8,37.7,8.5,0.0,68.2,22.6
2023-11-17,Katraj,18.4575,73.8677,90.4,17.3,37.1,7.0,0.0,62.8,27.3
2023-11-18,Katraj,18.4575,73.8677,74.8,16.9,40.2,5.2,0.0,47.5,21.5
2023-11-19,Katraj,18.4575,73.8677,79.4,16.2,27.6,6.5,0.0,46.9,22.9
2023-11-20,Katraj,18.4575,73.8677,84.1,18.4,42.5,5.4,0.0,63.7,24.0
2023-11-21,Katraj,18.4575,73.8677,103.9,18.5,34.4,9.5,0.0,62.4,25.4
2023-11-22,Katraj,18.4575,73.8677,94.2,20.2,43.7,7.3,0.0,67.8,24.3
2023-11-23,Katraj,18.4575,73.8677,104.7,17.4,35.1,7.5,0.0,65.8,28.4
2023-11-24,Katraj,18.4575,73.8677,81.6,18.6,37.0,1.2,0.0,66.8,25.1
2023-11-25,Katraj,18.4575,73.8677,49.8,18.7,61.7,6.0,3.7,60.3,20.8
2023-11-26,Katraj,18.4575,73.8677,107.6,18.0,35.5,10.2,0.0,49.6,19.7
2023-11-27,Katraj,18.4575,73.8677,105.9,19.3,42.9,8.7,0.0,69.6,23.5
2023-11-28,Katraj,18.4575,73.8677,82.1,19.3,36.8,2.3,0.0,70.2,25.4
2023-11-29,Katraj,18.4575,73.8677,86.0,18.9,38.5,5.3,0.0,66.3,26.8
2023-11-30,Katraj,18.4575,73.8677,82.1,18.2,36.6,3.5,0.0,68.0,23.1
2023-12-01,Katraj,18.4575,73.8677,110.5,18.1,40.3,9.2,0.0,66.7,25.1
2023-12-02,Katraj,18.4575,73.8677,97.9,17.0,32.5,6.3,0.0,51.4,21.3
2023-12-03,Katraj,18.4575,73.8677,80.5,17.7,30.8,4.2,0.0,47.5,21.7
2023-12-04,Katraj,18.4575,73.8677,101.1,18.0,32.4,5.8,0.0,64.1,20.5
2023-12-05,Katraj,18.4575,73.8677,76.4,17.4,35.9,1.2,0.0,66.7,22.5
2023-12-06,Katraj,18.4575,73.8677,73.9,19.4,34.2,3.4,0.0,56.7,21.4
2023-12-07,Katraj,18.4575,73.8677,100.3,20.3,38.7,5.6,0.0,74.1,24.9
2023-12-08,Katraj,18.4575,73.8677,102.3,17.9,41.5,7.2,0.0,77.4,22.5
2023-12-09,Katraj,18.4575,73.8677,76.2,19.4,30.0,1.6,0.0,51.3,19.6
2023-12-10,Katraj,18.4575,73.8677,98.1,17.8,31.0,4.7,0.0,53.7,17.8
2023-12-11,Katraj,18.4575,73.8677,121.9,18.8,27.4,7.4,0.0,72.0,23.8
2023-12-12,Katraj,18.4575,73.8677,84.0,18.4,44.6,2.5,0.0,60.0,22.0
2023-12-13,Katraj,18.4575,73.8677,120.2,20.0,35.8,5.8,0.0,71.2,26.7
2023-12-14,Katraj,18.4575,73.8677,114.3,18.5,36.6,5.4,0.0,64.5,26.0
2023-12-15,Katraj,18.4575,73.8677,139.3,20.6,27.3,8.7,0.0,78.1,25.2
2023-12-16,Katraj,18.4575,73.8677,109.1,19.2,33.9,4.8,0.0,49.5,20.0
2023-12-17,Katraj,18.4575,73.8677,103.4,18.8,36.3,4.9,0.0,54.9,15.7
2023-12-18,Katraj,18.4575,73.8677,122.9,18.2,32.4,6.9,0.0,65.7,23.7
2023-12-19,Katraj,18.4575,73.8677,95.5,20.1,38.9,2.5,0.0,77.6,22.9
2023-12-20,Katraj,18.4575,73.8677,89.5,20.9,45.0,4.7,0.0,64.0,25.4
2023-12-21,Katraj,18.4575,73.8677,100.8,20.2,28.6,4.2,0.0,72.4,26.3
2023-12-22,Katraj,18.4575,73.8677,105.5,22.7,28.1,4.8,0.0,69.7,25.6
2023-12-23,Katraj,18.4575,73.8677,109.9,21.8,28.8,6.7,0.0,52.4,24.0
2023-12-24,Katraj,18.4575,73.8677,90.5,19.8,41.1,6.1,0.0,51.5,19.4
2023-12-25,Katraj,18.4575,73.8677,92.4,19.9,38.2,3.5,0.0,63.3,23.3
2023-12-26,Katraj,18.4575,73.8677,98.4,20.9,32.2,5.2,0.0,53.7,27.4
2023-12-27,Katraj,18.4575,73.8677,125.4,19.5,33.0,7.9,0.0,72.0,25.2
2023-12-28,Katraj,18.4575,73.8677,101.6,22.0,28.6,3.2,0.0,64.2,24.2
2023-12-29,Katraj,18.4575,73.8677,112.4,21.1,37.1,5.2,0.0,72.4,29.4
2023-12-30,Katraj,18.4575,73.8677,93.8,21.1,30.7,4.5,0.0,52.2,22.2
2023-12-31,Katraj,18.4575,73.8677,105.1,21.7,31.2,4.7,0.0,56.4,20.3
2024-01-01,Katraj,18.4575,73.8677,95.9,23.0,35.5,1.6,0.0,70.6,23.1
2024-01-02,Katraj,18.4575,73.8677,124.3,21.3,31.4,7.6,0.0,54.3,28.1
2024-01-03,Katraj,18.4575,73.8677,111.1,21.0,31.1,3.2,0.0,69.7,25.3
2024-01-04,Katraj,18.4575,73.8677,125.5,23.1,32.3,6.8,0.0,64.9,24.9
2024-01-05,Katraj,18.4575,73.8677,104.8,22.5,36.2,3.5,0.0,72.4,26.5
2024-01-06,Katraj,18.4575,73.8677,86.2,21.1,40.4,3.5,0.0,53.4,23.0
2024-01-07,Katraj,18.4575,73.8677,109.6,21.6,35.1,7.2,0.0,53.4,22.2
2024-01-08,Katraj,18.4575,73.8677,119.3,21.9,36.1,6.7,0.0,65.2,27.0
2024-01-09,Katraj,18.4575,73.8677,117.5,22.3,31.1,5.1,0.0,62.0,25.9
2024-01-10,Katraj,18.4575,73.8677,124.4,20.3,28.5,6.2,0.0,64.4,26.2
2024-01-11,Katraj,18.4575,73.8677,106.9,20.2,35.3,4.1,0.0,57.6,23.0
2024-01-12,Katraj,18.4575,73.8677,113.2,21.1,32.9,4.7,0.0,63.6,29.3
2024-01-13,Katraj,18.4575,73.8677,87.1,21.1,24.9,3.4,0.0,43.1,17.7
2024-01-14,Katraj,18.4575,73.8677,100.8,21.6,30.4,6.5,0.0,43.2,21.6
2024-01-15,Katraj,18.4575,73.8677,93.7,23.3,31.6,3.3,0.0,67.2,21.5
2024-01-16,Katraj,18.4575,73.8677,119.9,22.4,29.4,7.7,0.0,69.3,24.6
2024-01-17,Katraj,18.4575,73.8677,104.6,23.0,39.4,4.1,0.0,66.4,23.4
2024-01-18,Katraj,18.4575,73.8677,111.0,21.4,34.4,4.7,0.0,64.1,25.1
2024-01-19,Katraj,18.4575,73.8677,113.2,22.4,38.9,6.2,0.0,61.9,25.7
2024-01-20,Katraj,18.4575,73.8677,105.5,23.8,33.4,4.8,0.0,48.8,18.4
2024-01-21,Katraj,18.4575,73.8677,92.3,24.0,32.5,4.1,0.0,46.3,20.7
2024-01-22,Katraj,18.4575,73.8677,111.6,22.5,27.4,4.7,0.0,66.3,28.3
2024-01-23,Katraj,18.4575,73.8677,122.3,23.7,32.2,6.5,0.0,59.0,21.5
2024-01-24,Katraj,18.4575,73.8677,106.5,26.3,32.2,3.4,0.0,70.1,22.7
2024-01-25,Katraj,18.4575,73.8677,123.9,23.7,25.4,4.5,0.0,63.8,27.0
2024-01-26,Katraj,18.4575,73.8677,123.4,23.0,29.6,4.8,0.0,68.5,25.0
2024-01-27,Katraj,18.4575,73.8677,125.1,23.8,30.7,6.5,0.0,54.8,21.2
2024-01-28,Katraj,18.4575,73.8677,111.9,24.2,34.4,4.6,0.0,52.0,23.4
2024-01-29,Katraj,18.4575,73.8677,135.6,24.1,34.7,8.4,0.0,70.6,22.8
2024-01-30,Katraj,18.4575,73.8677,104.8,24.3,29.6,4.5,0.0,56.3,23.5
2024-01-31,Katraj,18.4575,73.8677,103.4,22.8,34.9,4.4,0.0,64.1,23.2
2024-02-01,Katraj,18.4575,73.8677,105.1,23.5,31.7,4.5,0.0,72.1,23.9
2024-02-02,Katraj,18.4575,73.8677,95.6,24.6,18.4,2.3,0.0,69.1,28.1
2024-02-03,Katraj,18.4575,73.8677,86.9,24.7,30.4,2.8,0.0,59.6,16.5
2024-02-04,Katraj,18.4575,73.8677,98.1,24.3,38.3,3.9,0.0,58.9,17.8
2024-02-05,Katraj,18.4575,73.8677,130.9,24.9,24.5,7.2,0.0,68.1,21.4
2024-02-06,Katraj,18.4575,73.8677,121.0,25.3,33.6,4.9,0.0,65.3,28.3
2024-02-07,Katraj,18.4575,73.8677,93.4,26.5,41.1,4.0,0.0,61.8,23.3
2024-02-08,Katraj,18.4575,73.8677,113.7,25.4,29.4,7.5,0.0,64.2,24.0
2024-02-09,Katraj,18.4575,73.8677,113.1,26.1,33.3,8.2,0.0,64.6,20.8
2024-02-10,Katraj,18.4575,73.8677,114.8,25.1,26.9,7.6,0.0,47.4,20.1
2024-02-11,Katraj,18.4575,73.8677,82.3,26.6,41.7,3.4,0.0,45.8,23.0
2024-02-12,Katraj,18.4575,73.8677,94.7,26.5,33.2,4.2,0.0,68.6,25.4
2024-02-13,Katraj,18.4575,73.8677,17.0,27.2,49.0,8.8,15.7,67.3,24.5
2024-02-14,Katraj,18.4575,73.8677,94.5,27.2,40.7,5.7,0.0,71.3,20.9
2024-02-15,Katraj,18.4575,73.8677,86.1,27.1,37.3,4.7,0.0,65.0,24.0
2024-02-16,Katraj,18.4575,73.8677,117.0,26.4,29.8,6.7,0.0,71.7,25.2
2024-02-17,Katraj,18.4575,73.8677,104.3,27.0,31.0,7.3,0.0,52.1,18.3
2024-02-18,Katraj,18.4575,73.8677,86.3,28.1,36.9,4.2,0.0,50.2,22.4
2024-02-19,Katraj,18.4575,73.8677,105.6,26.2,31.4,5.8,0.0,66.1,27.0
2024-02-20,Katraj,18.4575,73.8677,114.5,26.3,24.1,7.3,0.0,65.6,23.5
2024-02-21,Katraj,18.4575,73.8677,86.6,27.4,34.5,3.2,0.0,69.9,26.6
2024-02-22,Katraj,18.4575,73.8677,99.9,27.8,27.5,5.5,0.0,67.3,24.5
2024-02-23,Katraj,18.4575,73.8677,83.9,26.5,43.2,3.3,0.0,63.0,27.7
2024-02-24,Katraj,18.4575,73.8677,85.3,27.5,36.1,3.6,0.0,46.5,25.9
2024-02-25,Katraj,18.4575,73.8677,93.4,27.6,30.8,4.5,0.0,51.9,18.1
2024-02-26,Katraj,18.4575,73.8677,104.9,25.2,32.0,6.6,0.0,68.7,26.7
2024-02-27,Katraj,18.4575,73.8677,103.3,27.7,26.2,5.1,0.0,65.0,28.1
2024-02-28,Katraj,18.4575,73.8677,94.3,27.9,30.3,4.5,0.0,60.9,22.4
2024-02-29,Katraj,18.4575,73.8677,96.1,28.0,41.0,5.9,0.0,72.9,23.4
2024-03-01,Katraj,18.4575,73.8677,84.3,30.0,47.3,3.6,0.0,71.8,23.3
2024-03-02,Katraj,18.4575,73.8677,86.2,27.0,39.9,6.8,0.0,40.5,20.5
2024-03-03,Katraj,18.4575,73.8677,99.7,27.6,36.0,8.2,0.0,57.1,19.9
2024-03-04,Katraj,18.4575,73.8677,97.0,25.5,34.4,5.8,0.0,65.6,24.3
2024-03-05,Katraj,18.4575,73.8677,93.2,28.2,32.0,5.6,0.0,67.5,26.9
2024-03-06,Katraj,18.4575,73.8677,97.9,28.4,47.2,6.8,0.0,72.3,20.1
2024-03-07,Katraj,18.4575,73.8677,74.1,28.4,36.1,2.1,0.0,74.9,22.4
2024-03-08,Katraj,18.4575,73.8677,91.4,30.4,47.8,7.2,0.0,71.6,26.5
2024-03-09,Katraj,18.4575,73.8677,98.3,30.3,44.3,12.4,0.0,51.6,22.2
2024-03-10,Katraj,18.4575,73.8677,85.7,29.4,28.8,6.0,0.0,43.5,18.2
2024-03-11,Katraj,18.4575,73.8677,85.6,29.0,34.4,6.1,0.0,56.5,26.2
2024-03-12,Katraj,18.4575,73.8677,103.3,30.8,34.5,7.8,0.0,71.0,28.1
2024-03-13,Katraj,18.4575,73.8677,103.4,29.6,37.6,9.7,0.0,73.3,24.7
2024-03-14,Katraj,18.4575,73.8677,87.6,28.8,37.9,8.4,0.0,62.5,22.3
2024-03-15,Katraj,18.4575,73.8677,60.6,27.8,53.3,2.2,0.0,65.3,27.0
2024-03-16,Katraj,18.4575,73.8677,81.5,29.5,33.1,7.6,0.0,47.6,25.1
2024-03-17,Katraj,18.4575,73.8677,8.0,31.0,54.8,11.7,19.9,37.5,18.6
2024-03-18,Katraj,18.4575,73.8677,90.7,32.9,41.9,7.9,0.0,72.0,24.9
2024-03-19,Katraj,18.4575,73.8677,83.8,30.4,39.0,4.3,0.0,67.7,27.5
2024-03-20,Katraj,18.4575,73.8677,96.4,29.5,39.7,7.3,0.0,65.5,25.1
2024-03-21,Katraj,18.4575,73.8677,95.5,29.1,34.1,4.2,0.0,79.9,20.4
2024-03-22,Katraj,18.4575,73.8677,93.8,31.2,40.0,9.2,0.0,59.4,25.9
2024-03-23,Katraj,18.4575,73.8677,68.6,28.6,42.2,4.9,0.0,53.1,18.4
2024-03-24,Katraj,18.4575,73.8677,59.0,31.4,41.4,7.0,0.0,45.2,17.6
2024-03-25,Katraj,18.4575,73.8677,63.7,31.8,42.8,5.2,0.0,65.8,20.5
2024-03-26,Katraj,18.4575,73.8677,76.9,31.5,47.1,5.9,0.0,67.3,27.8
2024-03-27,Katraj,18.4575,73.8677,81.3,30.8,44.9,10.0,0.0,70.8,22.7
2024-03-28,Katraj,18.4575,73.8677,76.1,31.8,40.7,7.2,0.0,65.3,25.6
2024-03-29,Katraj,18.4575,73.8677,73.2,31.4,34.6,5.9,0.0,64.8,26.2
2024-03-30,Katraj,18.4575,73.8677,63.9,30.4,37.6,4.8,0.0,49.0,21.2
2024-03-31,Katraj,18.4575,73.8677,62.8,33.6,39.7,3.4,0.0,45.0,21.5
2024-04-01,Katraj,18.4575,73.8677,66.9,31.0,42.1,4.7,0.0,69.8,25.8
2024-04-02,Katraj,18.4575,73.8677,69.4,32.5,38.6,7.4,0.0,68.0,25.1
2024-04-03,Katraj,18.4575,73.8677,83.6,28.7,36.5,9.2,0.0,68.8,22.9
2024-04-04,Katraj,18.4575,73.8677,77.9,33.2,35.3,6.2,0.0,66.3,22.7
2024-04-05,Katraj,18.4575,73.8677,86.3,33.5,33.1,10.4,0.0,65.6,24.5
2024-04-06,Katraj,18.4575,73.8677,74.6,31.9,40.3,5.9,0.0,56.3,20.5
2024-04-07,Katraj,18.4575,73.8677,70.1,32.6,34.3,6.9,0.0,55.5,21.9
2024-04-08,Katraj,18.4575,73.8677,76.2,32.6,36.7,5.2,0.0,73.7,27.6
2024-04-09,Katraj,18.4575,73.8677,79.7,31.3,39.9,9.4,0.0,68.5,25.7
2024-04-10,Katraj,18.4575,73.8677,88.5,32.7,35.2,11.6,0.0,73.4,22.8
2024-04-11,Katraj,18.4575,73.8677,52.2,31.2,43.9,3.9,0.0,64.5,19.3
2024-04-12,Katraj,18.4575,73.8677,60.9,31.5,45.8,6.8,0.0,65.6,22.9
2024-04-13,Katraj,18.4575,73.8677,71.4,33.6,39.4,10.0,0.0,56.4,17.4
2024-04-14,Katraj,18.4575,73.8677,58.7,33.5,40.1,4.6,0.0,54.6,19.0
2024-04-15,Katraj,18.4575,73.8677,75.9,31.5,45.0,8.7,0.0,65.1,25.4
2024-04-16,Katraj,18.4575,73.8677,83.8,31.5,38.8,10.0,0.0,61.4,25.0
2024-04-17,Katraj,18.4575,73.8677,74.4,31.7,38.5,7.7,0.0,65.6,29.4
2024-04-18,Katraj,18.4575,73.8677,72.6,33.4,48.4,8.6,0.0,63.2,26.0
2024-04-19,Katraj,18.4575,73.8677,74.6,31.4,46.9,11.1,0.0,75.2,29.6
2024-04-20,Katraj,18.4575,73.8677,69.3,33.0,45.5,11.5,0.0,54.2,22.6
2024-04-21,Katraj,18.4575,73.8677,63.5,33.5,47.2,7.4,0.0,46.6,23.5
2024-04-22,Katraj,18.4575,73.8677,68.0,32.6,32.7,6.5,0.0,61.4,23.9
2024-04-23,Katraj,18.4575,73.8677,63.9,33.9,49.4,5.7,0.0,62.7,22.1
2024-04-24,Katraj,18.4575,73.8677,70.1,32.4,44.6,9.5,0.0,63.8,23.7
2024-04-25,Katraj,18.4575,73.8677,59.0,32.5,47.8,4.8,0.0,65.8,24.8
2024-04-26,Katraj,18.4575,73.8677,70.6,31.6,44.7,7.1,0.0,72.2,23.2
2024-04-27,Katraj,18.4575,73.8677,59.0,34.1,43.1,7.8,0.0,45.6,18.3
2024-04-28,Katraj,18.4575,73.8677,60.2,31.9,41.6,6.6,0.0,61.8,21.8
2024-04-29,Katraj,18.4575,73.8677,68.7,33.3,44.8,8.2,0.0,61.9,22.3
2024-04-30,Katraj,18.4575,73.8677,75.9,32.8,41.5,12.8,0.0,59.6,21.0
2024-05-01,Katraj,18.4575,73.8677,63.1,31.7,47.5,7.4,0.0,75.0,22.0
2024-05-02,Katraj,18.4575,73.8677,73.3,32.2,35.3,6.8,0.0,73.2,24.2
2024-05-03,Katraj,18.4575,73.8677,71.5,34.6,40.7,9.7,0.0,65.7,22.3
2024-05-04,Katraj,18.4575,73.8677,52.0,33.2,53.7,8.1,0.0,52.3,20.2
2024-05-05,Katraj,18.4575,73.8677,54.8,31.8,40.4,10.6,0.0,52.4,22.3
2024-05-06,Katraj,18.4575,73.8677,64.8,33.4,42.5,8.0,0.0,67.3,26.2
2024-05-07,Katraj,18.4575,73.8677,60.0,32.8,39.4,7.2,0.0,60.1,23.1
2024-05-08,Katraj,18.4575,73.8677,45.6,37.1,45.6,4.2,0.0,54.2,21.5
2024-05-09,Katraj,18.4575,73.8677,57.9,33.3,40.4,4.5,0.0,62.4,23.4
2024-05-10,Katraj,18.4575,73.8677,66.0,32.5,43.3,4.1,0.0,75.7,26.4
2024-05-11,Katraj,18.4575,73.8677,62.0,34.7,48.6,8.5,0.0,59.7,23.0
2024-05-12,Katraj,18.4575,73.8677,59.9,30.8,41.1,5.1,0.0,49.1,21.7
2024-05-13,Katraj,18.4575,73.8677,78.9,33.1,48.7,10.3,0.0,61.8,27.8
2024-05-14,Katraj,18.4575,73.8677,79.7,35.4,49.0,7.9,0.0,68.0,29.1
2024-05-15,Katraj,18.4575,73.8677,77.7,32.8,50.4,7.4,0.0,68.8,23.6
2024-05-16,Katraj,18.4575,73.8677,75.3,30.9,46.0,6.2,0.0,69.6,28.5
2024-05-17,Katraj,18.4575,73.8677,60.0,32.5,61.8,9.1,0.0,54.0,24.1
2024-05-18,Katraj,18.4575,73.8677,31.1,34.7,66.1,6.3,5.0,63.7,23.3
2024-05-19,Katraj,18.4575,73.8677,19.6,33.3,62.7,6.0,11.6,50.2,22.6
2024-05-20,Katraj,18.4575,73.8677,66.7,31.9,41.9,10.4,0.0,65.6,19.9
2024-05-21,Katraj,18.4575,73.8677,59.7,32.0,46.1,8.7,0.0,63.0,22.4
2024-05-22,Katraj,18.4575,73.8677,52.3,32.1,54.0,7.6,0.0,71.5,21.7
2024-05-23,Katraj,18.4575,73.8677,8.1,33.2,70.7,9.4,14.3,61.9,20.3
2024-05-24,Katraj,18.4575,73.8677,59.0,34.4,54.8,8.1,0.0,67.1,27.0
2024-05-25,Katraj,18.4575,73.8677,54.9,34.0,51.7,8.9,0.0,52.7,26.0
2024-05-26,Katraj,18.4575,73.8677,58.9,33.2,41.8,6.5,0.0,49.8,20.2
2024-05-27,Katraj,18.4575,73.8677,62.5,31.0,50.8,12.4,0.0,68.6,26.9
2024-05-28,Katraj,18.4575,73.8677,60.5,31.0,42.6,7.1,0.0,70.2,28.5
2024-05-29,Katraj,18.4575,73.8677,10.6,33.2,56.7,11.4,16.3,60.1,25.3
2024-05-30,Katraj,18.4575,73.8677,65.9,30.9,50.7,8.0,0.0,68.1,24.7
2024-05-31,Katraj,18.4575,73.8677,62.7,32.2,52.5,10.0,0.0,73.6,24.2
2024-06-01,Katraj,18.4575,73.8677,53.8,32.8,54.8,9.9,0.0,42.4,22.1
2024-06-02,Katraj,18.4575,73.8677,52.6,31.0,53.2,10.8,0.0,46.4,23.0
2024-06-03,Katraj,18.4575,73.8677,54.9,31.1,53.9,6.9,0.0,66.7,26.0
2024-06-04,Katraj,18.4575,73.8677,14.0,32.1,61.7,10.7,10.8,57.5,25.9
2024-06-05,Katraj,18.4575,73.8677,8.0,32.8,66.6,12.3,23.3,53.0,24.7
2024-06-06,Katraj,18.4575,73.8677,65.2,33.4,45.1,8.2,0.0,73.0,20.8
2024-06-07,Katraj,18.4575,73.8677,66.0,32.8,43.1,8.8,0.0,65.9,27.0
2024-06-08,Katraj,18.4575,73.8677,8.0,32.1,72.3,7.8,20.3,31.1,17.6
2024-06-09,Katraj,18.4575,73.8677,26.0,31.1,65.4,8.2,2.1,47.2,22.3
2024-06-10,Katraj,18.4575,73.8677,57.9,30.6,59.1,12.4,0.0,66.9,26.7
2024-06-11,Katraj,18.4575,73.8677,22.9,31.2,75.8,7.0,9.3,62.2,21.9
2024-06-12,Katraj,18.4575,73.8677,20.9,32.2,67.7,7.2,7.4,65.7,23.3
2024-06-13,Katraj,18.4575,73.8677,58.8,32.1,59.4,12.3,0.0,69.0,30.1
2024-06-14,Katraj,18.4575,73.8677,51.9,29.1,53.7,10.4,0.0,65.9,24.6
2024-06-15,Katraj,18.4575,73.8677,48.7,30.6,48.4,13.5,0.0,44.4,17.7
2024-06-16,Katraj,18.4575,73.8677,42.7,32.9,58.9,8.4,0.0,48.2,22.8
2024-06-17,Katraj,18.4575,73.8677,10.8,31.5,71.5,9.6,6.8,60.1,22.9
2024-06-18,Katraj,18.4575,73.8677,43.5,29.6,57.3,8.1,0.0,65.2,20.0
2024-06-19,Katraj,18.4575,73.8677,43.4,34.0,70.0,9.8,0.0,70.1,26.1
2024-06-20,Katraj,18.4575,73.8677,40.2,31.1,53.2,6.1,0.0,68.6,22.5
2024-06-21,Katraj,18.4575,73.8677,10.8,31.5,78.4,11.1,6.5,67.5,25.6
2024-06-22,Katraj,18.4575,73.8677,8.0,31.4,72.2,10.4,17.3,39.8,18.8
2024-06-23,Katraj,18.4575,73.8677,17.0,30.4,82.4,9.7,7.7,54.1,22.6
2024-06-24,Katraj,18.4575,73.8677,47.7,29.9,65.0,9.1,0.0,70.0,25.3
2024-06-25,Katraj,18.4575,73.8677,44.9,33.2,66.1,8.2,0.0,67.2,18.3
2024-06-26,Katraj,18.4575,73.8677,48.9,31.8,60.2,11.5,0.0,69.6,25.8
2024-06-27,Katraj,18.4575,73.8677,47.9,31.5,61.7,7.8,0.0,63.2,24.1
2024-06-28,Katraj,18.4575,73.8677,45.4,31.1,70.9,11.3,0.0,56.1,28.3
2024-06-29,Katraj,18.4575,73.8677,28.7,29.1,75.8,14.5,0.0,47.4,21.8
2024-06-30,Katraj,18.4575,73.8677,14.4,31.7,85.0,13.4,9.9,49.2,22.7
2024-07-01,Katraj,18.4575,73.8677,50.1,29.1,63.8,7.5,0.0,67.0,23.0
2024-07-02,Katraj,18.4575,73.8677,24.3,30.3,85.7,9.5,4.4,63.7,22.8
2024-07-03,Katraj,18.4575,73.8677,14.5,27.9,96.8,11.5,9.4,57.7,24.7
2024-07-04,Katraj,18.4575,73.8677,23.0,27.3,70.9,10.6,0.0,56.8,23.9
2024-07-05,Katraj,18.4575,73.8677,24.0,30.1,78.4,8.0,0.0,73.7,28.1
2024-07-06,Katraj,18.4575,73.8677,9.5,28.6,83.0,11.6,3.6,47.6,20.4
2024-07-07,Katraj,18.4575,73.8677,8.5,27.1,87.1,10.9,14.6,40.9,17.7
2024-07-08,Katraj,18.4575,73.8677,12.8,30.0,91.1,14.8,11.0,57.7,22.7
2024-07-09,Katraj,18.4575,73.8677,11.0,31.8,90.6,10.6,14.7,65.5,27.2
2024-07-10,Katraj,18.4575,73.8677,24.4,30.8,85.4,13.5,5.4,68.3,24.4
2024-07-11,Katraj,18.4575,73.8677,45.0,28.7,70.8,8.7,0.0,61.8,24.2
2024-07-12,Katraj,18.4575,73.8677,37.7,28.9,80.4,9.2,0.0,72.4,27.5
2024-07-13,Katraj,18.4575,73.8677,25.9,29.8,96.9,12.8,3.7,47.8,18.5
2024-07-14,Katraj,18.4575,73.8677,8.0,30.0,98.0,13.6,18.2,38.2,15.2
2024-07-15,Katraj,18.4575,73.8677,8.0,28.1,98.0,9.5,10.4,59.9,22.7
2024-07-16,Katraj,18.4575,73.8677,8.0,28.5,93.2,11.5,14.8,55.3,25.4
2024-07-17,Katraj,18.4575,73.8677,8.0,28.7,91.5,8.8,11.0,54.5,24.2
2024-07-18,Katraj,18.4575,73.8677,20.7,28.8,85.2,11.2,0.0,70.5,20.9
2024-07-19,Katraj,18.4575,73.8677,25.1,27.9,82.5,13.3,0.0,65.5,27.3
2024-07-20,Katraj,18.4575,73.8677,16.4,27.8,89.4,10.8,1.6,52.7,21.2
2024-07-21,Katraj,18.4575,73.8677,8.0,29.5,89.5,11.2,27.9,37.9,21.8
2024-07-22,Katraj,18.4575,73.8677,19.6,29.1,97.5,9.5,2.0,68.3,25.8
2024-07-23,Katraj,18.4575,73.8677,8.0,28.1,94.5,10.5,22.8,45.0,21.6
2024-07-24,Katraj,18.4575,73.8677,8.7,29.5,80.6,15.4,0.0,62.3,25.6
2024-07-25,Katraj,18.4575,73.8677,14.2,26.9,86.3,12.0,0.0,69.4,27.1
2024-07-26,Katraj,18.4575,73.8677,15.1,29.1,85.0,9.9,0.0,60.2,27.7
2024-07-27,Katraj,18.4575,73.8677,13.9,27.7,88.1,11.3,0.0,52.3,22.6
2024-07-28,Katraj,18.4575,73.8677,14.3,30.9,86.9,8.8,4.9,41.0,22.1
2024-07-29,Katraj,18.4575,73.8677,26.3,25.4,83.0,9.9,0.0,66.7,20.5
2024-07-30,Katraj,18.4575,73.8677,8.0,25.9,98.0,14.7,5.9,71.7,24.8
2024-07-31,Katraj,18.4575,73.8677,8.0,27.1,89.3,11.7,12.8,64.1,22.4
2024-08-01,Katraj,18.4575,73.8677,14.3,26.9,93.7,15.8,3.7,55.5,28.0
2024-08-02,Katraj,18.4575,73.8677,13.9,28.6,92.8,11.8,18.7,61.5,27.6
2024-08-03,Katraj,18.4575,73.8677,17.3,25.4,97.1,11.9,8.5,55.3,18.4
2024-08-04,Katraj,18.4575,73.8677,10.8,27.1,98.0,13.3,3.4,62.7,20.7
2024-08-05,Katraj,18.4575,73.8677,26.9,27.3,92.0,6.6,0.0,69.0,25.4
2024-08-06,Katraj,18.4575,73.8677,26.8,26.6,77.7,12.4,0.0,59.8,27.1
2024-08-07,Katraj,18.4575,73.8677,8.2,24.5,98.0,11.9,13.3,62.1,20.6
2024-08-08,Katraj,18.4575,73.8677,8.0,27.2,98.0,14.9,18.2,65.5,19.3
2024-08-09,Katraj,18.4575,73.8677,19.8,26.9,83.1,13.8,0.0,65.7,24.9
2024-08-10,Katraj,18.4575,73.8677,8.0,26.0,98.0,9.6,18.3,46.5,14.5
2024-08-11,Katraj,18.4575,73.8677,8.0,25.4,97.2,14.3,19.4,36.5,21.2
2024-08-12,Katraj,18.4575,73.8677,17.1,25.3,98.0,11.3,3.3,66.8,26.3
2024-08-13,Katraj,18.4575,73.8677,19.5,24.8,98.0,10.0,4.0,52.2,27.9
2024-08-14,Katraj,18.4575,73.8677,8.0,25.5,89.4,12.1,15.3,54.2,23.2
2024-08-15,Katraj,18.4575,73.8677,28.9,24.7,83.3,11.3,0.0,66.6,25.2
2024-08-16,Katraj,18.4575,73.8677,26.5,23.5,83.4,14.7,0.0,64.8,26.4
2024-08-17,Katraj,18.4575,73.8677,35.6,23.1,80.1,12.3,0.0,43.9,17.9
2024-08-18,Katraj,18.4575,73.8677,25.2,23.3,98.0,12.0,3.4,46.2,23.1
2024-08-19,Katraj,18.4575,73.8677,38.7,24.4,78.5,13.3,0.0,68.2,25.5
2024-08-20,Katraj,18.4575,73.8677,34.4,24.0,78.0,13.6,0.0,66.2,23.3
2024-08-21,Katraj,18.4575,73.8677,21.1,24.1,77.1,13.0,1.0,66.4,25.2
2024-08-22,Katraj,18.4575,73.8677,41.0,24.3,65.9,14.2,0.0,70.3,24.5
2024-08-23,Katraj,18.4575,73.8677,22.9,22.9,90.0,12.5,4.4,62.7,26.8
2024-08-24,Katraj,18.4575,73.8677,8.0,25.3,86.5,11.5,30.8,41.8,19.9
2024-08-25,Katraj,18.4575,73.8677,10.0,23.0,83.3,13.6,11.1,39.9,21.4
2024-08-26,Katraj,18.4575,73.8677,22.2,22.7,95.8,10.9,5.5,73.5,23.2
2024-08-27,Katraj,18.4575,73.8677,12.2,23.7,90.5,11.1,3.9,70.2,22.5
2024-08-28,Katraj,18.4575,73.8677,8.0,20.8,87.2,14.4,3.3,63.2,25.2
2024-08-29,Katraj,18.4575,73.8677,10.1,21.9,83.9,14.1,5.9,62.2,22.6
2024-08-30,Katraj,18.4575,73.8677,26.0,23.9,72.5,10.8,0.0,67.6,26.8
2024-08-31,Katraj,18.4575,73.8677,8.0,20.6,90.3,9.8,7.8,49.5,22.3
2024-09-01,Katraj,18.4575,73.8677,8.0,23.9,80.6,13.5,13.1,49.3,18.9
2024-09-02,Katraj,18.4575,73.8677,8.1,24.2,84.0,12.1,8.7,55.5,25.3
2024-09-03,Katraj,18.4575,73.8677,37.9,21.8,72.7,11.1,0.0,68.8,22.9
2024-09-04,Katraj,18.4575,73.8677,49.2,22.5,58.0,9.7,0.0,56.0,20.8
2024-09-05,Katraj,18.4575,73.8677,45.9,23.4,66.7,11.0,0.0,65.7,23.3
2024-09-06,Katraj,18.4575,73.8677,10.6,21.4,79.1,10.2,15.6,66.0,24.7
2024-09-07,Katraj,18.4575,73.8677,8.0,22.9,79.9,8.8,10.9,37.9,22.1
2024-09-08,Katraj,18.4575,73.8677,34.6,20.9,62.4,10.3,0.0,42.4,21.2
2024-09-09,Katraj,18.4575,73.8677,18.9,21.0,79.9,10.5,6.0,64.7,27.1
2024-09-10,Katraj,18.4575,73.8677,46.4,20.5,73.1,9.2,0.0,73.5,22.3
2024-09-11,Katraj,18.4575,73.8677,50.8,21.8,61.2,11.6,0.0,68.2,23.9
2024-09-12,Katraj,18.4575,73.8677,49.6,22.7,63.6,12.3,0.0,57.1,28.9
2024-09-13,Katraj,18.4575,73.8677,49.2,20.9,71.4,11.6,0.0,58.2,20.0
2024-09-14,Katraj,18.4575,73.8677,51.1,19.5,58.1,9.1,0.0,50.9,19.7
2024-09-15,Katraj,18.4575,73.8677,16.1,19.7,84.2,11.1,17.6,35.7,18.1
2024-09-16,Katraj,18.4575,73.8677,53.4,21.3,59.5,9.6,0.0,67.3,24.3
2024-09-17,Katraj,18.4575,73.8677,19.8,23.0,82.8,6.9,8.7,63.2,23.7
2024-09-18,Katraj,18.4575,73.8677,48.9,21.1,62.0,10.7,0.0,64.2,26.3
2024-09-19,Katraj,18.4575,73.8677,26.3,20.1,74.2,9.5,5.5,72.9,25.4
2024-09-20,Katraj,18.4575,73.8677,51.4,21.4,56.7,14.4,0.0,69.6,21.5
2024-09-21,Katraj,18.4575,73.8677,50.4,20.1,53.3,12.0,0.0,56.5,19.3
2024-09-22,Katraj,18.4575,73.8677,12.0,19.8,71.2,10.5,3.6,53.2,20.8
2024-09-23,Katraj,18.4575,73.8677,8.2,19.0,74.8,9.5,14.3,58.7,26.6
2024-09-24,Katraj,18.4575,73.8677,60.7,21.8,54.6,9.3,0.0,65.6,30.9
2024-09-25,Katraj,18.4575,73.8677,25.0,17.0,67.6,6.9,9.3,60.5,26.6
2024-09-26,Katraj,18.4575,73.8677,62.4,20.9,52.4,5.3,0.0,70.0,22.3
2024-09-27,Katraj,18.4575,73.8677,62.0,19.3,58.1,7.0,0.0,63.3,24.6
2024-09-28,Katraj,18.4575,73.8677,61.4,19.3,58.7,8.6,0.0,59.0,21.3
2024-09-29,Katraj,18.4575,73.8677,31.4,21.7,63.8,4.4,4.9,44.2,19.5
2024-09-30,Katraj,18.4575,73.8677,68.7,18.7,48.3,7.5,0.0,67.7,26.0
2024-10-01,Katraj,18.4575,73.8677,59.5,18.7,53.1,8.0,0.0,65.5,19.1
2024-10-02,Katraj,18.4575,73.8677,55.1,19.3,58.4,8.1,0.5,64.1,26.2
2024-10-03,Katraj,18.4575,73.8677,60.9,19.9,56.1,7.1,0.0,77.5,23.6
2024-10-04,Katraj,18.4575,73.8677,62.0,18.8,43.7,7.7,0.0,64.4,24.5
2024-10-05,Katraj,18.4575,73.8677,53.7,17.3,48.2,11.8,0.0,48.9,24.5
2024-10-06,Katraj,18.4575,73.8677,49.5,18.1,44.5,9.6,0.0,47.1,17.6
2024-10-07,Katraj,18.4575,73.8677,57.1,20.6,47.4,7.1,0.0,66.8,25.5
2024-10-08,Katraj,18.4575,73.8677,60.6,19.1,56.4,8.1,0.0,66.1,26.8
2024-10-09,Katraj,18.4575,73.8677,66.3,19.5,40.9,8.1,0.0,61.0,25.2
2024-10-10,Katraj,18.4575,73.8677,76.6,18.6,39.6,6.6,0.0,64.5,20.8
2024-10-11,Katraj,18.4575,73.8677,69.6,18.0,43.3,6.6,0.0,69.6,28.2
2024-10-12,Katraj,18.4575,73.8677,16.9,20.8,63.5,10.1,13.2,49.0,20.3
2024-10-13,Katraj,18.4575,73.8677,65.2,18.5,49.9,7.2,0.0,50.5,19.5
2024-10-14,Katraj,18.4575,73.8677,43.4,18.1,63.7,5.8,3.2,65.3,24.0
2024-10-15,Katraj,18.4575,73.8677,71.5,19.9,52.2,7.9,0.0,64.8,23.8
2024-10-16,Katraj,18.4575,73.8677,29.4,17.7,52.2,8.2,9.7,59.2,21.8
2024-10-17,Katraj,18.4575,73.8677,63.2,17.8,51.7,4.0,0.0,62.0,25.2
2024-10-18,Katraj,18.4575,73.8677,77.0,18.5,43.9,7.8,0.0,58.8,23.3
2024-10-19,Katraj,18.4575,73.8677,75.2,18.4,48.8,9.6,0.0,46.9,22.5
2024-10-20,Katraj,18.4575,73.8677,73.6,18.7,38.2,8.7,0.0,54.9,22.1
2024-10-21,Katraj,18.4575,73.8677,79.3,20.8,44.6,12.2,0.0,64.5,28.9
2024-10-22,Katraj,18.4575,73.8677,67.8,18.7,45.5,10.2,0.0,64.9,24.3
2024-10-23,Katraj,18.4575,73.8677,74.4,15.4,49.8,10.5,0.0,64.8,22.8
2024-10-24,Katraj,18.4575,73.8677,89.0,18.6,35.8,13.2,0.0,72.8,21.1
2024-10-25,Katraj,18.4575,73.8677,82.4,18.2,43.7,9.1,0.0,62.0,30.3
2024-10-26,Katraj,18.4575,73.8677,75.0,18.2,37.8,7.8,0.0,51.8,22.5
2024-10-27,Katraj,18.4575,73.8677,63.1,18.4,45.5,9.4,0.0,50.1,19.1
2024-10-28,Katraj,18.4575,73.8677,79.2,18.1,46.6,6.3,0.0,66.9,29.0
2024-10-29,Katraj,18.4575,73.8677,78.6,18.0,48.9,7.6,0.0,67.8,28.2
2024-10-30,Katraj,18.4575,73.8677,71.5,18.8,39.6,6.0,0.0,66.9,21.4
2024-10-31,Katraj,18.4575,73.8677,80.4,17.4,46.7,8.1,0.0,70.6,22.9
2024-11-01,Katraj,18.4575,73.8677,37.3,16.9,63.6,5.9,8.7,62.1,24.5
2024-11-02,Katraj,18.4575,73.8677,79.2,21.7,33.3,5.8,0.0,59.1,18.1
2024-11-03,Katraj,18.4575,73.8677,75.0,17.2,44.4,7.9,0.0,50.6,20.6
2024-11-04,Katraj,18.4575,73.8677,76.2,18.1,45.9,6.8,0.0,58.1,26.6
2024-11-05,Katraj,18.4575,73.8677,65.4,16.2,39.6,3.2,0.0,69.8,21.4
2024-11-06,Katraj,18.4575,73.8677,69.4,18.1,34.6,4.1,0.0,68.6,25.5
2024-11-07,Katraj,18.4575,73.8677,28.2,16.9,60.1,4.6,11.2,61.2,27.7
2024-11-08,Katraj,18.4575,73.8677,80.8,17.5,34.2,5.1,0.0,65.3,25.8
2024-11-09,Katraj,18.4575,73.8677,19.9,19.3,54.1,7.6,7.6,36.1,20.6
2024-11-10,Katraj,18.4575,73.8677,69.4,18.6,39.6,7.2,0.0,40.7,19.1
2024-11-11,Katraj,18.4575,73.8677,93.3,18.7,43.2,8.8,0.0,74.8,26.9
2024-11-12,Katraj,18.4575,73.8677,81.3,15.9,36.2,8.2,0.0,63.7,21.9
2024-11-13,Katraj,18.4575,73.8677,92.0,20.2,35.8,8.8,0.0,71.4,25.4
2024-11-14,Katraj,18.4575,73.8677,94.9,16.6,39.5,7.8,0.0,58.6,24.9
2024-11-15,Katraj,18.4575,73.8677,98.3,19.9,43.8,6.9,0.0,61.4,27.6
2024-11-16,Katraj,18.4575,73.8677,91.2,19.3,50.0,8.7,0.0,53.8,19.3
2024-11-17,Katraj,18.4575,73.8677,103.5,18.8,30.9,8.3,0.0,49.9,19.6
2024-11-18,Katraj,18.4575,73.8677,104.1,17.1,39.8,7.1,0.0,69.3,21.7
2024-11-19,Katraj,18.4575,73.8677,109.5,18.3,32.6,8.9,0.0,66.5,25.9
2024-11-20,Katraj,18.4575,73.8677,78.3,17.6,42.9,1.6,0.0,65.6,23.7
2024-11-21,Katraj,18.4575,73.8677,102.1,18.2,32.9,5.7,0.0,63.2,22.6
2024-11-22,Katraj,18.4575,73.8677,29.0,17.9,49.1,5.6,10.0,55.6,22.9
2024-11-23,Katraj,18.4575,73.8677,101.6,15.8,34.3,8.4,0.0,57.4,22.1
2024-11-24,Katraj,18.4575,73.8677,102.4,19.6,36.7,9.2,0.0,58.2,18.0
2024-11-25,Katraj,18.4575,73.8677,80.1,18.2,38.5,3.1,0.0,61.4,22.3
2024-11-26,Katraj,18.4575,73.8677,102.5,17.8,39.2,8.8,0.0,61.1,27.0
2024-11-27,Katraj,18.4575,73.8677,85.5,17.7,36.5,3.6,0.0,64.9,24.4
2024-11-28,Katraj,18.4575,73.8677,91.6,18.9,29.8,3.6,0.0,68.3,27.2
2024-11-29,Katraj,18.4575,73.8677,97.6,17.4,39.9,5.4,0.0,65.7,23.9
2024-11-30,Katraj,18.4575,73.8677,92.0,15.8,35.8,5.2,0.0,52.9,20.8
2024-12-01,Katraj,18.4575,73.8677,74.5,19.1,41.7,2.7,0.0,50.2,21.2
2024-12-02,Katraj,18.4575,73.8677,103.9,19.3,32.2,7.0,0.0,66.0,28.3
2024-12-03,Katraj,18.4575,73.8677,112.0,18.5,27.6,7.1,0.0,78.7,28.1
2024-12-04,Katraj,18.4575,73.8677,26.3,17.4,50.3,7.8,11.0,58.5,27.7
2024-12-05,Katraj,18.4575,73.8677,91.3,18.9,41.8,4.7,0.0,74.8,23.2
2024-12-06,Katraj,18.4575,73.8677,102.9,17.1,35.9,5.5,0.0,73.8,22.3
2024-12-07,Katraj,18.4575,73.8677,95.8,17.7,34.0,5.5,0.0,52.9,22.7
2024-12-08,Katraj,18.4575,73.8677,113.7,18.1,30.5,8.9,0.0,40.8,24.2
2024-12-09,Katraj,18.4575,73.8677,80.1,20.1,43.5,1.2,0.0,66.8,27.7
2024-12-10,Katraj,18.4575,73.8677,89.3,18.7,29.4,3.5,0.0,64.0,24.8
2024-12-11,Katraj,18.4575,73.8677,107.7,18.7,30.8,5.4,0.0,66.7,26.6
2024-12-12,Katraj,18.4575,73.8677,90.5,21.6,37.1,3.2,0.0,61.3,26.7
2024-12-13,Katraj,18.4575,73.8677,107.2,19.8,24.9,4.8,0.0,70.4,25.2
2024-12-14,Katraj,18.4575,73.8677,95.0,19.8,40.4,5.0,0.0,55.3,21.3
2024-12-15,Katraj,18.4575,73.8677,93.6,19.1,37.0,3.9,0.0,56.3,21.0
2024-12-16,Katraj,18.4575,73.8677,97.8,18.9,38.3,5.3,0.0,64.7,22.8
2024-12-17,Katraj,18.4575,73.8677,110.1,17.0,36.5,6.4,0.0,61.3,23.1
2024-12-18,Katraj,18.4575,73.8677,103.7,20.9,32.8,4.7,0.0,68.4,23.0
2024-12-19,Katraj,18.4575,73.8677,113.6,20.4,28.1,4.2,0.0,75.4,20.8
2024-12-20,Katraj,18.4575,73.8677,103.2,19.7,32.6,4.7,0.0,66.9,25.2
2024-12-21,Katraj,18.4575,73.8677,100.1,19.8,28.4,5.0,0.0,52.7,20.7
2024-12-22,Katraj,18.4575,73.8677,28.8,21.0,50.6,1.5,10.6,43.9,22.7
2024-12-23,Katraj,18.4575,73.8677,99.5,18.3,37.1,5.9,0.0,64.1,28.0
2024-12-24,Katraj,18.4575,73.8677,39.1,19.6,55.3,4.1,7.9,65.9,28.1
2024-12-25,Katraj,18.4575,73.8677,109.4,19.0,34.7,7.5,0.0,66.1,28.3
2024-12-26,Katraj,18.4575,73.8677,103.1,22.6,37.4,6.1,0.0,68.6,22.9
2024-12-27,Katraj,18.4575,73.8677,121.1,21.6,31.2,7.2,0.0,69.1,21.2
2024-12-28,Katraj,18.4575,73.8677,85.4,18.0,30.2,2.9,0.0,52.1,23.1
2024-12-29,Katraj,18.4575,73.8677,89.4,18.9,34.9,4.1,0.0,53.2,24.3
2024-12-30,Katraj,18.4575,73.8677,92.9,20.7,30.6,2.4,0.0,62.3,28.7
2024-12-31,Katraj,18.4575,73.8677,96.2,20.4,33.8,3.4,0.0,62.0,26.0
2022-01-01,Kothrud,18.5074,73.8077,68.9,22.5,25.8,2.7,0.0,45.6,13.9
2022-01-02,Kothrud,18.5074,73.8077,72.9,20.2,42.1,3.0,0.0,54.0,17.2
2022-01-03,Kothrud,18.5074,73.8077,85.9,22.4,33.9,6.1,0.0,57.1,21.4
2022-01-04,Kothrud,18.5074,73.8077,83.9,19.6,34.6,6.5,0.0,60.6,20.0
2022-01-05,Kothrud,18.5074,73.8077,79.7,22.7,28.8,2.8,0.0,67.2,19.9
2022-01-06,Kothrud,18.5074,73.8077,83.3,21.0,35.8,6.1,0.0,56.7,19.7
2022-01-07,Kothrud,18.5074,73.8077,85.9,20.4,30.2,3.7,0.0,71.8,20.3
2022-01-08,Kothrud,18.5074,73.8077,78.8,21.5,30.7,4.8,0.0,46.5,17.4
2022-01-09,Kothrud,18.5074,73.8077,80.7,22.2,35.1,7.6,0.0,52.0,17.2
2022-01-10,Kothrud,18.5074,73.8077,87.6,21.3,23.9,6.3,0.0,67.3,19.7
2022-01-11,Kothrud,18.5074,73.8077,90.8,22.7,40.0,6.3,0.0,62.1,19.5
2022-01-12,Kothrud,18.5074,73.8077,35.3,21.5,47.9,8.5,6.7,57.2,19.4
2022-01-13,Kothrud,18.5074,73.8077,78.0,23.0,38.4,3.3,0.0,62.7,17.6
2022-01-14,Kothrud,18.5074,73.8077,90.0,22.9,26.6,2.7,0.0,66.5,17.6
2022-01-15,Kothrud,18.5074,73.8077,75.0,22.4,27.4,3.3,0.0,42.7,17.0
2022-01-16,Kothrud,18.5074,73.8077,80.3,22.1,26.2,4.2,0.0,41.6,13.8
2022-01-17,Kothrud,18.5074,73.8077,90.9,22.9,33.3,1.2,0.0,70.3,21.6
2022-01-18,Kothrud,18.5074,73.8077,87.7,23.5,32.3,4.3,0.0,59.2,19.5
2022-01-19,Kothrud,18.5074,73.8077,88.1,25.5,29.7,3.6,0.0,64.7,21.6
2022-01-20,Kothrud,18.5074,73.8077,82.6,24.2,27.0,6.3,0.0,61.9,21.2
2022-01-21,Kothrud,18.5074,73.8077,82.8,24.4,25.7,5.4,0.0,62.1,21.7
2022-01-22,Kothrud,18.5074,73.8077,73.3,27.1,31.9,3.5,0.0,54.8,14.4
2022-01-23,Kothrud,18.5074,73.8077,78.1,24.1,29.8,5.9,0.0,47.2,16.6
2022-01-24,Kothrud,18.5074,73.8077,99.7,24.2,28.8,6.2,0.0,61.1,21.4
2022-01-25,Kothrud,18.5074,73.8077,86.0,24.6,40.0,3.2,0.0,61.6,15.7
2022-01-26,Kothrud,18.5074,73.8077,91.0,22.7,31.9,3.8,0.0,60.4,23.9
2022-01-27,Kothrud,18.5074,73.8077,86.8,23.5,38.7,1.2,0.0,59.5,25.3
2022-01-28,Kothrud,18.5074,73.8077,88.5,23.5,29.7,2.6,0.0,60.4,22.0
2022-01-29,Kothrud,18.5074,73.8077,81.4,25.0,33.7,3.3,0.0,55.9,17.6
2022-01-30,Kothrud,18.5074,73.8077,80.1,24.2,32.2,5.0,0.0,51.2,17.1
2022-01-31,Kothrud,18.5074,73.8077,80.2,24.7,24.1,3.0,0.0,61.2,18.8
2022-02-01,Kothrud,18.5074,73.8077,25.5,25.9,54.8,3.8,15.1,60.3,19.3
2022-02-02,Kothrud,18.5074,73.8077,75.7,25.8,32.0,2.4,0.0,55.0,22.0
2022-02-03,Kothrud,18.5074,73.8077,89.0,24.7,36.5,5.3,0.0,69.8,17.2
2022-02-04,Kothrud,18.5074,73.8077,52.2,24.2,44.1,5.8,3.0,67.9,16.9
2022-02-05,Kothrud,18.5074,73.8077,79.7,26.5,32.1,5.8,0.0,58.8,14.6
2022-02-06,Kothrud,18.5074,73.8077,83.9,26.2,28.7,5.0,0.0,52.7,17.2
2022-02-07,Kothrud,18.5074,73.8077,78.7,23.5,39.3,1.9,0.0,65.1,17.4
2022-02-08,Kothrud,18.5074,73.8077,92.7,25.2,34.8,3.8,0.0,69.4,19.0
2022-02-09,Kothrud,18.5074,73.8077,85.1,25.9,35.2,4.3,0.0,59.8,19.3
2022-02-10,Kothrud,18.5074,73.8077,80.7,26.7,40.2,4.3,0.0,60.9,17.1
2022-02-11,Kothrud,18.5074,73.8077,80.6,27.0,39.3,5.3,0.0,62.6,13.5
2022-02-12,Kothrud,18.5074,73.8077,78.3,26.4,37.5,8.0,0.0,54.4,13.0
2022-02-13,Kothrud,18.5074,73.8077,66.0,26.9,26.7,6.8,0.0,43.3,16.3
2022-02-14,Kothrud,18.5074,73.8077,73.6,26.4,30.4,3.3,0.0,58.1,20.8
2022-02-15,Kothrud,18.5074,73.8077,93.6,25.6,29.0,6.6,0.0,64.1,20.8
2022-02-16,Kothrud,18.5074,73.8077,90.5,26.2,37.8,6.6,0.0,66.5,21.1
2022-02-17,Kothrud,18.5074,73.8077,80.8,26.7,35.1,3.7,0.0,59.4,18.0
2022-02-18,Kothrud,18.5074,73.8077,88.0,26.8,27.4,7.1,0.0,66.3,17.5
2022-02-19,Kothrud,18.5074,73.8077,80.1,24.7,33.6,5.1,0.0,54.4,16.5
2022-02-20,Kothrud,18.5074,73.8077,71.7,26.6,27.2,2.6,0.0,53.6,15.1
2022-02-21,Kothrud,18.5074,73.8077,84.5,27.3,34.5,6.4,0.0,64.7,21.9
2022-02-22,Kothrud,18.5074,73.8077,75.3,27.0,26.7,6.0,0.0,62.4,20.6
2022-02-23,Kothrud,18.5074,73.8077,75.2,27.2,37.7,5.1,0.0,71.6,22.8
2022-02-24,Kothrud,18.5074,73.8077,73.5,28.2,37.1,5.5,0.0,63.0,18.4
2022-02-25,Kothrud,18.5074,73.8077,77.9,26.4,44.9,4.2,0.0,67.6,22.3
2022-02-26,Kothrud,18.5074,73.8077,33.1,25.9,54.7,6.9,9.8,52.5,20.7
2022-02-27,Kothrud,18.5074,73.8077,65.2,27.5,33.5,5.6,0.0,51.8,15.7
2022-02-28,Kothrud,18.5074,73.8077,63.0,29.0,39.9,6.1,0.0,57.9,20.8
2022-03-01,Kothrud,18.5074,73.8077,70.2,30.2,29.0,6.5,0.0,56.7,17.3
2022-03-02,Kothrud,18.5074,73.8077,65.5,29.2,31.3,3.5,0.0,61.4,21.8
2022-03-03,Kothrud,18.5074,73.8077,73.3,26.7,37.9,4.1,0.0,66.4,22.4
2022-03-04,Kothrud,18.5074,73.8077,60.0,28.3,25.6,1.5,0.0,65.1,18.4
2022-03-05,Kothrud,18.5074,73.8077,65.7,29.0,36.4,7.1,0.0,58.6,17.1
2022-03-06,Kothrud,18.5074,73.8077,58.4,29.0,31.6,3.6,0.0,49.8,16.3
2022-03-07,Kothrud,18.5074,73.8077,70.7,29.5,37.4,6.3,0.0,61.3,20.6
2022-03-08,Kothrud,18.5074,73.8077,66.1,27.9,31.7,6.9,0.0,57.2,21.6
2022-03-09,Kothrud,18.5074,73.8077,61.5,29.2,39.3,7.4,0.0,68.8,20.9
2022-03-10,Kothrud,18.5074,73.8077,59.5,29.7,37.5,3.8,0.0,62.9,19.3
2022-03-11,Kothrud,18.5074,73.8077,62.5,30.3,44.5,6.1,0.0,55.4,21.7
2022-03-12,Kothrud,18.5074,73.8077,68.3,28.5,37.7,9.6,0.0,47.7,18.4
2022-03-13,Kothrud,18.5074,73.8077,63.0,29.1,34.0,9.8,0.0,42.6,14.2
2022-03-14,Kothrud,18.5074,73.8077,72.1,26.4,36.8,8.4,0.0,60.8,19.6
2022-03-15,Kothrud,18.5074,73.8077,72.0,29.0,31.5,7.1,0.0,62.9,15.2
2022-03-16,Kothrud,18.5074,73.8077,70.7,29.3,40.4,4.5,0.0,58.4,21.1
2022-03-17,Kothrud,18.5074,73.8077,70.8,28.8,41.5,8.0,0.0,60.5,22.7
2022-03-18,Kothrud,18.5074,73.8077,55.4,30.3,51.0,6.2,0.0,59.2,19.0
2022-03-19,Kothrud,18.5074,73.8077,54.6,30.1,35.7,7.7,0.0,44.0,15.9
2022-03-20,Kothrud,18.5074,73.8077,51.8,27.6,37.6,5.4,0.0,42.6,15.0
2022-03-21,Kothrud,18.5074,73.8077,63.6,30.6,36.3,6.3,0.0,60.5,18.6
2022-03-22,Kothrud,18.5074,73.8077,55.0,29.4,40.4,7.1,0.0,58.4,20.2
2022-03-23,Kothrud,18.5074,73.8077,57.3,31.2,41.4,7.3,0.0,65.8,17.6
2022-03-24,Kothrud,18.5074,73.8077,63.2,29.1,39.3,7.8,0.0,63.9,19.0
2022-03-25,Kothrud,18.5074,73.8077,60.6,30.8,45.2,5.7,0.0,68.9,17.3
2022-03-26,Kothrud,18.5074,73.8077,54.4,30.5,36.8,4.2,0.0,57.0,17.1
2022-03-27,Kothrud,18.5074,73.8077,31.0,31.3,60.0,10.2,6.6,47.7,16.2
2022-03-28,Kothrud,18.5074,73.8077,61.1,31.2,42.9,12.0,0.0,65.1,18.5
2022-03-29,Kothrud,18.5074,73.8077,66.4,30.8,40.3,7.9,0.0,66.6,19.7
2022-03-30,Kothrud,18.5074,73.8077,65.6,29.4,38.9,4.4,0.0,65.2,19.0
2022-03-31,Kothrud,18.5074,73.8077,59.7,29.5,52.8,5.6,0.0,63.2,22.5
2022-04-01,Kothrud,18.5074,73.8077,61.1,30.7,36.7,8.2,0.0,62.8,18.5
2022-04-02,Kothrud,18.5074,73.8077,52.0,31.4,42.4,9.9,0.0,42.5,17.2
2022-04-03,Kothrud,18.5074,73.8077,51.9,30.8,37.3,4.8,0.0,51.8,13.8
2022-04-04,Kothrud,18.5074,73.8077,53.0,32.4,50.1,7.0,0.0,62.7,21.6
2022-04-05,Kothrud,18.5074,73.8077,55.1,31.3,45.7,7.7,0.0,70.1,22.2
2022-04-06,Kothrud,18.5074,73.8077,55.7,30.6,38.0,9.0,0.0,67.5,22.3
2022-04-07,Kothrud,18.5074,73.8077,50.6,31.5,44.1,6.7,0.0,59.8,23.3
2022-04-08,Kothrud,18.5074,73.8077,51.6,32.2,42.9,4.2,0.0,69.1,20.3
2022-04-09,Kothrud,18.5074,73.8077,34.1,32.3,39.1,8.6,0.0,34.8,18.7
2022-04-10,Kothrud,18.5074,73.8077,44.8,34.3,45.6,9.7,0.0,57.3,19.7
2022-04-11,Kothrud,18.5074,73.8077,43.6,31.3,43.9,7.3,0.0,56.2,16.8
2022-04-12,Kothrud,18.5074,73.8077,41.3,32.1,43.1,8.3,0.0,65.4,18.1
2022-04-13,Kothrud,18.5074,73.8077,43.3,32.7,41.9,6.5,0.0,65.0,15.9
2022-04-14,Kothrud,18.5074,73.8077,46.9,32.2,44.3,5.8,0.0,68.5,22.3
2022-04-15,Kothrud,18.5074,73.8077,52.8,31.7,43.4,9.6,0.0,61.3,15.8
2022-04-16,Kothrud,18.5074,73.8077,41.1,30.5,42.6,8.3,0.0,36.9,11.2
2022-04-17,Kothrud,18.5074,73.8077,48.9,31.8,39.1,8.5,0.0,46.0,12.9
2022-04-18,Kothrud,18.5074,73.8077,57.0,31.2,50.8,10.5,0.0,61.8,15.3
2022-04-19,Kothrud,18.5074,73.8077,51.2,30.4,37.2,5.4,0.0,52.7,20.3
2022-04-20,Kothrud,18.5074,73.8077,52.1,31.6,44.6,6.4,0.0,63.1,16.9
2022-04-21,Kothrud,18.5074,73.8077,58.7,31.3,40.9,7.9,0.0,57.5,15.4
2022-04-22,Kothrud,18.5074,73.8077,57.7,33.3,51.3,6.4,0.0,66.1,19.5
2022-04-23,Kothrud,18.5074,73.8077,53.7,33.4,38.1,9.1,0.0,46.4,15.6
2022-04-24,Kothrud,18.5074,73.8077,50.9,31.6,38.9,7.2,0.0,57.4,10.9
2022-04-25,Kothrud,18.5074,73.8077,55.7,32.4,37.8,5.6,0.0,61.6,17.8
2022-04-26,Kothrud,18.5074,73.8077,55.0,30.6,44.3,7.7,0.0,65.1,19.4
2022-04-27,Kothrud,18.5074,73.8077,46.7,32.2,35.9,7.9,0.0,61.8,18.7
2022-04-28,Kothrud,18.5074,73.8077,44.9,33.3,40.5,9.5,0.0,54.8,18.8
2022-04-29,Kothrud,18.5074,73.8077,46.4,33.9,32.2,8.4,0.0,61.9,22.5
2022-04-30,Kothrud,18.5074,73.8077,21.8,32.0,59.2,8.5,3.8,49.5,21.0
2022-05-01,Kothrud,18.5074,73.8077,8.0,34.2,55.6,8.3,34.1,33.6,14.8
2022-05-02,Kothrud,18.5074,73.8077,49.9,31.1,35.7,7.3,0.0,61.4,16.3
2022-05-03,Kothrud,18.5074,73.8077,46.7,31.4,48.7,6.2,0.0,55.6,19.0
2022-05-04,Kothrud,18.5074,73.8077,8.0,33.8,51.8,8.2,32.7,49.8,20.1
2022-05-05,Kothrud,18.5074,73.8077,45.2,35.0,47.5,7.0,0.0,65.0,19.5
2022-05-06,Kothrud,18.5074,73.8077,53.6,33.6,40.1,11.1,0.0,67.1,21.1
2022-05-07,Kothrud,18.5074,73.8077,49.9,32.9,51.7,10.4,0.0,46.2,21.1
2022-05-08,Kothrud,18.5074,73.8077,40.7,30.4,47.6,9.0,0.0,39.2,11.3
2022-05-09,Kothrud,18.5074,73.8077,47.6,30.6,38.9,8.5,0.0,65.6,18.3
2022-05-10,Kothrud,18.5074,73.8077,21.0,33.2,54.5,7.6,12.6,56.5,23.5
2022-05-11,Kothrud,18.5074,73.8077,55.0,32.6,47.3,5.2,0.0,69.9,18.3
2022-05-12,Kothrud,18.5074,73.8077,54.1,31.7,43.1,7.3,0.0,63.0,21.6
2022-05-13,Kothrud,18.5074,73.8077,49.6,33.1,43.7,8.0,0.0,62.7,21.2
2022-05-14,Kothrud,18.5074,73.8077,45.1,33.1,51.1,8.3,0.0,49.7,18.7
2022-05-15,Kothrud,18.5074,73.8077,54.1,34.1,41.2,8.8,0.0,44.6,20.4
2022-05-16,Kothrud,18.5074,73.8077,55.7,33.1,45.6,9.7,0.0,59.7,20.4
2022-05-17,Kothrud,18.5074,73.8077,56.4,34.4,50.1,6.5,0.0,62.4,15.2
2022-05-18,Kothrud,18.5074,73.8077,52.6,32.9,49.6,6.5,0.0,58.3,17.8
2022-05-19,Kothrud,18.5074,73.8077,49.8,32.8,45.0,10.8,0.0,61.8,25.1
2022-05-20,Kothrud,18.5074,73.8077,48.4,34.2,44.6,9.5,0.0,72.6,16.1
2022-05-21,Kothrud,18.5074,73.8077,40.1,31.7,37.6,7.2,0.0,52.8,16.8
2022-05-22,Kothrud,18.5074,73.8077,40.4,36.2,41.3,7.8,0.0,49.1,9.3
2022-05-23,Kothrud,18.5074,73.8077,53.6,33.3,48.4,7.8,0.0,70.7,16.2
2022-05-24,Kothrud,18.5074,73.8077,51.1,33.2,46.4,8.1,0.0,58.8,21.8
2022-05-25,Kothrud,18.5074,73.8077,52.5,33.4,47.8,9.1,0.0,75.4,19.7
2022-05-26,Kothrud,18.5074,73.8077,42.0,35.0,52.9,13.2,0.0,60.6,18.7
2022-05-27,Kothrud,18.5074,73.8077,51.4,33.6,42.1,8.6,0.0,72.9,17.6
2022-05-28,Kothrud,18.5074,73.8077,38.9,30.7,47.2,9.5,0.0,57.6,10.6
2022-05-29,Kothrud,18.5074,73.8077,30.1,34.3,49.7,4.9,0.0,38.8,17.3
2022-05-30,Kothrud,18.5074,73.8077,48.5,32.2,45.6,7.3,0.0,70.2,18.9
2022-05-31,Kothrud,18.5074,73.8077,41.6,32.6,56.7,10.8,0.0,61.5,15.8
2022-06-01,Kothrud,18.5074,73.8077,27.4,30.9,69.5,9.2,1.7,59.2,19.7
2022-06-02,Kothrud,18.5074,73.8077,43.6,33.1,51.8,1.2,0.0,65.5,21.1
2022-06-03,Kothrud,18.5074,73.8077,43.9,31.6,59.7,9.8,0.0,57.9,19.1
2022-06-04,Kothrud,18.5074,73.8077,15.9,32.4,58.7,12.4,8.9,45.6,15.9
2022-06-05,Kothrud,18.5074,73.8077,35.9,31.9,51.6,4.6,0.0,42.9,15.7
2022-06-06,Kothrud,18.5074,73.8077,8.0,34.5,69.0,11.7,13.9,56.8,17.8
2022-06-07,Kothrud,18.5074,73.8077,8.0,34.5,63.0,3.2,19.9,59.6,19.7
2022-06-08,Kothrud,18.5074,73.8077,43.0,32.1,54.6,10.6,0.0,64.8,21.4
2022-06-09,Kothrud,18.5074,73.8077,9.4,32.1,63.1,8.8,16.2,53.0,22.2
2022-06-10,Kothrud,18.5074,73.8077,43.2,31.5,57.6,4.2,0.0,65.6,21.6
2022-06-11,Kothrud,18.5074,73.8077,34.1,33.2,60.0,9.8,0.0,40.6,13.9
2022-06-12,Kothrud,18.5074,73.8077,8.0,31.4,71.6,11.3,15.8,35.5,17.2
2022-06-13,Kothrud,18.5074,73.8077,39.4,31.2,46.6,9.8,0.0,60.7,20.8
2022-06-14,Kothrud,18.5074,73.8077,45.2,32.9,51.6,10.3,0.0,66.8,17.8
2022-06-15,Kothrud,18.5074,73.8077,40.2,31.0,59.8,8.4,0.0,64.9,18.4
2022-06-16,Kothrud,18.5074,73.8077,42.4,31.5,57.7,5.5,0.0,65.6,21.3
2022-06-17,Kothrud,18.5074,73.8077,33.6,29.6,44.8,10.7,0.0,62.8,23.0
2022-06-18,Kothrud,18.5074,73.8077,23.8,32.2,65.1,12.9,0.0,43.7,11.1
2022-06-19,Kothrud,18.5074,73.8077,10.5,33.6,75.2,11.7,4.0,53.1,19.7
2022-06-20,Kothrud,18.5074,73.8077,29.6,32.1,56.1,5.6,0.0,59.4,22.5
2022-06-21,Kothrud,18.5074,73.8077,43.2,32.9,65.8,6.6,0.0,65.0,20.1
2022-06-22,Kothrud,18.5074,73.8077,42.1,30.0,58.1,8.0,0.0,62.3,19.0
2022-06-23,Kothrud,18.5074,73.8077,47.2,31.2,58.7,6.6,0.0,65.7,20.6
2022-06-24,Kothrud,18.5074,73.8077,43.3,29.7,64.6,9.9,0.0,59.9,18.0
2022-06-25,Kothrud,18.5074,73.8077,40.0,30.5,72.4,10.7,0.0,52.9,15.2
2022-06-26,Kothrud,18.5074,73.8077,36.7,31.6,72.3,7.1,0.0,54.5,11.9
2022-06-27,Kothrud,18.5074,73.8077,18.2,30.7,81.7,11.6,16.4,59.7,15.2
2022-06-28,Kothrud,18.5074,73.8077,18.4,28.8,82.9,11.4,16.1,55.7,25.4
2022-06-29,Kothrud,18.5074,73.8077,39.0,28.8,70.2,9.1,0.0,60.7,19.8
2022-06-30,Kothrud,18.5074,73.8077,42.0,28.6,60.7,10.0,0.0,77.0,20.1
2022-07-01,Kothrud,18.5074,73.8077,35.1,30.8,70.9,6.5,0.0,57.9,19.5
2022-07-02,Kothrud,18.5074,73.8077,11.0,32.6,79.7,9.8,12.2,45.9,13.5
2022-07-03,Kothrud,18.5074,73.8077,17.1,31.6,85.6,10.6,3.8,47.4,14.8
2022-07-04,Kothrud,18.5074,73.8077,32.3,27.6,68.6,11.0,0.0,62.6,19.8
2022-07-05,Kothrud,18.5074,73.8077,37.8,31.5,72.9,11.5,0.0,63.8,19.1
2022-07-06,Kothrud,18.5074,73.8077,28.1,30.8,71.6,11.3,0.0,60.3,17.7
2022-07-07,Kothrud,18.5074,73.8077,37.4,27.7,56.3,10.3,0.0,65.0,20.8
2022-07-08,Kothrud,18.5074,73.8077,29.2,29.1,73.2,11.5,0.0,64.5,20.1
2022-07-09,Kothrud,18.5074,73.8077,31.1,30.7,76.2,13.0,0.0,61.0,16.6
2022-07-10,Kothrud,18.5074,73.8077,27.2,29.9,75.8,10.9,0.0,53.0,17.4
2022-07-11,Kothrud,18.5074,73.8077,16.8,27.5,88.7,11.8,6.5,62.2,19.2
2022-07-12,Kothrud,18.5074,73.8077,26.6,29.7,83.0,10.8,0.0,65.8,19.2
2022-07-13,Kothrud,18.5074,73.8077,12.6,26.3,92.0,10.0,3.1,70.5,23.3
2022-07-14,Kothrud,18.5074,73.8077,16.6,28.5,93.2,12.4,4.9,55.6,17.2
2022-07-15,Kothrud,18.5074,73.8077,8.0,30.0,96.7,10.3,13.4,55.3,14.9
2022-07-16,Kothrud,18.5074,73.8077,18.1,28.6,78.9,12.2,0.0,38.1,17.0
2022-07-17,Kothrud,18.5074,73.8077,16.4,27.8,73.1,11.6,0.0,50.4,14.0
2022-07-18,Kothrud,18.5074,73.8077,8.0,29.4,80.8,10.9,10.3,62.0,16.9
2022-07-19,Kothrud,18.5074,73.8077,8.0,29.4,91.1,10.9,11.0,52.4,21.8
2022-07-20,Kothrud,18.5074,73.8077,8.0,29.6,97.7,10.6,5.3,67.4,19.2
2022-07-21,Kothrud,18.5074,73.8077,14.7,29.0,77.6,8.4,0.0,59.3,16.4
2022-07-22,Kothrud,18.5074,73.8077,14.7,29.1,83.7,12.5,0.0,61.2,24.4
2022-07-23,Kothrud,18.5074,73.8077,8.0,28.6,95.8,12.2,7.6,44.4,11.6
2022-07-24,Kothrud,18.5074,73.8077,8.0,27.9,98.0,13.5,16.2,47.5,15.4
2022-07-25,Kothrud,18.5074,73.8077,10.2,27.6,94.2,10.8,3.0,57.1,14.9
2022-07-26,Kothrud,18.5074,73.8077,8.0,27.0,83.3,15.7,0.7,64.0,20.3
2022-07-27,Kothrud,18.5074,73.8077,10.5,25.7,83.7,11.2,0.0,66.8,18.0
2022-07-28,Kothrud,18.5074,73.8077,17.1,25.9,88.9,10.2,0.0,65.7,21.6
2022-07-29,Kothrud,18.5074,73.8077,8.0,26.6,88.1,10.0,21.7,55.1,19.6
2022-07-30,Kothrud,18.5074,73.8077,10.7,27.1,94.4,8.5,5.0,48.9,19.0
2022-07-31,Kothrud,18.5074,73.8077,8.0,28.4,98.0,15.0,8.7,40.5,14.5
2022-08-01,Kothrud,18.5074,73.8077,8.0,26.5,98.0,14.7,10.0,66.4,15.6
2022-08-02,Kothrud,18.5074,73.8077,8.0,27.6,98.0,13.2,5.8,59.4,20.2
2022-08-03,Kothrud,18.5074,73.8077,15.6,27.6,95.5,10.2,4.5,59.4,19.0
2022-08-04,Kothrud,18.5074,73.8077,14.3,25.9,85.8,15.6,0.0,69.6,15.1
2022-08-05,Kothrud,18.5074,73.8077,11.6,26.8,98.0,11.3,2.7,58.4,17.0
2022-08-06,Kothrud,18.5074,73.8077,15.1,25.6,95.1,11.4,3.9,47.3,13.8
2022-08-07,Kothrud,18.5074,73.8077,8.0,27.4,98.0,14.8,8.5,39.8,19.5
2022-08-08,Kothrud,18.5074,73.8077,8.0,26.4,98.0,13.3,17.2,66.9,21.4
2022-08-09,Kothrud,18.5074,73.8077,12.8,24.1,90.9,16.3,0.0,74.4,18.7
2022-08-10,Kothrud,18.5074,73.8077,8.2,25.6,98.0,12.4,5.5,59.6,20.8
2022-08-11,Kothrud,18.5074,73.8077,21.3,27.3,81.2,11.1,0.0,65.5,14.5
2022-08-12,Kothrud,18.5074,73.8077,11.2,24.9,80.4,10.6,0.0,62.9,18.2
2022-08-13,Kothrud,18.5074,73.8077,8.0,25.6,98.0,8.1,7.2,42.3,16.6
2022-08-14,Kothrud,18.5074,73.8077,8.0,25.5,94.5,11.2,18.7,38.9,16.0
2022-08-15,Kothrud,18.5074,73.8077,18.1,23.5,80.7,14.0,0.0,62.7,18.3
2022-08-16,Kothrud,18.5074,73.8077,8.0,25.2,89.0,12.9,8.5,51.1,19.5
2022-08-17,Kothrud,18.5074,73.8077,8.0,22.8,98.0,11.7,30.0,49.2,20.4
2022-08-18,Kothrud,18.5074,73.8077,23.9,23.6,72.8,9.6,0.0,62.7,19.6
2022-08-19,Kothrud,18.5074,73.8077,21.3,25.5,75.9,12.0,0.0,64.5,21.8
2022-08-20,Kothrud,18.5074,73.8077,8.0,24.5,93.0,13.5,11.8,41.3,16.4
2022-08-21,Kothrud,18.5074,73.8077,9.2,23.6,98.0,12.3,11.6,40.0,16.9
2022-08-22,Kothrud,18.5074,73.8077,17.7,24.4,89.4,11.7,2.1,66.2,23.9
2022-08-23,Kothrud,18.5074,73.8077,32.0,23.7,72.6,9.7,0.0,65.6,21.7
2022-08-24,Kothrud,18.5074,73.8077,12.2,23.6,87.7,13.0,7.5,66.1,24.0
2022-08-25,Kothrud,18.5074,73.8077,12.3,24.3,98.0,4.9,19.1,55.8,17.9
2022-08-26,Kothrud,18.5074,73.8077,36.9,22.5,60.2,11.9,0.0,61.9,15.6
2022-08-27,Kothrud,18.5074,73.8077,31.6,23.3,68.6,16.2,0.0,50.7,15.2
2022-08-28,Kothrud,18.5074,73.8077,27.5,22.7,86.6,8.0,0.0,37.7,15.0
2022-08-29,Kothrud,18.5074,73.8077,21.5,21.1,90.3,10.4,18.7,64.1,23.2
2022-08-30,Kothrud,18.5074,73.8077,21.5,21.8,81.2,10.8,9.4,59.6,16.8
2022-08-31,Kothrud,18.5074,73.8077,39.0,24.6,70.8,9.8,0.0,73.8,19.4
2022-09-01,Kothrud,18.5074,73.8077,31.6,23.1,70.7,12.8,0.0,58.6,20.6
2022-09-02,Kothrud,18.5074,73.8077,25.2,20.9,73.9,11.6,0.0,57.3,19.9
2022-09-03,Kothrud,18.5074,73.8077,29.8,20.6,78.2,10.8,0.0,49.4,15.2
2022-09-04,Kothrud,18.5074,73.8077,14.7,22.1,85.3,12.1,4.6,47.1,16.5
2022-09-05,Kothrud,18.5074,73.8077,13.4,24.0,79.9,10.4,14.2,57.5,22.3
2022-09-06,Kothrud,18.5074,73.8077,12.8,21.8,85.9,16.7,18.9,54.4,23.4
2022-09-07,Kothrud,18.5074,73.8077,22.2,23.5,77.8,10.5,7.5,56.0,19.7
2022-09-08,Kothrud,18.5074,73.8077,15.8,22.2,75.4,10.5,7.4,51.8,17.6
2022-09-09,Kothrud,18.5074,73.8077,37.6,22.3,56.1,6.7,0.0,64.3,23.4
2022-09-10,Kothrud,18.5074,73.8077,8.2,20.0,71.4,8.9,1.3,40.6,12.9
2022-09-11,Kothrud,18.5074,73.8077,8.0,22.6,74.0,12.2,22.1,29.7,20.1
2022-09-12,Kothrud,18.5074,73.8077,36.7,21.0,56.9,7.2,0.0,61.0,23.0
2022-09-13,Kothrud,18.5074,73.8077,8.0,22.3,78.7,5.5,37.6,46.3,23.3
2022-09-14,Kothrud,18.5074,73.8077,16.4,20.2,70.5,9.8,6.0,69.8,21.3
2022-09-15,Kothrud,18.5074,73.8077,36.2,21.3,45.1,12.4,0.0,67.8,14.3
2022-09-16,Kothrud,18.5074,73.8077,43.5,21.4,54.9,9.6,0.0,70.1,17.0
2022-09-17,Kothrud,18.5074,73.8077,37.6,20.7,57.1,8.8,0.0,50.9,16.4
2022-09-18,Kothrud,18.5074,73.8077,45.3,21.2,55.8,5.7,0.0,49.4,13.9
2022-09-19,Kothrud,18.5074,73.8077,12.7,20.3,80.8,10.2,16.9,67.0,18.8
2022-09-20,Kothrud,18.5074,73.8077,42.1,19.8,54.6,10.6,0.0,56.3,21.1
2022-09-21,Kothrud,18.5074,73.8077,40.1,22.4,61.4,5.6,0.0,60.8,19.2
2022-09-22,Kothrud,18.5074,73.8077,48.7,21.6,56.3,11.4,0.0,61.2,16.6
2022-09-23,Kothrud,18.5074,73.8077,49.3,19.4,55.6,10.6,0.0,67.4,21.8
2022-09-24,Kothrud,18.5074,73.8077,50.8,20.9,51.1,11.3,0.0,42.7,16.9
2022-09-25,Kothrud,18.5074,73.8077,45.2,19.2,54.4,10.1,0.0,51.4,15.0
2022-09-26,Kothrud,18.5074,73.8077,55.7,18.6,50.3,10.2,0.0,65.8,21.4
2022-09-27,Kothrud,18.5074,73.8077,35.9,21.2,69.5,9.9,2.2,65.9,19.8
2022-09-28,Kothrud,18.5074,73.8077,53.8,17.8,51.9,10.5,0.0,66.9,22.9
2022-09-29,Kothrud,18.5074,73.8077,47.2,20.9,47.9,5.1,0.0,70.6,20.0
2022-09-30,Kothrud,18.5074,73.8077,46.1,19.4,57.1,5.6,0.0,62.7,22.9
2022-10-01,Kothrud,18.5074,73.8077,35.4,19.3,53.8,7.1,0.0,50.3,10.9
2022-10-02,Kothrud,18.5074,73.8077,15.2,20.0,64.0,8.3,7.7,40.1,16.7
2022-10-03,Kothrud,18.5074,73.8077,36.5,20.1,51.5,9.3,0.0,58.1,18.6
2022-10-04,Kothrud,18.5074,73.8077,43.1,18.4,49.9,9.1,0.0,71.7,17.5
2022-10-05,Kothrud,18.5074,73.8077,48.7,20.1,45.6,10.6,0.0,58.8,22.5
2022-10-06,Kothrud,18.5074,73.8077,51.4,19.3,49.9,10.6,0.0,66.1,21.8
2022-10-07,Kothrud,18.5074,73.8077,44.0,17.6,46.0,6.6,0.0,65.6,14.6
2022-10-08,Kothrud,18.5074,73.8077,34.9,18.9,44.0,8.7,0.0,53.5,17.4
2022-10-09,Kothrud,18.5074,73.8077,37.1,20.7,40.3,6.5,0.0,39.3,17.1
2022-10-10,Kothrud,18.5074,73.8077,53.8,21.0,46.3,7.8,0.0,67.4,17.8
2022-10-11,Kothrud,18.5074,73.8077,45.6,19.7,50.6,8.8,0.0,62.6,17.5
2022-10-12,Kothrud,18.5074,73.8077,52.9,17.4,43.9,1.3,0.0,59.9,15.6
2022-10-13,Kothrud,18.5074,73.8077,49.3,19.4,59.7,12.9,0.0,61.6,18.8
2022-10-14,Kothrud,18.5074,73.8077,43.9,19.7,51.2,9.2,0.0,68.1,19.2
2022-10-15,Kothrud,18.5074,73.8077,33.4,19.5,53.1,6.8,0.0,51.3,17.6
2022-10-16,Kothrud,18.5074,73.8077,40.4,19.5,50.3,11.8,0.0,47.0,16.3
2022-10-17,Kothrud,18.5074,73.8077,44.2,19.0,55.3,7.2,0.0,57.2,17.0
2022-10-18,Kothrud,18.5074,73.8077,55.6,18.4,41.8,8.2,0.0,57.6,20.2
2022-10-19,Kothrud,18.5074,73.8077,52.2,17.7,32.6,6.9,0.0,66.7,19.0
2022-10-20,Kothrud,18.5074,73.8077,18.2,16.1,57.9,11.1,7.7,52.7,17.3
2022-10-21,Kothrud,18.5074,73.8077,49.4,18.8,47.7,7.6,0.0,62.3,15.6
2022-10-22,Kothrud,18.5074,73.8077,49.8,18.6,45.3,8.0,0.0,61.0,17.2
2022-10-23,Kothrud,18.5074,73.8077,23.5,19.0,60.7,10.1,3.4,48.2,16.7
2022-10-24,Kothrud,18.5074,73.8077,49.9,16.7,50.6,8.8,0.0,66.6,21.0
2022-10-25,Kothrud,18.5074,73.8077,49.7,19.0,45.7,7.5,0.0,57.6,17.8
2022-10-26,Kothrud,18.5074,73.8077,52.2,20.7,47.5,9.8,0.0,56.8,20.0
2022-10-27,Kothrud,18.5074,73.8077,58.6,18.3,38.6,12.6,0.0,66.9,16.2
2022-10-28,Kothrud,18.5074,73.8077,61.8,18.1,37.5,8.1,0.0,61.5,17.1
2022-10-29,Kothrud,18.5074,73.8077,48.1,18.5,50.8,7.6,0.0,53.5,15.7
2022-10-30,Kothrud,18.5074,73.8077,8.0,20.5,58.0,7.7,11.1,42.8,16.3
2022-10-31,Kothrud,18.5074,73.8077,62.0,16.9,39.1,9.9,0.0,80.7,15.5
2022-11-01,Kothrud,18.5074,73.8077,50.5,18.3,38.9,6.1,0.0,60.5,17.0
2022-11-02,Kothrud,18.5074,73.8077,53.6,17.1,38.5,6.7,0.0,64.8,18.7
2022-11-03,Kothrud,18.5074,73.8077,9.1,17.4,53.0,4.1,15.6,51.1,22.0
2022-11-04,Kothrud,18.5074,73.8077,53.3,18.0,34.9,4.7,0.0,68.6,17.6
2022-11-05,Kothrud,18.5074,73.8077,43.9,19.6,33.6,6.0,0.0,50.3,16.0
2022-11-06,Kothrud,18.5074,73.8077,42.8,20.2,39.9,6.9,0.0,43.3,16.2
2022-11-07,Kothrud,18.5074,73.8077,59.9,18.5,37.7,10.5,0.0,61.8,19.0
2022-11-08,Kothrud,18.5074,73.8077,61.3,17.5,46.0,8.0,0.0,70.3,20.3
2022-11-09,Kothrud,18.5074,73.8077,62.6,21.0,41.7,5.0,0.0,69.7,16.2
2022-11-10,Kothrud,18.5074,73.8077,56.1,17.5,41.3,5.4,0.0,56.3,18.0
2022-11-11,Kothrud,18.5074,73.8077,69.0,17.3,36.1,9.5,0.0,61.1,23.2
2022-11-12,Kothrud,18.5074,73.8077,62.5,15.9,39.0,9.0,0.0,57.2,19.4
2022-11-13,Kothrud,18.5074,73.8077,16.0,19.7,56.2,6.7,6.8,43.9,17.7
2022-11-14,Kothrud,18.5074,73.8077,59.6,19.2,42.8,5.7,0.0,64.3,22.4
2022-11-15,Kothrud,18.5074,73.8077,68.3,20.9,38.5,8.8,0.0,68.5,15.0
2022-11-16,Kothrud,18.5074,73.8077,57.1,16.4,44.2,4.5,0.0,56.7,17.2
2022-11-17,Kothrud,18.5074,73.8077,32.2,19.8,53.6,7.3,7.4,55.0,18.8
2022-11-18,Kothrud,18.5074,73.8077,68.6,18.2,42.4,11.0,0.0,61.8,25.6
2022-11-19,Kothrud,18.5074,73.8077,65.4,19.1,35.7,6.8,0.0,54.1,14.8
2022-11-20,Kothrud,18.5074,73.8077,72.1,16.2,28.9,4.8,0.0,53.2,17.5
2022-11-21,Kothrud,18.5074,73.8077,76.6,19.9,39.2,7.1,0.0,67.0,20.5
2022-11-22,Kothrud,18.5074,73.8077,69.8,19.1,41.3,5.3,0.0,62.7,20.5
2022-11-23,Kothrud,18.5074,73.8077,69.3,18.2,40.3,3.4,0.0,69.0,19.5
2022-11-24,Kothrud,18.5074,73.8077,77.8,19.0,39.4,7.5,0.0,62.6,16.6
2022-11-25,Kothrud,18.5074,73.8077,79.6,17.4,35.4,8.3,0.0,66.3,12.8
2022-11-26,Kothrud,18.5074,73.8077,80.2,17.6,32.9,5.4,0.0,52.7,18.8
2022-11-27,Kothrud,18.5074,73.8077,75.1,17.8,39.5,5.2,0.0,56.6,14.1
2022-11-28,Kothrud,18.5074,73.8077,70.7,16.2,38.7,4.0,0.0,63.1,14.9
2022-11-29,Kothrud,18.5074,73.8077,71.9,19.5,33.6,5.6,0.0,61.6,20.7
2022-11-30,Kothrud,18.5074,73.8077,73.8,19.9,41.8,4.7,0.0,69.9,20.6
2022-12-01,Kothrud,18.5074,73.8077,66.2,17.7,31.7,3.8,0.0,70.3,21.5
2022-12-02,Kothrud,18.5074,73.8077,71.9,19.0,33.0,9.6,0.0,60.7,22.4
2022-12-03,Kothrud,18.5074,73.8077,55.3,18.3,43.9,6.7,0.0,42.6,13.3
2022-12-04,Kothrud,18.5074,73.8077,66.1,19.1,39.9,6.8,0.0,54.2,13.4
2022-12-05,Kothrud,18.5074,73.8077,81.5,18.0,33.6,7.4,0.0,55.2,18.8
2022-12-06,Kothrud,18.5074,73.8077,79.2,17.8,36.7,7.1,0.0,54.9,21.7
2022-12-07,Kothrud,18.5074,73.8077,34.2,20.1,50.9,4.7,5.3,59.4,14.3
2022-12-08,Kothrud,18.5074,73.8077,73.9,18.9,21.3,6.1,0.0,63.4,19.9
2022-12-09,Kothrud,18.5074,73.8077,72.1,21.4,30.3,4.9,0.0,57.6,21.9
2022-12-10,Kothrud,18.5074,73.8077,69.9,19.1,34.4,6.3,0.0,48.7,17.8
2022-12-11,Kothrud,18.5074,73.8077,78.4,18.0,32.8,6.1,0.0,48.9,17.4
2022-12-12,Kothrud,18.5074,73.8077,84.9,20.7,35.7,4.6,0.0,60.5,22.3
2022-12-13,Kothrud,18.5074,73.8077,85.2,20.0,39.9,2.7,0.0,73.1,12.7
2022-12-14,Kothrud,18.5074,73.8077,87.6,20.2,32.6,5.6,0.0,65.0,23.6
2022-12-15,Kothrud,18.5074,73.8077,91.3,20.9,28.7,4.9,0.0,68.5,20.4
2022-12-16,Kothrud,18.5074,73.8077,70.9,18.7,35.5,1.5,0.0,55.6,22.9
2022-12-17,Kothrud,18.5074,73.8077,73.8,19.4,32.2,6.2,0.0,40.3,12.7
2022-12-18,Kothrud,18.5074,73.8077,76.7,19.5,32.9,7.1,0.0,49.9,11.2
2022-12-19,Kothrud,18.5074,73.8077,90.4,18.2,32.1,10.2,0.0,72.2,24.1
2022-12-20,Kothrud,18.5074,73.8077,73.5,19.5,44.7,4.3,0.0,57.9,17.3
2022-12-21,Kothrud,18.5074,73.8077,87.8,21.5,22.1,4.0,0.0,63.6,18.8
2022-12-22,Kothrud,18.5074,73.8077,76.9,20.3,31.3,2.8,0.0,56.7,20.9
2022-12-23,Kothrud,18.5074,73.8077,90.2,18.5,33.1,5.4,0.0,59.3,21.5
2022-12-24,Kothrud,18.5074,73.8077,74.1,18.3,29.1,5.4,0.0,48.6,18.3
2022-12-25,Kothrud,18.5074,73.8077,61.1,22.3,37.5,3.3,0.0,45.1,16.2
2022-12-26,Kothrud,18.5074,73.8077,72.2,20.3,36.9,4.6,0.0,56.4,17.0
2022-12-27,Kothrud,18.5074,73.8077,67.7,19.7,32.6,1.2,0.0,56.3,21.4
2022-12-28,Kothrud,18.5074,73.8077,77.6,20.2,31.4,6.8,0.0,53.5,21.4
2022-12-29,Kothrud,18.5074,73.8077,77.1,18.9,32.1,3.3,0.0,65.3,15.1
2022-12-30,Kothrud,18.5074,73.8077,82.8,22.5,32.0,4.8,0.0,65.9,23.1
2022-12-31,Kothrud,18.5074,73.8077,62.7,20.4,32.1,2.0,0.0,50.6,9.4
2023-01-01,Kothrud,18.5074,73.8077,69.4,22.6,31.5,3.7,0.0,43.1,18.2
2023-01-02,Kothrud,18.5074,73.8077,81.4,21.1,33.6,4.2,0.0,67.9,18.0
2023-01-03,Kothrud,18.5074,73.8077,83.6,22.9,36.1,4.8,0.0,66.4,21.4
2023-01-04,Kothrud,18.5074,73.8077,84.5,21.6,26.1,5.7,0.0,62.9,20.9
2023-01-05,Kothrud,18.5074,73.8077,83.9,22.4,27.0,7.6,0.0,62.1,19.5
2023-01-06,Kothrud,18.5074,73.8077,87.9,22.4,23.4,6.2,0.0,59.7,20.7
2023-01-07,Kothrud,18.5074,73.8077,85.2,22.3,36.5,6.7,0.0,48.6,15.4
2023-01-08,Kothrud,18.5074,73.8077,95.0,22.1,33.4,7.6,0.0,55.7,17.4
2023-01-09,Kothrud,18.5074,73.8077,99.4,21.5,34.6,5.9,0.0,68.6,25.1
2023-01-10,Kothrud,18.5074,73.8077,86.5,24.2,24.9,4.6,0.0,61.6,16.2
2023-01-11,Kothrud,18.5074,73.8077,84.8,21.0,41.0,6.7,0.0,65.6,11.6
2023-01-12,Kothrud,18.5074,73.8077,92.3,22.2,29.0,6.9,0.0,57.4,18.6
2023-01-13,Kothrud,18.5074,73.8077,82.2,22.3,32.8,6.0,0.0,66.6,18.4
2023-01-14,Kothrud,18.5074,73.8077,59.2,22.9,36.3,1.8,0.0,43.4,14.7
2023-01-15,Kothrud,18.5074,73.8077,72.9,22.0,27.1,3.0,0.0,51.1,13.3
2023-01-16,Kothrud,18.5074,73.8077,88.7,23.0,29.3,4.2,0.0,77.7,21.8
2023-01-17,Kothrud,18.5074,73.8077,84.3,22.6,32.9,6.3,0.0,60.0,16.1
2023-01-18,Kothrud,18.5074,73.8077,91.5,21.0,46.3,4.7,0.0,77.5,20.7
2023-01-19,Kothrud,18.5074,73.8077,85.6,23.0,33.5,7.0,0.0,65.4,21.2
2023-01-20,Kothrud,18.5074,73.8077,83.0,21.8,40.1,7.3,0.0,59.2,20.4
2023-01-21,Kothrud,18.5074,73.8077,72.2,21.2,38.1,7.1,0.0,43.6,16.8
2023-01-22,Kothrud,18.5074,73.8077,86.1,23.5,33.9,7.1,0.0,59.4,18.0
2023-01-23,Kothrud,18.5074,73.8077,85.1,24.1,27.2,2.7,0.0,65.4,19.7
2023-01-24,Kothrud,18.5074,73.8077,87.1,24.2,37.5,5.7,0.0,60.1,18.7
2023-01-25,Kothrud,18.5074,73.8077,86.1,24.4,24.7,3.5,0.0,61.9,20.8
2023-01-26,Kothrud,18.5074,73.8077,81.5,21.5,40.3,1.5,0.0,65.1,21.1
2023-01-27,Kothrud,18.5074,73.8077,80.7,22.4,33.3,4.2,0.0,62.9,21.8
2023-01-28,Kothrud,18.5074,73.8077,82.0,26.5,19.1,7.5,0.0,49.3,11.3
2023-01-29,Kothrud,18.5074,73.8077,76.6,23.0,30.7,5.7,0.0,56.5,15.1
2023-01-30,Kothrud,18.5074,73.8077,88.2,25.1,35.8,8.9,0.0,57.3,16.9
2023-01-31,Kothrud,18.5074,73.8077,91.4,23.7,31.4,5.2,0.0,66.1,21.0
2023-02-01,Kothrud,18.5074,73.8077,97.1,24.7,36.2,9.8,0.0,62.5,21.4
2023-02-02,Kothrud,18.5074,73.8077,95.1,24.0,28.5,5.3,0.0,60.4,18.9
2023-02-03,Kothrud,18.5074,73.8077,92.7,25.6,26.3,5.0,0.0,68.3,17.8
2023-02-04,Kothrud,18.5074,73.8077,65.4,25.2,32.5,2.4,0.0,40.3,17.1
2023-02-05,Kothrud,18.5074,73.8077,70.6,24.6,33.1,7.2,0.0,35.8,15.3
2023-02-06,Kothrud,18.5074,73.8077,75.2,24.0,31.3,4.0,0.0,64.0,23.2
2023-02-07,Kothrud,18.5074,73.8077,68.4,25.7,39.3,3.7,0.0,62.2,24.0
2023-02-08,Kothrud,18.5074,73.8077,81.3,24.1,29.0,7.6,0.0,56.1,22.1
2023-02-09,Kothrud,18.5074,73.8077,72.3,26.2,34.9,7.4,0.0,54.3,20.2
2023-02-10,Kothrud,18.5074,73.8077,81.4,28.9,33.8,7.4,0.0,72.6,24.2
2023-02-11,Kothrud,18.5074,73.8077,66.5,27.5,25.8,4.4,0.0,49.9,16.2
2023-02-12,Kothrud,18.5074,73.8077,66.3,26.9,27.1,5.1,0.0,47.7,14.4
2023-02-13,Kothrud,18.5074,73.8077,85.3,26.1,33.8,5.1,0.0,73.9,17.9
2023-02-14,Kothrud,18.5074,73.8077,82.0,24.0,43.8,6.8,0.0,68.0,17.8
2023-02-15,Kothrud,18.5074,73.8077,84.5,24.8,36.9,8.4,0.0,71.7,19.6
2023-02-16,Kothrud,18.5074,73.8077,82.8,28.1,25.5,6.0,0.0,57.0,20.8
2023-02-17,Kothrud,18.5074,73.8077,91.8,25.7,18.7,9.3,0.0,56.8,16.1
2023-02-18,Kothrud,18.5074,73.8077,69.2,26.0,38.1,7.2,0.0,50.7,14.5
2023-02-19,Kothrud,18.5074,73.8077,68.7,26.7,34.0,4.9,0.0,49.7,16.1
2023-02-20,Kothrud,18.5074,73.8077,78.3,25.8,40.4,7.1,0.0,69.1,21.2
2023-02-21,Kothrud,18.5074,73.8077,74.5,25.7,30.4,8.9,0.0,54.7,19.5
2023-02-22,Kothrud,18.5074,73.8077,88.4,27.3,36.7,9.5,0.0,66.4,20.2
2023-02-23,Kothrud,18.5074,73.8077,83.2,26.4,39.3,7.9,0.0,67.8,16.5
2023-02-24,Kothrud,18.5074,73.8077,79.3,26.7,33.0,5.7,0.0,67.6,17.3
2023-02-25,Kothrud,18.5074,73.8077,66.9,26.8,33.2,5.2,0.0,45.6,15.4
2023-02-26,Kothrud,18.5074,73.8077,74.6,28.4,35.6,6.8,0.0,50.2,16.9
2023-02-27,Kothrud,18.5074,73.8077,76.1,27.7,38.4,9.1,0.0,59.0,20.2
2023-02-28,Kothrud,18.5074,73.8077,71.4,27.8,35.7,6.6,0.0,61.4,17.5
2023-03-01,Kothrud,18.5074,73.8077,72.3,28.9,40.8,6.7,0.0,57.7,19.0
2023-03-02,Kothrud,18.5074,73.8077,67.4,28.1,33.8,6.0,0.0,59.1,23.4
2023-03-03,Kothrud,18.5074,73.8077,73.9,28.1,29.6,5.2,0.0,61.7,21.0
2023-03-04,Kothrud,18.5074,73.8077,53.3,29.1,46.3,5.6,0.0,45.1,15.2
2023-03-05,Kothrud,18.5074,73.8077,56.9,29.5,33.6,6.3,0.0,43.8,13.0
2023-03-06,Kothrud,18.5074,73.8077,62.1,28.6,33.9,9.5,0.0,56.4,17.8
2023-03-07,Kothrud,18.5074,73.8077,63.1,29.0,36.6,5.6,0.0,72.7,19.6
2023-03-08,Kothrud,18.5074,73.8077,68.1,28.1,37.4,6.2,0.0,60.4,20.3
2023-03-09,Kothrud,18.5074,73.8077,72.9,28.1,35.3,4.4,0.0,64.5,21.0
2023-03-10,Kothrud,18.5074,73.8077,43.9,30.2,52.3,7.6,4.1,52.1,20.6
2023-03-11,Kothrud,18.5074,73.8077,64.6,29.9,37.3,9.0,0.0,54.4,14.7
2023-03-12,Kothrud,18.5074,73.8077,57.6,30.0,38.6,9.5,0.0,48.4,14.3
2023-03-13,Kothrud,18.5074,73.8077,69.4,29.9,26.1,6.7,0.0,60.7,24.7
2023-03-14,Kothrud,18.5074,73.8077,66.0,29.7,47.4,7.5,0.0,60.7,18.2
2023-03-15,Kothrud,18.5074,73.8077,64.6,30.6,37.4,6.1,0.0,67.2,16.4
2023-03-16,Kothrud,18.5074,73.8077,54.9,31.0,41.2,7.5,0.0,48.1,15.5
2023-03-17,Kothrud,18.5074,73.8077,58.1,31.1,31.6,7.1,0.0,58.8,18.7
2023-03-18,Kothrud,18.5074,73.8077,61.4,30.0,36.3,6.7,0.0,47.0,17.9
2023-03-19,Kothrud,18.5074,73.8077,57.0,31.9,35.5,6.9,0.0,46.9,14.2
2023-03-20,Kothrud,18.5074,73.8077,68.1,30.6,46.3,7.6,0.0,75.4,23.3
2023-03-21,Kothrud,18.5074,73.8077,62.9,31.1,36.2,6.1,0.0,61.2,19.6
2023-03-22,Kothrud,18.5074,73.8077,69.2,30.8,43.1,6.3,0.0,67.9,22.4
2023-03-23,Kothrud,18.5074,73.8077,66.8,30.9,36.2,10.2,0.0,72.0,17.7
2023-03-24,Kothrud,18.5074,73.8077,70.3,29.8,37.3,12.2,0.0,66.3,17.7
2023-03-25,Kothrud,18.5074,73.8077,48.0,31.6,38.5,4.5,0.0,44.2,15.8
2023-03-26,Kothrud,18.5074,73.8077,51.8,34.3,46.3,4.4,0.0,41.2,16.8
2023-03-27,Kothrud,18.5074,73.8077,55.9,30.5,30.6,5.0,0.0,66.6,19.2
2023-03-28,Kothrud,18.5074,73.8077,60.1,31.1,33.6,6.8,0.0,71.1,20.3
2023-03-29,Kothrud,18.5074,73.8077,68.9,30.6,30.6,8.8,0.0,65.6,21.1
2023-03-30,Kothrud,18.5074,73.8077,68.0,30.6,35.0,8.2,0.0,69.1,16.0
2023-03-31,Kothrud,18.5074,73.8077,37.6,33.1,51.6,7.4,5.7,73.0,18.7
2023-04-01,Kothrud,18.5074,73.8077,53.9,30.6,32.7,8.2,0.0,51.8,14.3
2023-04-02,Kothrud,18.5074,73.8077,44.3,30.9,37.2,5.8,0.0,42.1,14.4
2023-04-03,Kothrud,18.5074,73.8077,62.5,29.6,30.9,6.7,0.0,63.2,20.6
2023-04-04,Kothrud,18.5074,73.8077,63.7,30.7,36.1,7.2,0.0,69.8,18.3
2023-04-05,Kothrud,18.5074,73.8077,58.0,29.6,47.3,4.1,0.0,61.7,14.6
2023-04-06,Kothrud,18.5074,73.8077,60.8,32.5,43.4,5.0,0.0,70.4,19.0
2023-04-07,Kothrud,18.5074,73.8077,54.5,35.2,42.4,5.1,0.0,62.6,16.9
2023-04-08,Kothrud,18.5074,73.8077,56.0,31.5,36.6,8.9,0.0,49.3,16.8
2023-04-09,Kothrud,18.5074,73.8077,54.3,30.0,34.0,7.9,0.0,45.8,17.6
2023-04-10,Kothrud,18.5074,73.8077,56.5,33.1,36.1,8.6,0.0,63.7,14.2
2023-04-11,Kothrud,18.5074,73.8077,46.4,31.2,41.7,3.8,0.0,64.0,17.7
2023-04-12,Kothrud,18.5074,73.8077,24.1,33.7,61.4,4.5,7.8,50.9,20.5
2023-04-13,Kothrud,18.5074,73.8077,53.6,31.9,46.6,8.8,0.0,60.7,16.1
2023-04-14,Kothrud,18.5074,73.8077,46.8,31.5,45.3,2.0,0.0,56.7,21.6
2023-04-15,Kothrud,18.5074,73.8077,53.6,32.1,38.6,10.0,0.0,45.6,18.2
2023-04-16,Kothrud,18.5074,73.8077,47.1,33.3,42.4,3.9,0.0,43.6,15.2
2023-04-17,Kothrud,18.5074,73.8077,58.2,32.1,40.7,9.2,0.0,68.0,17.7
2023-04-18,Kothrud,18.5074,73.8077,58.6,31.9,41.4,5.8,0.0,68.0,13.8
2023-04-19,Kothrud,18.5074,73.8077,58.6,32.3,52.6,9.6,0.0,65.7,21.6
2023-04-20,Kothrud,18.5074,73.8077,60.8,31.0,33.6,14.0,0.0,56.6,24.6
2023-04-21,Kothrud,18.5074,73.8077,54.0,33.1,41.3,3.0,0.0,62.4,24.1
2023-04-22,Kothrud,18.5074,73.8077,54.3,30.5,48.6,8.9,0.0,40.9,15.1
2023-04-23,Kothrud,18.5074,73.8077,47.7,32.1,35.2,3.9,0.0,46.9,12.9
2023-04-24,Kothrud,18.5074,73.8077,60.3,33.6,39.4,8.4,0.0,66.1,21.7
2023-04-25,Kothrud,18.5074,73.8077,57.3,33.1,40.0,7.2,0.0,67.9,19.3
2023-04-26,Kothrud,18.5074,73.8077,57.6,33.5,41.6,7.8,0.0,65.3,20.8
2023-04-27,Kothrud,18.5074,73.8077,63.2,32.7,34.8,5.8,0.0,69.2,20.4
2023-04-28,Kothrud,18.5074,73.8077,55.9,34.2,45.8,9.2,0.0,64.2,19.8
2023-04-29,Kothrud,18.5074,73.8077,49.6,34.0,46.3,4.7,0.0,46.4,18.2
2023-04-30,Kothrud,18.5074,73.8077,52.7,33.4,45.5,10.1,0.0,52.0,18.3
2023-05-01,Kothrud,18.5074,73.8077,23.3,34.0,53.7,6.8,7.7,63.6,18.3
2023-05-02,Kothrud,18.5074,73.8077,54.9,33.8,43.6,4.8,0.0,60.3,17.3
2023-05-03,Kothrud,18.5074,73.8077,59.5,32.4,38.8,10.8,0.0,64.8,13.4
2023-05-04,Kothrud,18.5074,73.8077,53.7,31.3,41.7,7.5,0.0,61.4,18.7
2023-05-05,Kothrud,18.5074,73.8077,52.0,33.5,54.2,11.5,0.0,52.9,16.9
2023-05-06,Kothrud,18.5074,73.8077,47.7,33.6,44.1,10.1,0.0,49.8,16.6
2023-05-07,Kothrud,18.5074,73.8077,44.0,34.3,37.8,6.1,0.0,41.1,14.8
2023-05-08,Kothrud,18.5074,73.8077,49.7,31.9,44.7,7.5,0.0,64.5,19.0
2023-05-09,Kothrud,18.5074,73.8077,53.3,31.9,37.2,8.0,0.0,55.2,21.6
2023-05-10,Kothrud,18.5074,73.8077,51.7,33.6,38.1,10.8,0.0,59.3,20.6
2023-05-11,Kothrud,18.5074,73.8077,54.8,32.9,39.0,8.6,0.0,60.7,19.3
2023-05-12,Kothrud,18.5074,73.8077,58.9,30.7,42.2,8.1,0.0,68.9,23.8
2023-05-13,Kothrud,18.5074,73.8077,44.9,33.4,49.3,7.4,0.0,44.9,17.4
2023-05-14,Kothrud,18.5074,73.8077,51.6,30.8,47.6,7.7,0.0,42.2,14.6
2023-05-15,Kothrud,18.5074,73.8077,52.6,31.8,47.5,10.4,0.0,64.7,18.7
2023-05-16,Kothrud,18.5074,73.8077,8.0,34.6,54.6,7.9,15.6,54.0,21.6
2023-05-17,Kothrud,18.5074,73.8077,52.8,35.1,42.6,7.1,0.0,66.9,20.1
2023-05-18,Kothrud,18.5074,73.8077,38.2,31.5,46.9,6.8,0.0,57.8,16.8
2023-05-19,Kothrud,18.5074,73.8077,52.2,32.5,42.6,6.8,0.0,64.0,21.8
2023-05-20,Kothrud,18.5074,73.8077,49.2,32.9,44.6,5.1,0.0,59.9,18.7
2023-05-21,Kothrud,18.5074,73.8077,37.8,35.0,48.5,6.5,0.0,46.4,18.6
2023-05-22,Kothrud,18.5074,73.8077,43.0,32.2,44.8,11.0,0.0,63.8,23.5
2023-05-23,Kothrud,18.5074,73.8077,35.3,32.2,48.0,7.6,0.0,54.6,24.8
2023-05-24,Kothrud,18.5074,73.8077,40.8,34.6,55.1,9.5,0.0,58.6,23.9
2023-05-25,Kothrud,18.5074,73.8077,22.9,32.3,61.6,3.2,3.9,63.3,20.5
2023-05-26,Kothrud,18.5074,73.8077,42.7,33.6,53.6,9.3,0.0,61.3,19.1
2023-05-27,Kothrud,18.5074,73.8077,38.4,30.9,50.9,7.9,0.0,50.7,11.0
2023-05-28,Kothrud,18.5074,73.8077,40.0,32.4,41.1,7.3,0.0,49.7,15.6
2023-05-29,Kothrud,18.5074,73.8077,46.8,30.6,43.2,8.6,0.0,56.3,20.9
2023-05-30,Kothrud,18.5074,73.8077,52.1,31.3,45.0,7.3,0.0,68.0,19.7
2023-05-31,Kothrud,18.5074,73.8077,25.4,33.5,60.2,4.1,9.3,52.0,14.9
2023-06-01,Kothrud,18.5074,73.8077,8.7,32.4,64.5,10.2,20.0,49.1,18.9
2023-06-02,Kothrud,18.5074,73.8077,23.1,32.0,68.4,8.9,6.3,60.9,21.2
2023-06-03,Kothrud,18.5074,73.8077,38.7,31.5,57.0,7.9,0.0,55.4,13.0
2023-06-04,Kothrud,18.5074,73.8077,37.9,32.1,52.7,6.6,0.0,42.6,16.0
2023-06-05,Kothrud,18.5074,73.8077,42.0,32.6,49.4,5.6,0.0,63.6,20.7
2023-06-06,Kothrud,18.5074,73.8077,43.4,33.4,41.7,9.1,0.0,63.7,22.4
2023-06-07,Kothrud,18.5074,73.8077,40.4,29.0,53.0,11.9,0.0,66.2,23.9
2023-06-08,Kothrud,18.5074,73.8077,43.7,31.1,53.3,9.2,0.0,68.8,18.7
2023-06-09,Kothrud,18.5074,73.8077,42.3,32.2,54.6,6.0,0.0,60.9,20.1
2023-06-10,Kothrud,18.5074,73.8077,39.1,31.8,64.7,9.3,0.0,52.7,16.1
2023-06-11,Kothrud,18.5074,73.8077,39.2,32.4,60.9,8.8,0.0,54.3,17.2
2023-06-12,Kothrud,18.5074,73.8077,13.6,32.1,74.2,10.7,10.1,66.8,20.9
2023-06-13,Kothrud,18.5074,73.8077,43.1,31.4,51.0,10.3,0.0,65.4,23.2
2023-06-14,Kothrud,18.5074,73.8077,36.6,31.0,53.9,3.2,0.0,63.7,13.8
2023-06-15,Kothrud,18.5074,73.8077,39.8,31.3,56.5,10.3,0.0,60.5,20.6
2023-06-16,Kothrud,18.5074,73.8077,38.4,32.9,53.7,7.3,0.0,55.6,20.8
2023-06-17,Kothrud,18.5074,73.8077,34.8,30.6,60.7,6.5,0.0,46.2,15.0
2023-06-18,Kothrud,18.5074,73.8077,34.6,31.3,60.6,9.0,0.0,48.2,9.9
2023-06-19,Kothrud,18.5074,73.8077,47.1,31.5,54.1,10.3,0.0,62.4,19.4
2023-06-20,Kothrud,18.5074,73.8077,45.3,33.1,66.1,6.3,0.0,65.9,17.8
2023-06-21,Kothrud,18.5074,73.8077,40.2,30.8,61.3,11.0,0.0,55.6,23.8
2023-06-22,Kothrud,18.5074,73.8077,37.7,32.2,52.8,11.2,0.0,62.0,20.5
2023-06-23,Kothrud,18.5074,73.8077,25.5,32.4,76.9,9.9,4.4,70.7,17.6
2023-06-24,Kothrud,18.5074,73.8077,33.3,30.8,64.2,8.1,0.0,52.6,10.5
2023-06-25,Kothrud,18.5074,73.8077,10.9,30.5,83.4,8.0,5.9,47.7,17.1
2023-06-26,Kothrud,18.5074,73.8077,8.0,30.3,77.5,12.0,11.1,59.3,21.3
2023-06-27,Kothrud,18.5074,73.8077,9.6,30.3,84.0,7.1,12.6,54.8,19.1
2023-06-28,Kothrud,18.5074,73.8077,25.4,31.5,66.5,12.3,0.0,54.1,21.1
2023-06-29,Kothrud,18.5074,73.8077,18.6,30.7,74.7,9.9,2.7,63.9,18.7
2023-06-30,Kothrud,18.5074,73.8077,8.0,30.6,74.9,10.1,14.5,43.4,22.3
2023-07-01,Kothrud,18.5074,73.8077,14.3,28.8,88.3,7.0,5.8,43.1,18.1
2023-07-02,Kothrud,18.5074,73.8077,30.4,28.9,74.3,10.2,0.0,47.6,11.5
2023-07-03,Kothrud,18.5074,73.8077,25.4,32.6,70.6,11.8,0.0,60.7,16.1
2023-07-04,Kothrud,18.5074,73.8077,18.7,29.7,92.2,7.9,13.1,67.2,24.7
2023-07-05,Kothrud,18.5074,73.8077,9.8,28.8,90.7,11.7,20.6,61.7,21.9
2023-07-06,Kothrud,18.5074,73.8077,34.0,31.4,74.5,10.9,0.0,68.1,16.4
2023-07-07,Kothrud,18.5074,73.8077,12.4,29.9,82.1,9.6,13.4,51.6,15.7
2023-07-08,Kothrud,18.5074,73.8077,18.0,30.1,81.0,12.6,0.0,57.2,16.1
2023-07-09,Kothrud,18.5074,73.8077,8.1,29.2,90.7,6.6,4.9,48.3,12.7
2023-07-10,Kothrud,18.5074,73.8077,18.3,28.8,71.7,11.8,0.0,58.2,18.8
2023-07-11,Kothrud,18.5074,73.8077,10.5,28.9,85.9,14.4,7.6,59.3,19.5
2023-07-12,Kothrud,18.5074,73.8077,17.4,27.3,76.1,14.1,0.0,67.7,19.4
2023-07-13,Kothrud,18.5074,73.8077,8.0,28.8,82.1,12.0,9.9,55.0,22.4
2023-07-14,Kothrud,18.5074,73.8077,21.5,29.1,79.5,10.7,0.0,63.6,24.2
2023-07-15,Kothrud,18.5074,73.8077,22.9,30.9,71.8,10.1,0.0,49.2,14.4
2023-07-16,Kothrud,18.5074,73.8077,21.8,28.6,78.9,10.8,0.0,42.1,12.8
2023-07-17,Kothrud,18.5074,73.8077,8.0,25.6,89.9,12.6,7.8,57.6,20.6
2023-07-18,Kothrud,18.5074,73.8077,8.0,28.2,91.7,9.9,7.6,54.0,23.7
2023-07-19,Kothrud,18.5074,73.8077,19.3,31.5,74.7,13.1,0.0,67.2,18.6
2023-07-20,Kothrud,18.5074,73.8077,22.5,29.1,78.1,15.9,0.0,58.4,21.7
2023-07-21,Kothrud,18.5074,73.8077,12.0,27.0,98.0,11.6,7.6,60.5,17.5
2023-07-22,Kothrud,18.5074,73.8077,8.0,28.5,98.0,9.1,22.3,29.5,15.7
2023-07-23,Kothrud,18.5074,73.8077,8.0,26.8,96.8,9.1,21.2,31.3,12.7
2023-07-24,Kothrud,18.5074,73.8077,18.0,25.9,80.3,13.4,0.0,57.0,19.6
2023-07-25,Kothrud,18.5074,73.8077,18.6,27.0,84.9,11.7,0.0,61.5,19.3
2023-07-26,Kothrud,18.5074,73.8077,20.8,27.4,86.6,13.6,0.8,63.4,21.1
2023-07-27,Kothrud,18.5074,73.8077,20.0,24.9,92.1,10.8,6.1,61.7,24.0
2023-07-28,Kothrud,18.5074,73.8077,10.3,25.7,96.0,13.6,14.9,46.6,18.6
2023-07-29,Kothrud,18.5074,73.8077,8.0,27.0,87.5,11.6,6.9,43.3,10.6
2023-07-30,Kothrud,18.5074,73.8077,8.0,26.3,98.0,10.5,18.3,34.7,15.1
2023-07-31,Kothrud,18.5074,73.8077,13.4,27.2,92.2,11.2,0.0,65.6,20.3
2023-08-01,Kothrud,18.5074,73.8077,8.0,25.1,97.3,9.6,6.0,58.6,20.1
2023-08-02,Kothrud,18.5074,73.8077,8.0,27.3,86.4,16.0,10.1,57.4,19.2
2023-08-03,Kothrud,18.5074,73.8077,8.0,24.9,98.0,11.8,23.4,47.5,23.3
2023-08-04,Kothrud,18.5074,73.8077,8.0,28.1,92.5,13.3,2.6,70.2,19.9
2023-08-05,Kothrud,18.5074,73.8077,8.0,24.0,93.6,10.9,7.1,37.6,15.3
2023-08-06,Kothrud,18.5074,73.8077,12.7,24.6,98.0,9.9,2.4,44.4,13.7
2023-08-07,Kothrud,18.5074,73.8077,13.6,26.3,98.0,11.5,4.6,61.1,15.2
2023-08-08,Kothrud,18.5074,73.8077,22.5,27.7,79.2,14.2,0.0,61.6,20.4
2023-08-09,Kothrud,18.5074,73.8077,9.8,25.9,93.2,10.9,7.1,55.5,20.2
2023-08-10,Kothrud,18.5074,73.8077,21.2,26.1,96.8,10.2,1.4,53.1,17.0
2023-08-11,Kothrud,18.5074,73.8077,15.2,25.3,93.9,12.2,4.0,57.4,19.5
2023-08-12,Kothrud,18.5074,73.8077,26.2,23.9,75.2,12.9,0.0,42.8,15.2
2023-08-13,Kothrud,18.5074,73.8077,8.0,24.4,93.7,15.1,10.4,50.8,14.0
2023-08-14,Kothrud,18.5074,73.8077,29.2,23.4,81.8,12.5,0.0,74.2,17.6
2023-08-15,Kothrud,18.5074,73.8077,21.3,23.2,78.8,13.0,0.0,62.6,20.6
2023-08-16,Kothrud,18.5074,73.8077,32.7,25.1,72.3,13.1,0.0,55.9,19.0
2023-08-17,Kothrud,18.5074,73.8077,20.9,23.2,98.0,9.3,2.7,65.2,18.1
2023-08-18,Kothrud,18.5074,73.8077,32.1,24.8,64.8,9.7,0.0,58.0,17.4
2023-08-19,Kothrud,18.5074,73.8077,12.2,22.7,90.8,9.4,8.4,40.7,15.3
2023-08-20,Kothrud,18.5074,73.8077,9.7,24.5,89.4,8.8,18.0,35.4,17.9
2023-08-21,Kothrud,18.5074,73.8077,8.6,23.4,92.8,13.0,15.5,52.7,20.1
2023-08-22,Kothrud,18.5074,73.8077,8.0,25.6,94.3,12.0,30.2,46.0,19.0
2023-08-23,Kothrud,18.5074,73.8077,8.0,24.1,96.6,11.5,4.3,54.2,20.4
2023-08-24,Kothrud,18.5074,73.8077,22.0,25.1,86.8,6.1,3.8,57.5,23.0
2023-08-25,Kothrud,18.5074,73.8077,13.0,22.6,92.8,15.3,6.4,64.8,20.8
2023-08-26,Kothrud,18.5074,73.8077,8.0,23.4,90.2,9.3,8.7,43.1,16.3
2023-08-27,Kothrud,18.5074,73.8077,16.3,22.1,65.1,15.2,0.0,48.2,17.2
2023-08-28,Kothrud,18.5074,73.8077,25.1,22.6,82.5,8.1,0.0,51.7,19.2
2023-08-29,Kothrud,18.5074,73.8077,8.0,22.7,80.2,9.3,11.5,61.9,20.1
2023-08-30,Kothrud,18.5074,73.8077,24.7,22.0,73.8,6.4,0.0,59.5,18.4
2023-08-31,Kothrud,18.5074,73.8077,12.4,21.3,88.0,11.5,5.3,65.9,15.7
2023-09-01,Kothrud,18.5074,73.8077,25.0,20.9,86.8,8.5,2.7,62.3,20.5
2023-09-02,Kothrud,18.5074,73.8077,23.4,19.7,67.2,8.5,0.9,44.4,16.5
2023-09-03,Kothrud,18.5074,73.8077,12.4,21.1,88.2,7.8,21.6,28.4,14.9
2023-09-04,Kothrud,18.5074,73.8077,15.6,23.0,75.5,12.0,21.2,63.2,22.2
2023-09-05,Kothrud,18.5074,73.8077,12.9,20.2,82.3,11.8,15.8,59.0,17.8
2023-09-06,Kothrud,18.5074,73.8077,8.0,20.4,79.1,13.9,13.4,60.5,15.2
2023-09-07,Kothrud,18.5074,73.8077,32.7,24.1,62.9,8.9,0.0,72.0,17.9
2023-09-08,Kothrud,18.5074,73.8077,9.6,21.1,82.7,10.6,13.8,57.1,15.7
2023-09-09,Kothrud,18.5074,73.8077,21.3,22.1,85.3,7.5,3.6,52.6,16.4
2023-09-10,Kothrud,18.5074,73.8077,14.2,22.4,77.5,9.3,9.9,40.2,13.7
2023-09-11,Kothrud,18.5074,73.8077,42.2,22.3,67.4,8.9,0.0,66.6,22.1
2023-09-12,Kothrud,18.5074,73.8077,15.8,19.6,78.1,10.8,13.8,52.9,22.0
2023-09-13,Kothrud,18.5074,73.8077,37.9,21.0,57.7,11.8,0.0,60.4,17.3
2023-09-14,Kothrud,18.5074,73.8077,23.8,19.2,75.2,11.7,4.0,61.4,17.6
2023-09-15,Kothrud,18.5074,73.8077,31.4,24.0,74.3,7.9,6.2,53.5,20.9
2023-09-16,Kothrud,18.5074,73.8077,35.7,19.0,56.7,11.5,0.0,49.2,18.0
2023-09-17,Kothrud,18.5074,73.8077,24.7,19.6,76.6,9.4,1.6,45.2,10.6
2023-09-18,Kothrud,18.5074,73.8077,34.6,19.5,75.0,8.7,2.2,51.9,20.3
2023-09-19,Kothrud,18.5074,73.8077,8.0,18.9,65.3,7.9,24.0,48.6,14.1
2023-09-20,Kothrud,18.5074,73.8077,46.5,22.2,49.4,8.1,0.0,61.2,18.2
2023-09-21,Kothrud,18.5074,73.8077,48.3,23.4,59.1,12.7,0.0,67.2,22.3
2023-09-22,Kothrud,18.5074,73.8077,42.1,19.8,52.3,9.7,0.0,64.3,27.1
2023-09-23,Kothrud,18.5074,73.8077,40.6,18.7,57.3,9.4,0.0,54.8,15.0
2023-09-24,Kothrud,18.5074,73.8077,13.7,17.5,74.2,8.5,10.0,45.2,12.5
2023-09-25,Kothrud,18.5074,73.8077,41.5,19.8,48.4,13.8,0.0,60.1,18.3
2023-09-26,Kothrud,18.5074,73.8077,14.7,19.6,62.1,11.5,8.6,58.3,19.8
2023-09-27,Kothrud,18.5074,73.8077,46.3,19.1,62.0,7.4,0.0,61.2,17.9
2023-09-28,Kothrud,18.5074,73.8077,46.4,20.1,54.9,8.2,0.0,65.3,17.3
2023-09-29,Kothrud,18.5074,73.8077,44.2,20.2,50.5,8.3,0.0,63.2,18.5
2023-09-30,Kothrud,18.5074,73.8077,37.9,20.1,47.5,8.9,0.0,44.5,16.6
2023-10-01,Kothrud,18.5074,73.8077,12.3,19.2,64.1,7.2,9.5,42.9,15.2
2023-10-02,Kothrud,18.5074,73.8077,40.3,18.2,45.2,9.4,0.0,65.2,17.4
2023-10-03,Kothrud,18.5074,73.8077,36.3,20.2,55.2,11.4,0.0,57.9,17.9
2023-10-04,Kothrud,18.5074,73.8077,43.7,19.4,46.4,5.8,0.0,64.5,18.6
2023-10-05,Kothrud,18.5074,73.8077,42.4,20.4,55.4,6.1,0.0,55.0,17.1
2023-10-06,Kothrud,18.5074,73.8077,22.0,20.2,62.5,7.4,11.2,62.9,17.8
2023-10-07,Kothrud,18.5074,73.8077,48.4,17.4,43.9,7.4,0.0,50.2,17.2
2023-10-08,Kothrud,18.5074,73.8077,45.5,17.4,46.6,12.3,0.0,55.7,15.0
2023-10-09,Kothrud,18.5074,73.8077,44.5,18.1,35.3,10.2,0.0,57.3,15.2
2023-10-10,Kothrud,18.5074,73.8077,49.0,17.7,47.5,10.1,0.0,68.6,22.2
2023-10-11,Kothrud,18.5074,73.8077,48.8,19.8,46.9,7.6,0.0,67.6,20.6
2023-10-12,Kothrud,18.5074,73.8077,45.5,19.2,51.5,7.5,0.0,62.0,16.1
2023-10-13,Kothrud,18.5074,73.8077,49.3,20.1,37.7,5.2,0.0,61.0,18.7
2023-10-14,Kothrud,18.5074,73.8077,43.2,19.2,52.6,9.6,0.0,42.2,13.6
2023-10-15,Kothrud,18.5074,73.8077,44.4,18.9,50.6,9.0,0.0,40.9,17.3
2023-10-16,Kothrud,18.5074,73.8077,47.7,20.0,52.5,10.6,0.0,59.1,18.7
2023-10-17,Kothrud,18.5074,73.8077,8.0,19.1,60.7,7.5,20.5,46.3,19.4
2023-10-18,Kothrud,18.5074,73.8077,46.8,18.6,50.8,7.6,0.0,70.9,19.1
2023-10-19,Kothrud,18.5074,73.8077,50.2,20.2,38.1,8.2,0.0,55.4,15.9
2023-10-20,Kothrud,18.5074,73.8077,14.0,18.6,63.7,9.6,12.4,57.5,23.1
2023-10-21,Kothrud,18.5074,73.8077,39.2,18.0,41.0,4.8,0.0,49.8,17.3
2023-10-22,Kothrud,18.5074,73.8077,49.9,17.3,36.3,9.2,0.0,49.4,13.7
2023-10-23,Kothrud,18.5074,73.8077,8.0,19.1,53.7,7.6,20.1,55.1,20.1
2023-10-24,Kothrud,18.5074,73.8077,52.1,19.7,44.1,5.5,0.0,67.6,22.0
2023-10-25,Kothrud,18.5074,73.8077,51.9,18.2,39.7,3.4,0.0,60.7,19.7
2023-10-26,Kothrud,18.5074,73.8077,55.0,19.8,45.4,7.3,0.0,63.3,23.5
2023-10-27,Kothrud,18.5074,73.8077,48.1,15.8,34.2,10.4,0.0,61.4,26.9
2023-10-28,Kothrud,18.5074,73.8077,50.3,18.1,32.4,10.8,0.0,54.1,15.3
2023-10-29,Kothrud,18.5074,73.8077,54.0,18.1,49.6,8.1,0.0,58.1,14.1
2023-10-30,Kothrud,18.5074,73.8077,58.5,17.2,47.0,11.3,0.0,56.9,17.1
2023-10-31,Kothrud,18.5074,73.8077,46.5,20.9,37.0,7.2,0.0,52.7,14.1
2023-11-01,Kothrud,18.5074,73.8077,65.2,18.0,42.0,9.2,0.0,65.7,22.7
2023-11-02,Kothrud,18.5074,73.8077,55.2,17.6,46.9,6.3,0.0,68.3,18.7
2023-11-03,Kothrud,18.5074,73.8077,54.8,18.1,43.6,6.1,0.0,72.7,21.8
2023-11-04,Kothrud,18.5074,73.8077,52.6,15.6,42.1,5.8,0.0,51.3,18.3
2023-11-05,Kothrud,18.5074,73.8077,52.0,17.1,46.6,2.9,0.0,54.6,12.9
2023-11-06,Kothrud,18.5074,73.8077,65.9,19.2,37.2,9.6,0.0,71.2,17.3
2023-11-07,Kothrud,18.5074,73.8077,25.8,17.2,55.8,5.7,8.6,65.9,24.0
2023-11-08,Kothrud,18.5074,73.8077,66.3,17.0,40.3,5.3,0.0,67.3,19.4
2023-11-09,Kothrud,18.5074,73.8077,59.7,19.6,38.8,4.5,0.0,56.5,17.9
2023-11-10,Kothrud,18.5074,73.8077,56.2,19.6,38.1,6.4,0.0,62.9,17.0
2023-11-11,Kothrud,18.5074,73.8077,61.0,18.6,40.2,10.3,0.0,49.1,15.2
2023-11-12,Kothrud,18.5074,73.8077,62.6,17.5,39.8,10.9,0.0,47.1,19.4
2023-11-13,Kothrud,18.5074,73.8077,68.1,17.7,34.1,3.3,0.0,62.7,21.3
2023-11-14,Kothrud,18.5074,73.8077,72.7,17.1,43.2,5.9,0.0,70.7,20.1
2023-11-15,Kothrud,18.5074,73.8077,78.2,16.9,34.1,4.5,0.0,59.1,23.6
2023-11-16,Kothrud,18.5074,73.8077,77.8,16.8,37.7,8.5,0.0,66.9,23.1
2023-11-17,Kothrud,18.5074,73.8077,72.7,17.3,37.1,7.0,0.0,64.5,20.4
2023-11-18,Kothrud,18.5074,73.8077,64.0,16.9,40.2,5.2,0.0,43.3,22.5
2023-11-19,Kothrud,18.5074,73.8077,62.6,16.2,27.6,6.5,0.0,42.2,15.0
2023-11-20,Kothrud,18.5074,73.8077,68.2,18.4,42.5,5.4,0.0,54.4,22.3
2023-11-21,Kothrud,18.5074,73.8077,63.0,18.5,34.4,9.5,0.0,65.3,18.6
2023-11-22,Kothrud,18.5074,73.8077,62.3,20.2,43.7,7.3,0.0,62.6,21.9
2023-11-23,Kothrud,18.5074,73.8077,65.1,17.4,35.1,7.5,0.0,58.8,19.0
2023-11-24,Kothrud,18.5074,73.8077,55.6,18.6,37.0,1.2,0.0,53.5,20.8
2023-11-25,Kothrud,18.5074,73.8077,32.1,18.7,61.7,6.0,3.7,47.9,21.6
2023-11-26,Kothrud,18.5074,73.8077,69.1,18.0,35.5,10.2,0.0,46.7,18.0
2023-11-27,Kothrud,18.5074,73.8077,69.3,19.3,42.9,8.7,0.0,59.3,20.8
2023-11-28,Kothrud,18.5074,73.8077,63.3,19.3,36.8,2.3,0.0,58.1,17.7
2023-11-29,Kothrud,18.5074,73.8077,70.5,18.9,38.5,5.3,0.0,61.7,20.1
2023-11-30,Kothrud,18.5074,73.8077,71.7,18.2,36.6,3.5,0.0,65.2,17.1
2023-12-01,Kothrud,18.5074,73.8077,83.9,18.1,40.3,9.2,0.0,61.3,21.8
2023-12-02,Kothrud,18.5074,73.8077,71.0,17.0,32.5,6.3,0.0,41.7,17.8
2023-12-03,Kothrud,18.5074,73.8077,71.4,17.7,30.8,4.2,0.0,47.3,15.2
2023-12-04,Kothrud,18.5074,73.8077,85.0,18.0,32.4,5.8,0.0,68.1,23.8
2023-12-05,Kothrud,18.5074,73.8077,70.4,17.4,35.9,1.2,0.0,63.1,23.4
2023-12-06,Kothrud,18.5074,73.8077,72.9,19.4,34.2,3.4,0.0,63.2,20.0
2023-12-07,Kothrud,18.5074,73.8077,74.1,20.3,38.7,5.6,0.0,61.3,21.0
2023-12-08,Kothrud,18.5074,73.8077,76.5,17.9,41.5,7.2,0.0,58.5,18.1
2023-12-09,Kothrud,18.5074,73.8077,60.3,19.4,30.0,1.6,0.0,43.0,14.9
2023-12-10,Kothrud,18.5074,73.8077,60.6,17.8,31.0,4.7,0.0,39.3,12.9
2023-12-11,Kothrud,18.5074,73.8077,83.4,18.8,27.4,7.4,0.0,68.8,18.4
2023-12-12,Kothrud,18.5074,73.8077,64.7,18.4,44.6,2.5,0.0,65.2,19.3
2023-12-13,Kothrud,18.5074,73.8077,71.9,20.0,35.8,5.8,0.0,63.3,15.4
2023-12-14,Kothrud,18.5074,73.8077,76.5,18.5,36.6,5.4,0.0,64.4,21.0
2023-12-15,Kothrud,18.5074,73.8077,95.2,20.6,27.3,8.7,0.0,64.6,22.2
2023-12-16,Kothrud,18.5074,73.8077,77.8,19.2,33.9,4.8,0.0,43.9,15.6
2023-12-17,Kothrud,18.5074,73.8077,67.9,18.8,36.3,4.9,0.0,46.0,8.9
2023-12-18,Kothrud,18.5074,73.8077,84.5,18.2,32.4,6.9,0.0,60.5,19.0
2023-12-19,Kothrud,18.5074,73.8077,82.6,20.1,38.9,2.5,0.0,75.5,16.1
2023-12-20,Kothrud,18.5074,73.8077,80.4,20.9,45.0,4.7,0.0,68.0,18.1
2023-12-21,Kothrud,18.5074,73.8077,82.3,20.2,28.6,4.2,0.0,63.7,23.2
2023-12-22,Kothrud,18.5074,73.8077,82.0,22.7,28.1,4.8,0.0,69.7,13.5
2023-12-23,Kothrud,18.5074,73.8077,87.2,21.8,28.8,6.7,0.0,53.8,13.6
2023-12-24,Kothrud,18.5074,73.8077,72.9,19.8,41.1,6.1,0.0,40.7,17.7
2023-12-25,Kothrud,18.5074,73.8077,80.9,19.9,38.2,3.5,0.0,61.8,17.8
2023-12-26,Kothrud,18.5074,73.8077,73.7,20.9,32.2,5.2,0.0,62.8,17.7
2023-12-27,Kothrud,18.5074,73.8077,90.2,19.5,33.0,7.9,0.0,66.0,24.7
2023-12-28,Kothrud,18.5074,73.8077,84.6,22.0,28.6,3.2,0.0,61.8,20.5
2023-12-29,Kothrud,18.5074,73.8077,81.8,21.1,37.1,5.2,0.0,62.4,21.9
2023-12-30,Kothrud,18.5074,73.8077,69.5,21.1,30.7,4.5,0.0,45.3,16.8
2023-12-31,Kothrud,18.5074,73.8077,77.3,21.7,31.2,4.7,0.0,52.8,16.0
2024-01-01,Kothrud,18.5074,73.8077,74.2,23.0,35.5,1.6,0.0,55.7,22.8
2024-01-02,Kothrud,18.5074,73.8077,93.3,21.3,31.4,7.6,0.0,60.8,24.4
2024-01-03,Kothrud,18.5074,73.8077,74.8,21.0,31.1,3.2,0.0,53.7,15.4
2024-01-04,Kothrud,18.5074,73.8077,94.7,23.1,32.3,6.8,0.0,57.8,19.5
2024-01-05,Kothrud,18.5074,73.8077,84.7,22.5,36.2,3.5,0.0,64.5,19.5
2024-01-06,Kothrud,18.5074,73.8077,84.9,21.1,40.4,3.5,0.0,49.3,14.5
2024-01-07,Kothrud,18.5074,73.8077,93.7,21.6,35.1,7.2,0.0,46.0,18.1
2024-01-08,Kothrud,18.5074,73.8077,103.8,21.9,36.1,6.7,0.0,68.5,20.2
2024-01-09,Kothrud,18.5074,73.8077,95.3,22.3,31.1,5.1,0.0,69.7,24.4
2024-01-10,Kothrud,18.5074,73.8077,96.7,20.3,28.5,6.2,0.0,62.6,22.4
2024-01-11,Kothrud,18.5074,73.8077,92.2,20.2,35.3,4.1,0.0,64.2,23.0
2024-01-12,Kothrud,18.5074,73.8077,77.4,21.1,32.9,4.7,0.0,60.6,16.6
2024-01-13,Kothrud,18.5074,73.8077,65.0,21.1,24.9,3.4,0.0,50.7,13.6
2024-01-14,Kothrud,18.5074,73.8077,71.9,21.6,30.4,6.5,0.0,41.6,13.8
2024-01-15,Kothrud,18.5074,73.8077,85.8,23.3,31.6,3.3,0.0,71.9,22.9
2024-01-16,Kothrud,18.5074,73.8077,90.3,22.4,29.4,7.7,0.0,68.6,17.2
2024-01-17,Kothrud,18.5074,73.8077,80.7,23.0,39.4,4.1,0.0,56.9,17.3
2024-01-18,Kothrud,18.5074,73.8077,79.3,21.4,34.4,4.7,0.0,59.0,16.8
2024-01-19,Kothrud,18.5074,73.8077,86.9,22.4,38.9,6.2,0.0,65.0,26.5
2024-01-20,Kothrud,18.5074,73.8077,69.2,23.8,33.4,4.8,0.0,45.9,15.2
2024-01-21,Kothrud,18.5074,73.8077,75.2,24.0,32.5,4.1,0.0,50.3,16.9
2024-01-22,Kothrud,18.5074,73.8077,76.0,22.5,27.4,4.7,0.0,61.1,16.7
2024-01-23,Kothrud,18.5074,73.8077,86.6,23.7,32.2,6.5,0.0,70.5,22.0
2024-01-24,Kothrud,18.5074,73.8077,68.2,26.3,32.2,3.4,0.0,62.9,15.2
2024-01-25,Kothrud,18.5074,73.8077,82.6,23.7,25.4,4.5,0.0,75.0,17.2
2024-01-26,Kothrud,18.5074,73.8077,84.2,23.0,29.6,4.8,0.0,65.9,17.8
2024-01-27,Kothrud,18.5074,73.8077,77.7,23.8,30.7,6.5,0.0,40.9,16.1
2024-01-28,Kothrud,18.5074,73.8077,76.6,24.2,34.4,4.6,0.0,58.0,13.6
2024-01-29,Kothrud,18.5074,73.8077,95.8,24.1,34.7,8.4,0.0,68.4,23.4
2024-01-30,Kothrud,18.5074,73.8077,85.7,24.3,29.6,4.5,0.0,64.8,20.9
2024-01-31,Kothrud,18.5074,73.8077,89.7,22.8,34.9,4.4,0.0,66.1,17.9
2024-02-01,Kothrud,18.5074,73.8077,84.4,23.5,31.7,4.5,0.0,57.0,22.1
2024-02-02,Kothrud,18.5074,73.8077,62.9,24.6,18.4,2.3,0.0,53.9,18.6
2024-02-03,Kothrud,18.5074,73.8077,65.7,24.7,30.4,2.8,0.0,47.4,14.1
2024-02-04,Kothrud,18.5074,73.8077,70.9,24.3,38.3,3.9,0.0,54.5,17.8
2024-02-05,Kothrud,18.5074,73.8077,85.0,24.9,24.5,7.2,0.0,64.9,13.5
2024-02-06,Kothrud,18.5074,73.8077,86.8,25.3,33.6,4.9,0.0,71.4,21.4
2024-02-07,Kothrud,18.5074,73.8077,74.8,26.5,41.1,4.0,0.0,69.5,17.8
2024-02-08,Kothrud,18.5074,73.8077,83.3,25.4,29.4,7.5,0.0,63.0,17.8
2024-02-09,Kothrud,18.5074,73.8077,91.9,26.1,33.3,8.2,0.0,68.8,24.5
2024-02-10,Kothrud,18.5074,73.8077,84.0,25.1,26.9,7.6,0.0,55.2,14.3
2024-02-11,Kothrud,18.5074,73.8077,66.0,26.6,41.7,3.4,0.0,47.2,18.0
2024-02-12,Kothrud,18.5074,73.8077,82.2,26.5,33.2,4.2,0.0,61.8,20.3
2024-02-13,Kothrud,18.5074,73.8077,16.9,27.2,49.0,8.8,15.7,55.8,20.6
2024-02-14,Kothrud,18.5074,73.8077,68.7,27.2,40.7,5.7,0.0,50.8,19.0
2024-02-15,Kothrud,18.5074,73.8077,75.2,27.1,37.3,4.7,0.0,64.3,18.8
2024-02-16,Kothrud,18.5074,73.8077,85.5,26.4,29.8,6.7,0.0,66.5,23.4
2024-02-17,Kothrud,18.5074,73.8077,73.8,27.0,31.0,7.3,0.0,48.3,17.9
2024-02-18,Kothrud,18.5074,73.8077,71.7,28.1,36.9,4.2,0.0,49.3,14.4
2024-02-19,Kothrud,18.5074,73.8077,82.7,26.2,31.4,5.8,0.0,62.7,17.0
2024-02-20,Kothrud,18.5074,73.8077,81.6,26.3,24.1,7.3,0.0,52.9,18.1
2024-02-21,Kothrud,18.5074,73.8077,81.4,27.4,34.5,3.2,0.0,71.2,22.1
2024-02-22,Kothrud,18.5074,73.8077,84.0,27.8,27.5,5.5,0.0,61.1,22.5
2024-02-23,Kothrud,18.5074,73.8077,74.8,26.5,43.2,3.3,0.0,59.8,21.0
2024-02-24,Kothrud,18.5074,73.8077,60.1,27.5,36.1,3.6,0.0,54.4,11.6
2024-02-25,Kothrud,18.5074,73.8077,70.5,27.6,30.8,4.5,0.0,52.5,17.5
2024-02-26,Kothrud,18.5074,73.8077,80.6,25.2,32.0,6.6,0.0,64.3,22.9
2024-02-27,Kothrud,18.5074,73.8077,81.7,27.7,26.2,5.1,0.0,66.7,20.0
2024-02-28,Kothrud,18.5074,73.8077,73.0,27.9,30.3,4.5,0.0,57.1,24.5
2024-02-29,Kothrud,18.5074,73.8077,63.4,28.0,41.0,5.9,0.0,62.5,16.3
2024-03-01,Kothrud,18.5074,73.8077,56.6,30.0,47.3,3.6,0.0,69.4,21.3
2024-03-02,Kothrud,18.5074,73.8077,48.7,27.0,39.9,6.8,0.0,44.2,13.0
2024-03-03,Kothrud,18.5074,73.8077,59.8,27.6,36.0,8.2,0.0,42.6,18.2
2024-03-04,Kothrud,18.5074,73.8077,74.7,25.5,34.4,5.8,0.0,63.3,21.1
2024-03-05,Kothrud,18.5074,73.8077,76.0,28.2,32.0,5.6,0.0,63.4,24.1
2024-03-06,Kothrud,18.5074,73.8077,67.4,28.4,47.2,6.8,0.0,66.1,20.8
2024-03-07,Kothrud,18.5074,73.8077,55.6,28.4,36.1,2.1,0.0,56.0,18.6
2024-03-08,Kothrud,18.5074,73.8077,64.8,30.4,47.8,7.2,0.0,50.2,18.4
2024-03-09,Kothrud,18.5074,73.8077,61.8,30.3,44.3,12.4,0.0,52.2,15.0
2024-03-10,Kothrud,18.5074,73.8077,66.7,29.4,28.8,6.0,0.0,42.2,14.3
2024-03-11,Kothrud,18.5074,73.8077,80.9,29.0,34.4,6.1,0.0,59.9,23.0
2024-03-12,Kothrud,18.5074,73.8077,83.9,30.8,34.5,7.8,0.0,52.0,22.8
2024-03-13,Kothrud,18.5074,73.8077,83.3,29.6,37.6,9.7,0.0,68.0,15.9
2024-03-14,Kothrud,18.5074,73.8077,75.1,28.8,37.9,8.4,0.0,64.7,19.7
2024-03-15,Kothrud,18.5074,73.8077,65.7,27.8,53.3,2.2,0.0,64.5,19.8
2024-03-16,Kothrud,18.5074,73.8077,68.1,29.5,33.1,7.6,0.0,49.1,13.6
2024-03-17,Kothrud,18.5074,73.8077,9.6,31.0,54.8,11.7,19.9,27.4,16.7
2024-03-18,Kothrud,18.5074,73.8077,59.6,32.9,41.9,7.9,0.0,58.0,23.3
2024-03-19,Kothrud,18.5074,73.8077,57.5,30.4,39.0,4.3,0.0,60.6,21.8
2024-03-20,Kothrud,18.5074,73.8077,57.2,29.5,39.7,7.3,0.0,59.2,23.0
2024-03-21,Kothrud,18.5074,73.8077,62.0,29.1,34.1,4.2,0.0,61.5,17.8
2024-03-22,Kothrud,18.5074,73.8077,62.4,31.2,40.0,9.2,0.0,64.1,19.7
2024-03-23,Kothrud,18.5074,73.8077,53.3,28.6,42.2,4.9,0.0,52.6,13.7
2024-03-24,Kothrud,18.5074,73.8077,55.6,31.4,41.4,7.0,0.0,40.2,16.2
2024-03-25,Kothrud,18.5074,73.8077,67.2,31.8,42.8,5.2,0.0,62.9,20.4
2024-03-26,Kothrud,18.5074,73.8077,65.9,31.5,47.1,5.9,0.0,66.5,22.0
2024-03-27,Kothrud,18.5074,73.8077,64.4,30.8,44.9,10.0,0.0,58.3,22.9
2024-03-28,Kothrud,18.5074,73.8077,58.0,31.8,40.7,7.2,0.0,61.9,21.3
2024-03-29,Kothrud,18.5074,73.8077,63.1,31.4,34.6,5.9,0.0,65.2,17.4
2024-03-30,Kothrud,18.5074,73.8077,57.5,30.4,37.6,4.8,0.0,47.7,12.2
2024-03-31,Kothrud,18.5074,73.8077,46.4,33.6,39.7,3.4,0.0,51.0,16.9
2024-04-01,Kothrud,18.5074,73.8077,62.4,31.0,42.1,4.7,0.0,63.4,23.4
2024-04-02,Kothrud,18.5074,73.8077,57.3,32.5,38.6,7.4,0.0,61.3,19.5
2024-04-03,Kothrud,18.5074,73.8077,58.5,28.7,36.5,9.2,0.0,57.0,15.8
2024-04-04,Kothrud,18.5074,73.8077,60.4,33.2,35.3,6.2,0.0,64.1,24.8
2024-04-05,Kothrud,18.5074,73.8077,60.4,33.5,33.1,10.4,0.0,63.4,20.8
2024-04-06,Kothrud,18.5074,73.8077,46.5,31.9,40.3,5.9,0.0,42.6,16.0
2024-04-07,Kothrud,18.5074,73.8077,45.6,32.6,34.3,6.9,0.0,50.5,12.7
2024-04-08,Kothrud,18.5074,73.8077,55.8,32.6,36.7,5.2,0.0,69.2,19.6
2024-04-09,Kothrud,18.5074,73.8077,53.0,31.3,39.9,9.4,0.0,59.6,21.3
2024-04-10,Kothrud,18.5074,73.8077,49.0,32.7,35.2,11.6,0.0,59.3,20.9
2024-04-11,Kothrud,18.5074,73.8077,40.7,31.2,43.9,3.9,0.0,59.1,17.9
2024-04-12,Kothrud,18.5074,73.8077,38.1,31.5,45.8,6.8,0.0,54.5,19.5
2024-04-13,Kothrud,18.5074,73.8077,42.2,33.6,39.4,10.0,0.0,57.6,14.1
2024-04-14,Kothrud,18.5074,73.8077,42.3,33.5,40.1,4.6,0.0,45.4,19.8
2024-04-15,Kothrud,18.5074,73.8077,46.1,31.5,45.0,8.7,0.0,58.6,21.8
2024-04-16,Kothrud,18.5074,73.8077,53.2,31.5,38.8,10.0,0.0,57.3,18.3
2024-04-17,Kothrud,18.5074,73.8077,52.4,31.7,38.5,7.7,0.0,61.0,16.7
2024-04-18,Kothrud,18.5074,73.8077,49.3,33.4,48.4,8.6,0.0,59.4,20.3
2024-04-19,Kothrud,18.5074,73.8077,53.0,31.4,46.9,11.1,0.0,70.1,18.4
2024-04-20,Kothrud,18.5074,73.8077,51.0,33.0,45.5,11.5,0.0,41.4,14.6
2024-04-21,Kothrud,18.5074,73.8077,40.1,33.5,47.2,7.4,0.0,39.9,12.8
2024-04-22,Kothrud,18.5074,73.8077,60.2,32.6,32.7,6.5,0.0,65.7,17.1
2024-04-23,Kothrud,18.5074,73.8077,58.5,33.9,49.4,5.7,0.0,62.4,20.0
2024-04-24,Kothrud,18.5074,73.8077,56.7,32.4,44.6,9.5,0.0,61.8,18.9
2024-04-25,Kothrud,18.5074,73.8077,61.3,32.5,47.8,4.8,0.0,65.7,25.8
2024-04-26,Kothrud,18.5074,73.8077,56.0,31.6,44.7,7.1,0.0,63.6,21.1
2024-04-27,Kothrud,18.5074,73.8077,49.4,34.1,43.1,7.8,0.0,47.4,12.7
2024-04-28,Kothrud,18.5074,73.8077,42.9,31.9,41.6,6.6,0.0,40.6,11.8
2024-04-29,Kothrud,18.5074,73.8077,53.8,33.3,44.8,8.2,0.0,54.6,20.6
2024-04-30,Kothrud,18.5074,73.8077,51.2,32.8,41.5,12.8,0.0,59.4,18.6
2024-05-01,Kothrud,18.5074,73.8077,49.5,31.7,47.5,7.4,0.0,57.5,22.9
2024-05-02,Kothrud,18.5074,73.8077,56.5,32.2,35.3,6.8,0.0,64.2,20.3
2024-05-03,Kothrud,18.5074,73.8077,55.6,34.6,40.7,9.7,0.0,53.9,14.6
2024-05-04,Kothrud,18.5074,73.8077,43.0,33.2,53.7,8.1,0.0,45.4,13.1
2024-05-05,Kothrud,18.5074,73.8077,50.7,31.8,40.4,10.6,0.0,46.7,13.9
2024-05-06,Kothrud,18.5074,73.8077,49.9,33.4,42.5,8.0,0.0,62.7,20.7
2024-05-07,Kothrud,18.5074,73.8077,41.2,32.8,39.4,7.2,0.0,64.9,17.0
2024-05-08,Kothrud,18.5074,73.8077,39.1,37.1,45.6,4.2,0.0,61.3,20.0
2024-05-09,Kothrud,18.5074,73.8077,46.1,33.3,40.4,4.5,0.0,59.6,16.3
2024-05-10,Kothrud,18.5074,73.8077,50.3,32.5,43.3,4.1,0.0,69.1,19.6
2024-05-11,Kothrud,18.5074,73.8077,41.0,34.7,48.6,8.5,0.0,46.0,16.5
2024-05-12,Kothrud,18.5074,73.8077,45.9,30.8,41.1,5.1,0.0,54.7,19.3
2024-05-13,Kothrud,18.5074,73.8077,48.6,33.1,48.7,10.3,0.0,61.3,20.2
2024-05-14,Kothrud,18.5074,73.8077,51.4,35.4,49.0,7.9,0.0,62.8,17.6
2024-05-15,Kothrud,18.5074,73.8077,44.0,32.8,50.4,7.4,0.0,62.2,23.3
2024-05-16,Kothrud,18.5074,73.8077,45.9,30.9,46.0,6.2,0.0,64.1,19.1
2024-05-17,Kothrud,18.5074,73.8077,44.1,32.5,61.8,9.1,0.0,60.8,21.5
2024-05-18,Kothrud,18.5074,73.8077,16.0,34.7,66.1,6.3,5.0,45.6,14.1
2024-05-19,Kothrud,18.5074,73.8077,8.0,33.3,62.7,6.0,11.6,49.4,15.8
2024-05-20,Kothrud,18.5074,73.8077,43.5,31.9,41.9,10.4,0.0,68.1,17.6
2024-05-21,Kothrud,18.5074,73.8077,46.1,32.0,46.1,8.7,0.0,68.2,20.4
2024-05-22,Kothrud,18.5074,73.8077,42.9,32.1,54.0,7.6,0.0,56.2,21.6
2024-05-23,Kothrud,18.5074,73.8077,8.0,33.2,70.7,9.4,14.3,49.8,18.4
2024-05-24,Kothrud,18.5074,73.8077,41.6,34.4,54.8,8.1,0.0,64.0,18.2
2024-05-25,Kothrud,18.5074,73.8077,38.4,34.0,51.7,8.9,0.0,51.5,16.5
2024-05-26,Kothrud,18.5074,73.8077,40.5,33.2,41.8,6.5,0.0,45.0,13.5
2024-05-27,Kothrud,18.5074,73.8077,49.4,31.0,50.8,12.4,0.0,59.4,15.8
2024-05-28,Kothrud,18.5074,73.8077,43.7,31.0,42.6,7.1,0.0,69.9,20.5
2024-05-29,Kothrud,18.5074,73.8077,8.4,33.2,56.7,11.4,16.3,58.2,19.3
2024-05-30,Kothrud,18.5074,73.8077,46.6,30.9,50.7,8.0,0.0,68.2,19.3
2024-05-31,Kothrud,18.5074,73.8077,46.9,32.2,52.5,10.0,0.0,60.7,20.9
2024-06-01,Kothrud,18.5074,73.8077,46.0,32.8,54.8,9.9,0.0,45.0,17.3
2024-06-02,Kothrud,18.5074,73.8077,41.8,31.0,53.2,10.8,0.0,52.3,15.2
2024-06-03,Kothrud,18.5074,73.8077,48.7,31.1,53.9,6.9,0.0,61.6,16.8
2024-06-04,Kothrud,18.5074,73.8077,11.3,32.1,61.7,10.7,10.8,54.4,18.0
2024-06-05,Kothrud,18.5074,73.8077,8.0,32.8,66.6,12.3,23.3,46.7,21.1
2024-06-06,Kothrud,18.5074,73.8077,43.5,33.4,45.1,8.2,0.0,60.3,19.9
2024-06-07,Kothrud,18.5074,73.8077,46.1,32.8,43.1,8.8,0.0,67.3,18.2
2024-06-08,Kothrud,18.5074,73.8077,8.0,32.1,72.3,7.8,20.3,29.9,13.6
2024-06-09,Kothrud,18.5074,73.8077,24.7,31.1,65.4,8.2,2.1,49.7,17.1
2024-06-10,Kothrud,18.5074,73.8077,45.8,30.6,59.1,12.4,0.0,59.4,19.0
2024-06-11,Kothrud,18.5074,73.8077,17.2,31.2,75.8,7.0,9.3,57.2,21.5
2024-06-12,Kothrud,18.5074,73.8077,20.6,32.2,67.7,7.2,7.4,58.5,21.8
2024-06-13,Kothrud,18.5074,73.8077,43.0,32.1,59.4,12.3,0.0,61.8,18.8
2024-06-14,Kothrud,18.5074,73.8077,42.4,29.1,53.7,10.4,0.0,61.5,22.0
2024-06-15,Kothrud,18.5074,73.8077,43.2,30.6,48.4,13.5,0.0,45.4,15.9
2024-06-16,Kothrud,18.5074,73.8077,37.1,32.9,58.9,8.4,0.0,44.7,16.3
2024-06-17,Kothrud,18.5074,73.8077,19.7,31.5,71.5,9.6,6.8,66.1,14.1
2024-06-18,Kothrud,18.5074,73.8077,35.2,29.6,57.3,8.1,0.0,63.0,17.2
2024-06-19,Kothrud,18.5074,73.8077,33.5,34.0,70.0,9.8,0.0,62.3,17.3
2024-06-20,Kothrud,18.5074,73.8077,37.8,31.1,53.2,6.1,0.0,59.7,18.8
2024-06-21,Kothrud,18.5074,73.8077,19.0,31.5,78.4,11.1,6.5,57.6,19.9
2024-06-22,Kothrud,18.5074,73.8077,8.0,31.4,72.2,10.4,17.3,35.8,16.0
2024-06-23,Kothrud,18.5074,73.8077,10.3,30.4,82.4,9.7,7.7,47.6,16.3
2024-06-24,Kothrud,18.5074,73.8077,33.9,29.9,65.0,9.1,0.0,59.1,17.9
2024-06-25,Kothrud,18.5074,73.8077,39.0,33.2,66.1,8.2,0.0,51.7,21.3
2024-06-26,Kothrud,18.5074,73.8077,41.5,31.8,60.2,11.5,0.0,63.2,24.1
2024-06-27,Kothrud,18.5074,73.8077,47.4,31.5,61.7,7.8,0.0,61.5,18.7
2024-06-28,Kothrud,18.5074,73.8077,40.7,31.1,70.9,11.3,0.0,60.0,17.9
2024-06-29,Kothrud,18.5074,73.8077,33.3,29.1,75.8,14.5,0.0,52.2,13.9
2024-06-30,Kothrud,18.5074,73.8077,16.4,31.7,85.0,13.4,9.9,29.0,15.8
2024-07-01,Kothrud,18.5074,73.8077,47.2,29.1,63.8,7.5,0.0,70.8,18.3
2024-07-02,Kothrud,18.5074,73.8077,31.9,30.3,85.7,9.5,4.4,66.0,15.3
2024-07-03,Kothrud,18.5074,73.8077,14.3,27.9,96.8,11.5,9.4,55.1,16.0
2024-07-04,Kothrud,18.5074,73.8077,35.0,27.3,70.9,10.6,0.0,60.6,22.2
2024-07-05,Kothrud,18.5074,73.8077,35.5,30.1,78.4,8.0,0.0,65.4,22.8
2024-07-06,Kothrud,18.5074,73.8077,17.5,28.6,83.0,11.6,3.6,48.5,19.6
2024-07-07,Kothrud,18.5074,73.8077,8.0,27.1,87.1,10.9,14.6,37.1,16.2
2024-07-08,Kothrud,18.5074,73.8077,8.0,30.0,91.1,14.8,11.0,49.3,17.1
2024-07-09,Kothrud,18.5074,73.8077,8.0,31.8,90.6,10.6,14.7,66.1,18.5
2024-07-10,Kothrud,18.5074,73.8077,8.0,30.8,85.4,13.5,5.4,65.0,15.9
2024-07-11,Kothrud,18.5074,73.8077,19.1,28.7,70.8,8.7,0.0,63.7,15.8
2024-07-12,Kothrud,18.5074,73.8077,24.2,28.9,80.4,9.2,0.0,63.8,20.2
2024-07-13,Kothrud,18.5074,73.8077,9.0,29.8,96.9,12.8,3.7,48.9,16.9
2024-07-14,Kothrud,18.5074,73.8077,8.0,30.0,98.0,13.6,18.2,42.2,20.5
2024-07-15,Kothrud,18.5074,73.8077,8.0,28.1,98.0,9.5,10.4,47.2,19.4
2024-07-16,Kothrud,18.5074,73.8077,8.0,28.5,93.2,11.5,14.8,53.8,16.2
2024-07-17,Kothrud,18.5074,73.8077,10.5,28.7,91.5,8.8,11.0,55.1,19.3
2024-07-18,Kothrud,18.5074,73.8077,16.0,28.8,85.2,11.2,0.0,62.1,18.9
2024-07-19,Kothrud,18.5074,73.8077,13.7,27.9,82.5,13.3,0.0,66.8,18.4
2024-07-20,Kothrud,18.5074,73.8077,8.0,27.8,89.4,10.8,1.6,37.9,16.5
2024-07-21,Kothrud,18.5074,73.8077,8.0,29.5,89.5,11.2,27.9,26.9,12.6
2024-07-22,Kothrud,18.5074,73.8077,15.7,29.1,97.5,9.5,2.0,58.5,19.9
2024-07-23,Kothrud,18.5074,73.8077,8.0,28.1,94.5,10.5,22.8,52.3,21.2
2024-07-24,Kothrud,18.5074,73.8077,17.0,29.5,80.6,15.4,0.0,67.1,23.1
2024-07-25,Kothrud,18.5074,73.8077,21.7,26.9,86.3,12.0,0.0,71.1,20.4
2024-07-26,Kothrud,18.5074,73.8077,24.0,29.1,85.0,9.9,0.0,61.5,22.2
2024-07-27,Kothrud,18.5074,73.8077,16.9,27.7,88.1,11.3,0.0,51.8,14.5
2024-07-28,Kothrud,18.5074,73.8077,9.2,30.9,86.9,8.8,4.9,48.7,14.8
2024-07-29,Kothrud,18.5074,73.8077,20.3,25.4,83.0,9.9,0.0,65.6,23.0
2024-07-30,Kothrud,18.5074,73.8077,8.0,25.9,98.0,14.7,5.9,59.8,16.2
2024-07-31,Kothrud,18.5074,73.8077,14.5,27.1,89.3,11.7,12.8,54.5,18.6
2024-08-01,Kothrud,18.5074,73.8077,13.7,26.9,93.7,15.8,3.7,55.7,22.4
2024-08-02,Kothrud,18.5074,73.8077,8.0,28.6,92.8,11.8,18.7,47.9,19.1
2024-08-03,Kothrud,18.5074,73.8077,12.1,25.4,97.1,11.9,8.5,45.1,14.9
2024-08-04,Kothrud,18.5074,73.8077,19.4,27.1,98.0,13.3,3.4,45.6,14.9
2024-08-05,Kothrud,18.5074,73.8077,25.3,27.3,92.0,6.6,0.0,60.8,19.9
2024-08-06,Kothrud,18.5074,73.8077,28.4,26.6,77.7,12.4,0.0,66.2,22.3
2024-08-07,Kothrud,18.5074,73.8077,10.4,24.5,98.0,11.9,13.3,55.3,21.9
2024-08-08,Kothrud,18.5074,73.8077,17.3,27.2,98.0,14.9,18.2,49.2,19.6
2024-08-09,Kothrud,18.5074,73.8077,28.7,26.9,83.1,13.8,0.0,61.6,22.3
2024-08-10,Kothrud,18.5074,73.8077,8.0,26.0,98.0,9.6,18.3,42.6,16.5
2024-08-11,Kothrud,18.5074,73.8077,8.0,25.4,97.2,14.3,19.4,32.8,17.7
2024-08-12,Kothrud,18.5074,73.8077,20.3,25.3,98.0,11.3,3.3,62.3,17.0
2024-08-13,Kothrud,18.5074,73.8077,19.4,24.8,98.0,10.0,4.0,60.6,23.9
2024-08-14,Kothrud,18.5074,73.8077,8.0,25.5,89.4,12.1,15.3,51.5,20.2
2024-08-15,Kothrud,18.5074,73.8077,25.5,24.7,83.3,11.3,0.0,61.4,12.7
2024-08-16,Kothrud,18.5074,73.8077,19.5,23.5,83.4,14.7,0.0,55.0,23.7
2024-08-17,Kothrud,18.5074,73.8077,19.2,23.1,80.1,12.3,0.0,48.1,15.6
2024-08-18,Kothrud,18.5074,73.8077,8.0,23.3,98.0,12.0,3.4,39.1,14.6
2024-08-19,Kothrud,18.5074,73.8077,27.5,24.4,78.5,13.3,0.0,68.3,18.1
2024-08-20,Kothrud,18.5074,73.8077,19.5,24.0,78.0,13.6,0.0,62.4,20.7
2024-08-21,Kothrud,18.5074,73.8077,16.3,24.1,77.1,13.0,1.0,59.6,17.4
2024-08-22,Kothrud,18.5074,73.8077,26.5,24.3,65.9,14.2,0.0,68.7,18.2
2024-08-23,Kothrud,18.5074,73.8077,14.7,22.9,90.0,12.5,4.4,55.5,18.2
2024-08-24,Kothrud,18.5074,73.8077,8.0,25.3,86.5,11.5,30.8,28.5,14.9
2024-08-25,Kothrud,18.5074,73.8077,8.0,23.0,83.3,13.6,11.1,32.9,14.3
2024-08-26,Kothrud,18.5074,73.8077,13.4,22.7,95.8,10.9,5.5,66.7,21.7
2024-08-27,Kothrud,18.5074,73.8077,13.1,23.7,90.5,11.1,3.9,70.3,20.3
2024-08-28,Kothrud,18.5074,73.8077,8.0,20.8,87.2,14.4,3.3,52.9,20.6
2024-08-29,Kothrud,18.5074,73.8077,8.0,21.9,83.9,14.1,5.9,55.9,21.1
2024-08-30,Kothrud,18.5074,73.8077,21.1,23.9,72.5,10.8,0.0,63.2,19.4
2024-08-31,Kothrud,18.5074,73.8077,9.5,20.6,90.3,9.8,7.8,41.1,13.0
2024-09-01,Kothrud,18.5074,73.8077,8.0,23.9,80.6,13.5,13.1,40.9,20.1
2024-09-02,Kothrud,18.5074,73.8077,9.8,24.2,84.0,12.1,8.7,57.9,21.9
2024-09-03,Kothrud,18.5074,73.8077,29.6,21.8,72.7,11.1,0.0,64.9,23.6
2024-09-04,Kothrud,18.5074,73.8077,27.5,22.5,58.0,9.7,0.0,58.1,22.2
2024-09-05,Kothrud,18.5074,73.8077,24.6,23.4,66.7,11.0,0.0,63.9,18.4
2024-09-06,Kothrud,18.5074,73.8077,8.0,21.4,79.1,10.2,15.6,49.5,13.7
2024-09-07,Kothrud,18.5074,73.8077,8.0,22.9,79.9,8.8,10.9,40.1,12.5
2024-09-08,Kothrud,18.5074,73.8077,26.8,20.9,62.4,10.3,0.0,38.9,17.2
2024-09-09,Kothrud,18.5074,73.8077,14.3,21.0,79.9,10.5,6.0,57.9,19.3
2024-09-10,Kothrud,18.5074,73.8077,24.8,20.5,73.1,9.2,0.0,60.0,18.6
2024-09-11,Kothrud,18.5074,73.8077,27.6,21.8,61.2,11.6,0.0,67.6,13.4
2024-09-12,Kothrud,18.5074,73.8077,30.2,22.7,63.6,12.3,0.0,62.6,19.6
2024-09-13,Kothrud,18.5074,73.8077,28.7,20.9,71.4,11.6,0.0,63.5,16.9
2024-09-14,Kothrud,18.5074,73.8077,32.6,19.5,58.1,9.1,0.0,47.5,13.8
2024-09-15,Kothrud,18.5074,73.8077,8.0,19.7,84.2,11.1,17.6,28.2,17.7
2024-09-16,Kothrud,18.5074,73.8077,47.7,21.3,59.5,9.6,0.0,52.9,17.0
2024-09-17,Kothrud,18.5074,73.8077,29.5,23.0,82.8,6.9,8.7,56.9,17.3
2024-09-18,Kothrud,18.5074,73.8077,39.1,21.1,62.0,10.7,0.0,64.3,20.1
2024-09-19,Kothrud,18.5074,73.8077,19.4,20.1,74.2,9.5,5.5,59.0,21.8
2024-09-20,Kothrud,18.5074,73.8077,35.2,21.4,56.7,14.4,0.0,58.6,18.6
2024-09-21,Kothrud,18.5074,73.8077,38.3,20.1,53.3,12.0,0.0,46.4,19.3
2024-09-22,Kothrud,18.5074,73.8077,16.1,19.8,71.2,10.5,3.6,44.2,12.4
2024-09-23,Kothrud,18.5074,73.8077,8.0,19.0,74.8,9.5,14.3,59.6,16.0
2024-09-24,Kothrud,18.5074,73.8077,34.4,21.8,54.6,9.3,0.0,66.5,15.8
2024-09-25,Kothrud,18.5074,73.8077,9.1,17.0,67.6,6.9,9.3,55.5,15.5
2024-09-26,Kothrud,18.5074,73.8077,36.7,20.9,52.4,5.3,0.0,62.7,20.4
2024-09-27,Kothrud,18.5074,73.8077,37.1,19.3,58.1,7.0,0.0,64.3,17.2
2024-09-28,Kothrud,18.5074,73.8077,29.0,19.3,58.7,8.6,0.0,49.7,12.1
2024-09-29,Kothrud,18.5074,73.8077,23.8,21.7,63.8,4.4,4.9,53.4,16.5
2024-09-30,Kothrud,18.5074,73.8077,47.7,18.7,48.3,7.5,0.0,62.8,21.7
2024-10-01,Kothrud,18.5074,73.8077,41.7,18.7,53.1,8.0,0.0,68.7,22.2
2024-10-02,Kothrud,18.5074,73.8077,38.4,19.3,58.4,8.1,0.5,56.9,21.8
2024-10-03,Kothrud,18.5074,73.8077,34.6,19.9,56.1,7.1,0.0,59.7,17.3
2024-10-04,Kothrud,18.5074,73.8077,45.3,18.8,43.7,7.7,0.0,52.2,20.3
2024-10-05,Kothrud,18.5074,73.8077,50.0,17.3,48.2,11.8,0.0,48.4,16.8
2024-10-06,Kothrud,18.5074,73.8077,48.3,18.1,44.5,9.6,0.0,50.8,14.4
2024-10-07,Kothrud,18.5074,73.8077,43.0,20.6,47.4,7.1,0.0,50.1,20.0
2024-10-08,Kothrud,18.5074,73.8077,42.0,19.1,56.4,8.1,0.0,63.8,16.5
2024-10-09,Kothrud,18.5074,73.8077,45.9,19.5,40.9,8.1,0.0,65.9,18.0
2024-10-10,Kothrud,18.5074,73.8077,47.6,18.6,39.6,6.6,0.0,65.6,20.5
2024-10-11,Kothrud,18.5074,73.8077,52.4,18.0,43.3,6.6,0.0,56.9,23.4
2024-10-12,Kothrud,18.5074,73.8077,18.9,20.8,63.5,10.1,13.2,44.9,18.5
2024-10-13,Kothrud,18.5074,73.8077,51.9,18.5,49.9,7.2,0.0,47.6,17.3
2024-10-14,Kothrud,18.5074,73.8077,38.4,18.1,63.7,5.8,3.2,64.2,19.8
2024-10-15,Kothrud,18.5074,73.8077,46.7,19.9,52.2,7.9,0.0,62.3,19.4
2024-10-16,Kothrud,18.5074,73.8077,14.0,17.7,52.2,8.2,9.7,60.0,16.0
2024-10-17,Kothrud,18.5074,73.8077,47.2,17.8,51.7,4.0,0.0,68.4,17.5
2024-10-18,Kothrud,18.5074,73.8077,43.3,18.5,43.9,7.8,0.0,61.9,17.6
2024-10-19,Kothrud,18.5074,73.8077,42.8,18.4,48.8,9.6,0.0,49.0,17.0
2024-10-20,Kothrud,18.5074,73.8077,51.9,18.7,38.2,8.7,0.0,53.8,18.0
2024-10-21,Kothrud,18.5074,73.8077,56.0,20.8,44.6,12.2,0.0,62.2,21.4
2024-10-22,Kothrud,18.5074,73.8077,56.0,18.7,45.5,10.2,0.0,57.3,22.6
2024-10-23,Kothrud,18.5074,73.8077,47.1,15.4,49.8,10.5,0.0,66.3,19.8
2024-10-24,Kothrud,18.5074,73.8077,60.4,18.6,35.8,13.2,0.0,70.1,17.1
2024-10-25,Kothrud,18.5074,73.8077,50.7,18.2,43.7,9.1,0.0,69.3,19.5
2024-10-26,Kothrud,18.5074,73.8077,46.4,18.2,37.8,7.8,0.0,51.2,13.8
2024-10-27,Kothrud,18.5074,73.8077,46.0,18.4,45.5,9.4,0.0,35.9,17.2
2024-10-28,Kothrud,18.5074,73.8077,54.6,18.1,46.6,6.3,0.0,59.7,18.7
2024-10-29,Kothrud,18.5074,73.8077,48.8,18.0,48.9,7.6,0.0,60.0,19.4
2024-10-30,Kothrud,18.5074,73.8077,49.0,18.8,39.6,6.0,0.0,63.1,21.3
2024-10-31,Kothrud,18.5074,73.8077,55.0,17.4,46.7,8.1,0.0,71.3,17.7
2024-11-01,Kothrud,18.5074,73.8077,23.3,16.9,63.6,5.9,8.7,53.1,22.0
2024-11-02,Kothrud,18.5074,73.8077,50.4,21.7,33.3,5.8,0.0,58.8,12.2
2024-11-03,Kothrud,18.5074,73.8077,50.2,17.2,44.4,7.9,0.0,45.7,16.4
2024-11-04,Kothrud,18.5074,73.8077,48.9,18.1,45.9,6.8,0.0,59.1,19.4
2024-11-05,Kothrud,18.5074,73.8077,57.2,16.2,39.6,3.2,0.0,67.1,21.7
2024-11-06,Kothrud,18.5074,73.8077,54.6,18.1,34.6,4.1,0.0,67.5,16.2
2024-11-07,Kothrud,18.5074,73.8077,18.8,16.9,60.1,4.6,11.2,60.6,15.8
2024-11-08,Kothrud,18.5074,73.8077,58.1,17.5,34.2,5.1,0.0,59.1,21.5
2024-11-09,Kothrud,18.5074,73.8077,27.2,19.3,54.1,7.6,7.6,46.3,14.6
2024-11-10,Kothrud,18.5074,73.8077,57.6,18.6,39.6,7.2,0.0,42.4,15.4
2024-11-11,Kothrud,18.5074,73.8077,61.2,18.7,43.2,8.8,0.0,58.9,18.0
2024-11-12,Kothrud,18.5074,73.8077,67.6,15.9,36.2,8.2,0.0,62.4,21.9
2024-11-13,Kothrud,18.5074,73.8077,76.1,20.2,35.8,8.8,0.0,58.8,20.3
2024-11-14,Kothrud,18.5074,73.8077,77.8,16.6,39.5,7.8,0.0,68.2,20.2
2024-11-15,Kothrud,18.5074,73.8077,68.4,19.9,43.8,6.9,0.0,60.0,16.7
2024-11-16,Kothrud,18.5074,73.8077,57.2,19.3,50.0,8.7,0.0,46.5,16.9
2024-11-17,Kothrud,18.5074,73.8077,58.0,18.8,30.9,8.3,0.0,43.2,13.1
2024-11-18,Kothrud,18.5074,73.8077,70.4,17.1,39.8,7.1,0.0,68.1,18.0
2024-11-19,Kothrud,18.5074,73.8077,66.3,18.3,32.6,8.9,0.0,59.6,16.2
2024-11-20,Kothrud,18.5074,73.8077,62.4,17.6,42.9,1.6,0.0,68.6,19.2
2024-11-21,Kothrud,18.5074,73.8077,77.6,18.2,32.9,5.7,0.0,68.2,22.3
2024-11-22,Kothrud,18.5074,73.8077,29.7,17.9,49.1,5.6,10.0,55.7,20.2
2024-11-23,Kothrud,18.5074,73.8077,63.1,15.8,34.3,8.4,0.0,47.7,14.5
2024-11-24,Kothrud,18.5074,73.8077,73.9,19.6,36.7,9.2,0.0,45.2,15.9
2024-11-25,Kothrud,18.5074,73.8077,81.2,18.2,38.5,3.1,0.0,65.6,19.9
2024-11-26,Kothrud,18.5074,73.8077,83.9,17.8,39.2,8.8,0.0,61.9,19.8
2024-11-27,Kothrud,18.5074,73.8077,80.1,17.7,36.5,3.6,0.0,60.8,20.0
2024-11-28,Kothrud,18.5074,73.8077,75.9,18.9,29.8,3.6,0.0,63.1,17.0
2024-11-29,Kothrud,18.5074,73.8077,75.3,17.4,39.9,5.4,0.0,55.0,19.9
2024-11-30,Kothrud,18.5074,73.8077,65.2,15.8,35.8,5.2,0.0,47.2,11.2
2024-12-01,Kothrud,18.5074,73.8077,57.3,19.1,41.7,2.7,0.0,50.8,17.0
2024-12-02,Kothrud,18.5074,73.8077,85.6,19.3,32.2,7.0,0.0,63.6,16.8
2024-12-03,Kothrud,18.5074,73.8077,81.6,18.5,27.6,7.1,0.0,67.7,22.5
2024-12-04,Kothrud,18.5074,73.8077,25.1,17.4,50.3,7.8,11.0,55.5,13.5
2024-12-05,Kothrud,18.5074,73.8077,75.5,18.9,41.8,4.7,0.0,60.6,23.8
2024-12-06,Kothrud,18.5074,73.8077,75.4,17.1,35.9,5.5,0.0,57.3,15.5
2024-12-07,Kothrud,18.5074,73.8077,67.9,17.7,34.0,5.5,0.0,45.6,12.6
2024-12-08,Kothrud,18.5074,73.8077,80.9,18.1,30.5,8.9,0.0,57.4,16.3
2024-12-09,Kothrud,18.5074,73.8077,71.8,20.1,43.5,1.2,0.0,64.3,21.1
2024-12-10,Kothrud,18.5074,73.8077,76.7,18.7,29.4,3.5,0.0,60.0,18.9
2024-12-11,Kothrud,18.5074,73.8077,79.6,18.7,30.8,5.4,0.0,57.9,21.8
2024-12-12,Kothrud,18.5074,73.8077,70.5,21.6,37.1,3.2,0.0,54.9,17.6
2024-12-13,Kothrud,18.5074,73.8077,72.6,19.8,24.9,4.8,0.0,58.7,18.6
2024-12-14,Kothrud,18.5074,73.8077,75.9,19.8,40.4,5.0,0.0,51.4,14.8
2024-12-15,Kothrud,18.5074,73.8077,72.0,19.1,37.0,3.9,0.0,45.5,14.3
2024-12-16,Kothrud,18.5074,73.8077,80.0,18.9,38.3,5.3,0.0,58.1,14.8
2024-12-17,Kothrud,18.5074,73.8077,80.1,17.0,36.5,6.4,0.0,58.7,19.5
2024-12-18,Kothrud,18.5074,73.8077,77.5,20.9,32.8,4.7,0.0,66.1,19.3
2024-12-19,Kothrud,18.5074,73.8077,82.8,20.4,28.1,4.2,0.0,62.5,22.3
2024-12-20,Kothrud,18.5074,73.8077,78.4,19.7,32.6,4.7,0.0,59.8,16.4
2024-12-21,Kothrud,18.5074,73.8077,75.1,19.8,28.4,5.0,0.0,46.1,14.0
2024-12-22,Kothrud,18.5074,73.8077,26.3,21.0,50.6,1.5,10.6,53.3,18.6
2024-12-23,Kothrud,18.5074,73.8077,91.0,18.3,37.1,5.9,0.0,69.0,20.3
2024-12-24,Kothrud,18.5074,73.8077,46.9,19.6,55.3,4.1,7.9,66.3,21.0
2024-12-25,Kothrud,18.5074,73.8077,87.0,19.0,34.7,7.5,0.0,54.1,20.7
2024-12-26,Kothrud,18.5074,73.8077,88.9,22.6,37.4,6.1,0.0,62.1,20.7
2024-12-27,Kothrud,18.5074,73.8077,94.8,21.6,31.2,7.2,0.0,59.7,24.2
2024-12-28,Kothrud,18.5074,73.8077,69.3,18.0,30.2,2.9,0.0,50.3,15.8
2024-12-29,Kothrud,18.5074,73.8077,80.2,18.9,34.9,4.1,0.0,52.9,13.1
2024-12-30,Kothrud,18.5074,73.8077,86.7,20.7,30.6,2.4,0.0,64.5,21.2
2024-12-31,Kothrud,18.5074,73.8077,78.8,20.4,33.8,3.4,0.0,58.5,18.2
